,item_50971_last,item_50971_mean,item_50971_min,item_50971_max,item_50971_std,item_50971_count,item_50971_pct_abnormal,item_50983_last,item_50983_mean,item_50983_min,item_50983_max,item_50983_std,item_50983_count,item_50983_pct_abnormal,item_50912_last,item_50912_mean,item_50912_min,item_50912_max,item_50912_std,item_50912_count,item_50912_pct_abnormal,item_50902_last,item_50902_mean,item_50902_min,item_50902_max,item_50902_std,item_50902_count,item_50902_pct_abnormal,item_51006_last,item_51006_mean,item_51006_min,item_51006_max,item_51006_std,item_51006_count,item_51006_pct_abnormal,item_51221_last,item_51221_mean,item_51221_min,item_51221_max,item_51221_std,item_51221_count,item_51221_pct_abnormal,item_50882_last,item_50882_mean,item_50882_min,item_50882_max,item_50882_std,item_50882_count,item_50882_pct_abnormal,item_50868_last,item_50868_mean,item_50868_min,item_50868_max,item_50868_std,item_50868_count,item_50868_pct_abnormal,item_51265_last,item_51265_mean,item_51265_min,item_51265_max,item_51265_std,item_51265_count,item_51265_pct_abnormal,item_51222_last,item_51222_mean,item_51222_min,item_51222_max,item_51222_std,item_51222_count,item_51222_pct_abnormal,item_51277_last,item_51277_mean,item_51277_min,item_51277_max,item_51277_std,item_51277_count,item_51277_pct_abnormal,item_51279_last,item_51279_mean,item_51279_min,item_51279_max,item_51279_std,item_51279_count,item_51279_pct_abnormal,item_51301_last,item_51301_mean,item_51301_min,item_51301_max,item_51301_std,item_51301_count,item_51301_pct_abnormal,item_51249_last,item_51249_mean,item_51249_min,item_51249_max,item_51249_std,item_51249_count,item_51249_pct_abnormal,item_51250_last,item_51250_mean,item_51250_min,item_51250_max,item_51250_std,item_51250_count,item_51250_pct_abnormal,item_51248_last,item_51248_mean,item_51248_min,item_51248_max,item_51248_std,item_51248_count,item_51248_pct_abnormal,item_50931_last,item_50931_mean,item_50931_min,item_50931_max,item_50931_std,item_50931_count,item_50931_pct_abnormal,item_50960_last,item_50960_mean,item_50960_min,item_50960_max,item_50960_std,item_50960_count,item_50960_pct_abnormal,item_50893_last,item_50893_mean,item_50893_min,item_50893_max,item_50893_std,item_50893_count,item_50893_pct_abnormal,item_50970_last,item_50970_mean,item_50970_min,item_50970_max,item_50970_std,item_50970_count,item_50970_pct_abnormal
item_50971_last,1.0,0.7274191860134904,0.49305594481458204,0.7042686122415794,0.4141015916387012,0.1233112180816651,0.18670213065858945,-0.13538273657097824,-0.11539996127171351,-0.18834891256710518,-0.04521458625575806,0.09580994227227857,0.11806115642417282,0.33072157254196327,0.24518726777668012,0.24003568467898237,0.22087397748544943,0.2163610253308751,0.1373882045971443,0.08410763049533776,0.18218018104648617,-0.11972551190654361,-0.19707269455274012,-0.19608760468797898,-0.16685860554069057,-0.09572753576524498,0.11742412581544287,0.2774952399094317,0.2515122676791702,0.27299028210623466,0.2751272629306353,0.2526500056044537,0.12115622139814089,0.0857040197209068,0.23616520846717015,0.06603697272859103,0.06400340651116727,0.013114499958089219,0.10400351584475585,0.04205410585938541,0.11440582875969409,-0.07564028535166013,-0.12816673009285579,-0.0221670184432868,-0.13458665434857842,0.03148740208270389,0.13422707575522838,0.09434760988461494,0.1502770685093454,0.23289363566325177,0.22525826235549515,0.18458008429092532,0.22670497259294284,0.06769475010914283,0.09566539158146303,0.20301739155847595,-0.11157393201739338,-0.1411837266116268,-0.15453323449315168,-0.06309867709937385,0.028831261836150115,0.11458828684992317,0.025895146672093212,0.0355499783429879,0.06501358865626777,0.005022420802192787,0.10129130080172397,0.061058010132817454,0.11682191223694244,0.006732622291672569,0.04175142351992471,0.06529061282194823,0.03632277405501197,0.10191279718067524,0.1371051260853903,0.09765446799105613,-0.038593768517764124,0.015631975305094862,0.037718982454626925,-0.017291825822346132,0.0645223165757695,0.06661655863426055,0.09827772418003276,-0.05000342454576207,0.03705861767105008,0.06632169137524371,0.05762979549322728,0.06136748311804221,0.0439084667865255,0.10391301701799663,0.08668717070148033,0.01641020665317667,0.045183502022211074,0.014749002801914574,0.0661628791628471,-0.02033091800806257,0.09827772418003276,-0.03442060753112945,0.09359927849298577,0.06903569696216434,0.05602679138575942,0.09595402227245277,0.05881042990103407,0.09827772418003276,-0.08565487440746619,0.08077385285698364,0.07070215542611807,0.06981855021022856,0.07441003959973001,-0.0755896425376772,0.09827772418003276,-0.13603839199290949,0.16117973847880085,0.17004047997945237,0.13753749771711676,0.1312460098115329,0.0760548551105835,0.10176724821375713,0.1063201757082881,0.1378523696619113,0.2032140983773088,0.21750721160393102,0.02014106454083846,-0.09742849049904037,0.08108472317713453,0.09989325837624936,0.10714135409951557,0.04142256171472623,-0.05022302385865911,0.1232329182728116,0.1196458007378689,0.0678999543014001,-0.03589282189550668,0.35967854523685383,0.3759201544496468,0.2759514906236839,0.32414553157066156,0.18656516718013144,0.06710134751948534,0.18977365130907495
item_50971_mean,0.7274191860134904,1.0,0.7870558665649575,0.7181614683491399,0.36933114529266964,0.001286716969748173,0.15695265971828679,-0.1244846211415829,-0.1574727810814269,-0.20381198306288217,-0.1138339297692848,0.08910972119298256,-0.004717065222801744,0.3838693708326415,0.3263401127758407,0.3667887336841109,0.348445987803597,0.3454830416541316,0.28072334188532444,-0.012950341999695428,0.25682320756889215,-0.19873299302577938,-0.23216772725508641,-0.185720036955071,-0.22367423827770966,-0.11204087467097543,-0.003723758188399902,0.23601502428616508,0.27652441633059194,0.357083273702667,0.35613612522353694,0.3017017766749199,0.19149669740480665,-0.011096548161395856,0.3277897227783088,-0.04274818500652982,-0.04316517806517339,-0.04601837958075163,-0.03525295482211824,0.02357642003287329,0.010591427610664575,0.08520601951603661,-0.033109148986812935,-0.1206257738793383,-0.09820491665389712,-0.12704093634777452,0.006779119827919716,-0.00974995468390259,0.14874565819667745,0.2074437561577406,0.34586898534730914,0.32504850960529086,0.2573850591084091,0.11447559364379785,-0.009579520096532703,0.2572862891062127,-0.1035735608665465,-0.08609228390399226,-0.07191055453187062,-0.073990362966492,-0.05678541966377384,0.008246105072264547,-0.04658019084532696,-0.051292633562965075,-0.05414376563674175,-0.06006328386285021,-0.043490927575853926,0.05136459899932439,0.01268519508405799,0.0954197260985422,-0.013666290690359864,0.011320838394354757,0.00686452376645373,0.01087454259759588,0.007497743618512849,0.01684607600036962,-0.06809881345769157,-0.08618840782630473,-0.09569714153970778,-0.09860789866752757,-0.08360884898367395,0.05247004843098523,0.016391303149097067,0.05482280866298789,0.09565221694929046,0.14655723187021782,0.1480915640936243,0.1494577549592956,0.1289046749638368,0.011535384685126058,0.11858338232739946,-0.006438171564102027,-0.036075287626813085,-0.024272424548939277,-0.048644380741691993,-0.11676725784885997,0.016391303149097067,0.04930421505186984,0.1351122545636012,0.15952150223487926,0.15785261971982745,0.16007379583646397,0.01589794742068052,0.016391303149097067,-0.0060763397202475145,0.09525807350621288,0.09388626748552265,0.09552174775610676,0.0905117782652805,-0.0660211572915433,0.016391303149097067,-0.11528205193415147,0.08857302599076416,0.2044557755879298,0.22532506812133507,0.058270627502959506,0.0390490545366657,-0.01306860084953541,0.09266553644604388,0.1354440688911974,0.3225031774150555,0.3086389277149531,0.09625417096587421,0.003971704593682692,-0.0184528712069384,0.23149012790876425,-0.014725919926501642,0.05058840290607082,-0.01635239310039751,0.07960264616075813,0.1889133732123136,-0.014145310302911471,-0.07754959636199678,0.36808417453938064,0.513384147954686,0.43989845772275965,0.374162767836481,0.24372109718569196,-0.017017414700809603,0.17807846491622611
item_50971_min,0.49305594481458204,0.7870558665649575,1.0,0.2539892692108648,-0.10378495171610021,-0.45829933538703777,0.01712013050642667,-0.1206526064289797,-0.12695632206148652,0.10134329139952797,-0.3084582858156093,-0.18892448157710293,-0.4627708705349617,0.21847886346097156,0.16693045947389673,0.22307335896355301,0.325564787185264,0.11621698749318785,0.03203481144438787,-0.4742818240362924,0.05708399364745177,-0.1754630925525476,-0.1690327738297714,0.12342762906823919,-0.36268187805227203,-0.3457806194152266,-0.4621840120451463,0.08855906047646005,-0.00048118862826508884,0.08486338831789375,0.2595650679228831,-0.06147013899277044,-0.14808404004184153,-0.4719992981469878,0.06228705256411431,0.011052381469581762,0.013934646837137457,0.13327639588734325,-0.1488538386531441,-0.12446323071257685,-0.39875230011874585,-0.042584080564422234,0.07345848336829948,-0.012039699041576691,0.2520824476627764,-0.2851723464638292,-0.2764251689483192,-0.46165230602579493,-0.06815519157741998,0.05083699172127208,0.15386839190538168,0.41372598164389285,-0.10266881610978552,-0.12569039082591513,-0.4606640966233052,0.09328059552337178,0.03991575895394708,0.08204225826143155,0.19193117748455865,-0.13310214733737463,-0.2845264940471003,-0.40495026706040516,-0.14963327509503596,0.03907419749272177,0.007844303843039382,0.12570501343115012,-0.1413841911181072,-0.04868412900814048,-0.40137888695725243,-0.03843086387930624,-0.14130536190163276,-0.1365389475254588,-0.07302850804353049,-0.19409227895271533,-0.19337664067382077,-0.4097758798829921,-0.17011605735917304,-0.0038766346543674104,-0.03655243144051081,0.07369341918006611,-0.166900626655104,-0.040771538159722794,-0.4094208653143283,0.002774096223992906,0.07264052959977212,0.12104000309619657,0.20408539883021654,0.01819570048814106,0.01004576107865777,-0.40228072184220415,0.0025675194843317833,0.05960894130780619,-0.047413706166507925,0.09123932653973249,-0.17225287359621072,-0.2397554571218649,-0.4094208653143283,0.09867824847956158,0.05573860271832418,0.12813399027184108,0.20047237338349408,0.0408313291117467,-0.2436013062469716,-0.4094208653143283,0.00859724767322772,0.06429430146609019,0.06782781523073776,0.11204875272738492,0.020633369707273204,-0.04983384506874145,-0.4094208653143283,-0.02620229329338023,-0.007998232722535888,0.04339326168511131,0.3811811755302939,-0.2231721314297561,-0.12555881500929122,-0.4604531607200813,0.06126954157390088,0.010341962278953854,0.08729748935131823,0.41104638847125863,-0.17138404227081905,-0.15021384024636464,-0.47633128436234573,0.1329114472994477,0.0865442626172704,0.1621009981306601,0.30357504406205216,-0.12568532120558057,-0.10356177218383125,-0.46484183639261095,-0.19090245933790578,0.20714731714447882,0.33725520002349896,0.5284672863074906,-0.00562193811874279,-0.11611522494602022,-0.4664399515309393,0.095088750627927
item_50971_max,0.7042686122415794,0.7181614683491399,0.2539892692108648,1.0,0.7481958786662813,0.5182937655205139,0.24926954488205355,-0.055345693577365414,-0.0814894234786735,-0.3514812504492873,0.1451762943601253,0.30148152199455275,0.5145214839443805,0.35408128044234,0.3461802138967502,0.34559083852999495,0.22048723305267268,0.4051248950691543,0.39385854074017057,0.492599140472254,0.35447121822508587,-0.10971669257681671,-0.18637792202935596,-0.3454225605154676,0.012237922280280656,0.09048531459782098,0.5150337851443183,0.3111667662983776,0.40552963468036884,0.42745264954169176,0.2730135334762628,0.47672110182017935,0.39794839996881404,0.49457794848265857,0.42956791864340854,-0.020247799328999085,-0.015103952936302357,-0.13881588291079985,0.15065061981178304,0.1398611133040502,0.4552206226362544,0.08357132794199962,-0.14629756860128282,-0.12402141442719708,-0.3793874741007146,0.090590169834034,0.253229612935267,0.5006751190459974,0.2743693501445419,0.3054811175308884,0.3796202032926616,0.12352356288107208,0.49887786024653713,0.2755216493515572,0.5005056766445002,0.28651009891023355,-0.22107713798926343,-0.21635596717254715,-0.28571303108042195,-0.023311546009805246,0.10339391209576305,0.475343072024376,0.08071521336998813,-0.06930804637564283,-0.047349066249605685,-0.16884537481085024,0.11162610389259539,0.09916252007226034,0.47409435064193095,0.1307044325176611,0.2157591519945043,0.23703504530906241,0.16714800793632764,0.2847585791785325,0.22117951543728243,0.4864430053562658,0.13368278407187995,-0.03346175215819429,-0.007770087913149938,-0.13106650643844794,0.1380221012090394,0.11775564560676258,0.48507575192695646,0.0024587277927929545,0.025892033225144453,0.048540569647894966,-0.02863538893283135,0.1349969350915611,0.107216742080722,0.466796457103956,0.11498593083927197,-0.10581635359835208,-0.0656544080400225,-0.1961090554779404,0.05092370840178749,0.078786605579235,0.48507575192695646,0.057997578386984,0.06192026705370314,0.02254959088076455,-0.05500438229041461,0.12396226992192837,0.2682008719942075,0.48507575192695646,0.011332247634579965,-0.0034565255663262856,-0.022701205449126575,-0.05975990064757703,0.017758131292180967,-0.0742857075531542,0.48507575192695646,-0.12876319063682026,0.10626401334865028,0.22190189582581665,-0.0430879466022653,0.28680325529040135,0.14048256785997146,0.499560824741234,0.046411300463564974,0.16795037319030434,0.3329433601703463,0.029865259941085565,0.23193193299139123,0.07395858147127997,0.49501878651811454,0.17068284954775098,-0.07745328346685401,-0.05347695275214468,-0.32054837870454006,0.3135790891818762,0.38863927402054876,0.4863632096579748,0.062280315550911985,0.39030252565621476,0.439475509768266,0.15593166683273993,0.5887677742968965,0.4079479011517654,0.48345543580375633,0.16340858291921567
item_50971_std,0.4141015916387012,0.36933114529266964,-0.10378495171610021,0.7481958786662813,1.0,0.34805369210830295,0.5142857170401244,-0.041616926746547815,-0.06718878100681512,-0.31336023086686143,0.1401167189341052,0.3379286671792238,0.34757531761626054,0.4034066050022738,0.22618459694591456,0.2660308796808509,0.11140322676839587,0.34010396304937085,0.43067586342044795,0.34805476463717316,0.2334572333801358,-0.04399983873243418,-0.11377762504815433,-0.2833539248370515,0.026720858198949374,0.20909761757733117,0.3484087932623307,0.1931975741835283,0.29297996908646967,0.36269793004241757,0.22363873668043888,0.3874330457994728,0.40335538268383675,0.34813934903389415,0.2877750061053642,0.13521350120880107,0.14101217398400673,0.07757578737068968,0.2127856972395936,0.10881960189614459,0.26556095598483154,-0.02673946308948483,-0.15148224297570978,-0.15184200233116085,-0.37109964798306755,0.06833582643736799,0.33488367266287644,0.34731355940268444,0.20555499351396544,0.2253910985023807,0.3112811227709207,0.08165899983802526,0.4347982056175846,0.3803484204535525,0.34608890756448507,0.10468149211358146,-0.11808344408110033,-0.07066287809402808,-0.1097931320570947,0.063275943767958,0.1697989307234836,0.2941531433497576,0.052516455362153894,0.08051150347285695,0.0903791322271334,0.03435188208017168,0.1719804259030378,0.06637105881860492,0.2932622061943979,0.02175978898581003,0.13393382653890934,0.1567439486454189,0.12662766746709211,0.1625664469381364,0.11323026468708655,0.31337355753691337,0.12954141957622642,0.14283277578964707,0.1593842953850654,0.09500025887944774,0.22694028687755619,0.06113466415673612,0.3114466735089437,-0.07170609120173338,-0.05465341964451692,-0.041454822897986326,-0.07327052539135637,0.013179868986192975,0.031019189176080753,0.2886289161663153,0.09602612094599562,-0.1528345664131,-0.13008674260206507,-0.1863821428467319,-0.06205825122266352,0.13300327994955033,0.3114466735089437,-0.010399783959921862,0.004855068733966016,-0.030412994299578267,-0.07099977460198678,0.035730516751568395,0.23031185372281535,0.3114466735089437,0.0313822728004989,-0.06624048551322918,-0.0981289538412126,-0.10162943806221575,-0.09559379593166269,-0.1467994176239551,0.3114466735089437,-0.01747096477026011,0.08992761107353937,0.19997365881322685,-0.008416482872431059,0.2973080317537255,0.2499474356217746,0.3463433258142041,0.028473942155217164,0.10624120872485841,0.25877811200113776,-0.09448651016261303,0.2817015822472835,0.27664807796896085,0.34535255209125754,0.17929400555268796,-0.09208266333520307,-0.12226552111925217,-0.311194950467192,0.1863675129220183,0.3909316499875472,0.3374211496529036,0.0951133476590274,0.24918060164904202,0.30407132755290434,0.12518323503562898,0.3808948682789074,0.3272504476724855,0.3352002391910262,0.24643587707143313
item_50971_count,0.1233112180816651,0.001286716969748173,-0.45829933538703777,0.5182937655205139,0.34805369210830295,1.0,0.07455200324209892,0.09193138289539649,0.06712651666073272,-0.29458791364305215,0.34074107032848583,0.3466669366705563,0.9994879312414584,0.1049792491998683,0.20919494973575123,0.12945083137774002,-0.03245972708214799,0.27021890035138735,0.2783028791370761,0.9915560382072478,0.3101592027557693,0.04091653928630747,-0.013853148767965747,-0.31257705516033746,0.2880429865813932,0.2760721066285665,0.9994876227485485,0.20734814980995525,0.4882906322620478,0.36822056549100723,0.07349149839364562,0.5737030958240485,0.5460480909885683,0.9917013757778922,0.338886932193497,-0.1813877097846501,-0.12658750624824472,-0.324120716846067,0.1780513194746226,0.2865200652952975,0.905518150504327,0.11909633158733726,-0.16935999094115003,-0.12938090428264212,-0.5271473410911133,0.25087184464678725,0.4328212898005481,0.995576185778942,0.3055314280991402,0.24654158900334064,0.2612962215129968,-0.14710609201888808,0.5110175286951782,0.31318343675463395,0.9958548426507706,0.24844524826413397,-0.21722735145632707,-0.2711664824104292,-0.4357102391800323,0.1584735808071012,0.4108954075154453,0.924632373181537,0.22193495508911956,-0.23171117093670432,-0.1405605015943177,-0.3447917995099572,0.13044596423660232,0.1784271121176787,0.91860334735716,0.13205398437267718,0.2531976983445131,0.29189289163819054,0.1446025480247368,0.4694142090238497,0.5993481184423476,0.9166844452511472,0.2471868035559465,-0.2127932258615325,-0.1286588552832771,-0.3112092455850844,0.11336982841220876,0.1679450856009065,0.9175600723001948,0.01065369263393158,-0.05598377670719446,-0.06706180247966585,-0.20019602725472296,0.12088835061814368,0.12124806843749827,0.9188946260369771,0.06684404029071062,-0.14156735283465052,0.0017151507927643229,-0.25021563780343326,0.22599392059992054,0.33154265894972496,0.9175600723001948,-0.06670074673586605,0.132926501690094,0.01963427342526894,-0.12934856270676504,0.1923488052977787,0.5640321819568432,0.9175600723001948,-0.04065317203868596,0.03546211423715727,0.014200082788868338,-0.07468657563806089,0.11031905933300733,0.1359809521150364,0.9175600723001948,-0.12221606546909605,0.05844455905129989,0.0874722806336666,-0.3096782548649508,0.27603051169987974,0.05999097253396697,0.9937286537602007,0.020646614553652326,0.057586359140457864,0.13077751502385282,-0.2796311641320433,0.197271946665809,0.02758257670439228,0.9905138889726594,-0.04938079749397162,-0.08244545637693806,-0.0650327902371269,-0.4477960746029133,0.4475170356334813,0.39138355022653504,0.9833977500682825,0.09557166215731598,0.21393059967281947,0.1324796712580927,-0.3037736058989711,0.6129861851986619,0.5860489090020381,0.9831798785866196,-0.006688931322055908
item_50971_pct_abnormal,0.18670213065858945,0.15695265971828679,0.01712013050642667,0.24926954488205355,0.5142857170401244,0.07455200324209892,1.0,-0.008014466184749523,-0.028058968202907857,-0.09831083332072525,0.017011705188193938,0.18301153765703504,0.06970507761397003,0.2700607183116142,0.1562176832124633,0.15522432674226638,0.10616951480906657,0.1824810725458984,0.2959780784055963,0.07358855608228852,0.21656901334667406,-0.06675155106163003,-0.08177085296064748,-0.1256036290263485,-0.058246107314384225,0.061710167201516064,0.06889572230487082,0.21775006307222136,0.22180034316200894,0.2556051681546143,0.22884263220710702,0.22353740448265694,0.26131155079254154,0.07375822583834694,0.19725283556759485,-0.027739668732434258,-0.10243415728080857,-0.07315298794993687,-0.10442938787680557,-0.05517456410997727,0.04481572526057888,0.12266641542285601,-0.08753139354916108,-0.0520905599702897,-0.100359238581208,0.00542818207637337,0.12005137745395109,0.07324680031976416,0.1395837624305405,0.13433996997377465,0.10192017531085966,0.03830132060917809,0.11501798847155977,0.14629746819583384,0.07351672097865258,0.12406785265213344,-0.0063342158058708594,0.004302969567172185,-0.013521277219119492,0.03680015143128914,0.13064883560568336,0.07523921573093977,0.09642060868191638,-0.08693941051561996,-0.15974047507198105,-0.13293682467146203,-0.15648892908791734,-0.12678088440183022,0.07202020453439756,0.1122972782872937,0.16866158282948565,0.18710686356094353,0.18831595094372824,0.16311233820740859,0.04874723068937186,0.07911081484251171,0.1762386562884108,-0.041119690117893376,-0.09484366620666262,-0.0828193284202885,-0.0879529042011534,-0.09074452258790706,0.07834315577304933,0.08409370233775973,0.07759371598377916,0.055902818319835776,0.04047118938118189,0.07342743756302737,0.09621756313322569,0.0697184033660268,0.15945800348848888,-0.17299550983550435,-0.19830805990075184,-0.22450217146943482,-0.1532327849179222,0.186758998417276,0.07834315577304933,0.1147928857850456,0.02332820865457332,0.01801969445123163,0.01115076015733221,0.030315768688394508,0.00951835154833661,0.07834315577304933,-0.0633317669043874,-0.06807206159335902,-0.08706517607421506,-0.09360047025237689,-0.0787601942498802,0.04154055874189591,0.07834315577304933,-0.09606316476241962,0.014818715333645337,0.0552825778711921,0.061533217052805296,0.12000675085940052,0.12053641142338566,0.07846716471092184,0.08344799604244017,0.18029192267753333,0.1515854238784984,0.0605859949256414,0.09756277232360928,0.12582541841523173,0.07034684420487639,0.10544208870916418,-0.1116606282981386,-0.16874004233690285,-0.15458512440256522,-0.0679530354195703,0.055445516609887835,0.07527932448705042,0.2137108689073451,0.20471147510668286,0.21129899040957137,0.13413975366007538,0.20962774949727755,0.21997342672356435,0.07837669826272302,0.12467876445791351
item_50983_last,-0.13538273657097824,-0.1244846211415829,-0.1206526064289797,-0.055345693577365414,-0.041616926746547815,0.09193138289539649,-0.008014466184749523,1.0,0.9021198224632191,0.6393093124483995,0.8314692967110479,0.3310087641017875,0.0996313984193541,-0.13827619959229098,0.0009394928019984261,0.044698479327056014,-0.009038038909051884,0.06621539689321254,0.13861426462935755,0.11758343679440408,0.009978436670916942,0.7943257320090976,0.6958297957606515,0.5525502556478002,0.681477683569877,0.24757227800255202,0.09923274776522736,0.10230688840778586,-0.0013980136593957696,0.008014695052305456,-0.04128886569883264,0.05432288545411794,0.17670586347831277,0.11551701170365193,0.008730996192613995,0.002982546036430515,0.014757863251034743,-0.0066392838880801434,0.04713986312521466,0.07931651792115751,0.06814178133224641,-0.1092386578081774,0.10502118833022006,0.061378640266288635,-0.022321156293150013,0.032243362216745765,0.08988259338091895,0.10441444868491484,-0.15850154695019458,-0.09919599479579853,0.0013547508646872136,0.02176430205313943,0.02779519552458276,0.006942383643302371,0.09997025193957308,-0.06881294639114864,0.010740482191112856,0.05361674534625701,0.009827314477629561,0.16451619253988842,0.23510183721659775,0.07588111769659536,-0.07267861223955313,-0.019633945318770257,-0.04429549764809185,-0.041540440953844904,-0.010823124019502252,-0.008673556147484983,0.07568945724083771,-0.058408325388515196,0.04582022496278851,0.025110136620680176,0.013809384954102418,0.03454705539660612,0.04429543796007816,0.08616683419389909,0.009746106403948289,0.0026382119258931925,-0.013880522781347495,-0.01925141788974812,0.019379977924792516,0.020327679753700898,0.08585619785391213,-0.08146395950903945,-0.053769815305586964,-0.0870525240851184,-0.09042972299987846,-0.06084696798586177,-0.011955184001266236,0.08190883565217356,-0.16484704450455662,-0.13087824591785543,-0.16114393860909643,-0.16865024926291233,-0.1164660538392091,0.08664269997093933,0.08585619785391213,0.06008637077765035,-0.00042750273651422175,0.017318250917221466,0.008032031016551382,0.016974527680384408,0.02014609285341155,0.08585619785391213,-0.1157174606882692,-0.07027293391071163,-0.06647478637785079,-0.07471190342355026,-0.055971297708130245,0.06630863866855255,0.08585619785391213,-0.10078832966244597,-0.13260154570213165,-0.1176642838567082,-0.20847839147160807,-0.0967980915162747,-0.05089280543678121,0.10680113104523618,-0.06792747836463403,-0.020023490587124347,0.03673950363759355,-0.08754392118581587,0.09765168680947904,0.10626494420723186,0.11048757314111253,-0.06568281977944762,0.08373497763388667,0.10851877104578324,-0.11080798412398628,0.16775991322232198,0.22860715405591883,0.12130113302366793,-0.0918756319916875,-0.14586858269184116,-0.08107255149611298,-0.08086982554445174,-0.054683809682983676,-0.06268474237707211,0.11684423095309308,0.028801867113202113
item_50983_mean,-0.11539996127171351,-0.1574727810814269,-0.12695632206148652,-0.0814894234786735,-0.06718878100681512,0.06712651666073272,-0.028058968202907857,0.9021198224632191,1.0,0.7233300264322013,0.8921790192362521,0.33242465732294285,0.07512937172798526,-0.15997265954374593,-0.02216637424346128,-0.010345815113888811,-0.06218050437832225,0.012169622282620607,0.10876109809905858,0.08273284302074445,-0.07112360566769975,0.7409627994272627,0.7885101317044334,0.6235406446867283,0.7395869081331468,0.23522394107357902,0.07478805440200925,0.13740829723677764,-0.043750601908741214,-0.046737605905437095,-0.09523190151435122,-1.2111223624591734e-05,0.13799903852087342,0.08229437365184636,-0.0382025369059385,0.029019493626821182,0.030020074313954207,0.010165673296890448,0.07469723892807076,0.11651551650155592,0.043074205401459315,-0.12255454994527581,0.10775606446214551,0.12468260127229237,0.03568764717785833,0.1173257424044095,0.1173210555306335,0.0758894956413757,-0.20488467661984844,-0.11227951940229457,-0.06256310989595645,-0.045098318910199234,-0.045782298453141516,-0.02923406344907944,0.07072617870201829,-0.11758807429587824,0.020681111057233442,0.053042952601389165,0.029897802797682144,0.10740759501143908,0.13308805328509207,0.03753567035671648,-0.11088720828598006,-0.0054671486232020965,-0.023943731103824823,-0.02412112679337383,0.01965069744196864,0.06827595959966458,0.03743381747406791,-0.051728986928044986,-0.0003811870700236465,-0.011996268752708816,-0.02082054946345332,-0.009764238806558015,0.01975734949495462,0.04851700013221636,0.023619553050747324,0.014521232398890726,0.004377550986299481,-0.00405463400506416,0.04628115081001429,0.09380375037190607,0.04791834372177208,-0.06967076703461249,-0.03919490859167073,-0.06265983793255356,-0.06207342635930466,-0.05128308500207066,-0.02126558846086366,0.041303638290445414,-0.17860869729668208,-0.12499907909231353,-0.16618819482016997,-0.17706403239736085,-0.12237328116109841,0.11897627277792369,0.04791834372177208,0.008495758043588708,-0.005524303736025388,0.01628506089874678,0.01077796728647898,0.019916837383062772,0.02863879542879084,0.04791834372177208,-0.12358548216231469,-0.07066886301553273,-0.06917544259872335,-0.07862313549990727,-0.05841081840102748,0.11256233806986177,0.04791834372177208,-0.10565864797269024,-0.09940703104872439,-0.11298208035920412,-0.21765177874047886,-0.07592605412302891,-0.016485902755679325,0.07555571872976684,-0.03791700336545959,-0.010423111918879376,0.01346826287649456,-0.0983460709709253,0.10035830955325115,0.12704978160054028,0.08003801820675245,-0.04752749805052921,0.08374792788076015,0.07465875904600272,-0.11435460170273185,0.13714398822839474,0.20803381900696427,0.08503895754245959,-0.07038710105625978,-0.15869873618675315,-0.1254812557382082,-0.1040602888037757,-0.10351478541001508,-0.10078424083853715,0.08136091096181233,-0.00961762131809778
item_50983_min,-0.18834891256710518,-0.20381198306288217,0.10134329139952797,-0.3514812504492873,-0.31336023086686143,-0.29458791364305215,-0.09831083332072525,0.6393093124483995,0.7233300264322013,1.0,0.3809624169644624,-0.4192679380295251,-0.29396723137611747,-0.32042000465047304,-0.06990231632939722,-0.04332145471883999,-0.01784718132355461,-0.0815159772727838,0.003451970250833644,-0.29255819497183194,-0.16459241263865554,0.5097496691639198,0.5513830110785657,0.7801090246875227,0.3138227161036234,-0.3036887958332084,-0.29422062593754456,-0.0466305320898005,-0.1830837403108773,-0.17744359840101157,-0.0936509826522824,-0.2196929944971231,-0.09545419298832628,-0.2920349640588512,-0.1804687590517496,0.050523796434497024,0.03940948236994684,0.10604476023477166,-0.06974511746904975,-0.08239461225116798,-0.23005503950029338,-0.17175364896170367,0.15601372241713643,0.181219491999204,0.2960599524036693,0.006064963465373101,-0.055270154339624344,-0.2878911796747694,-0.32408907171052015,-0.13080158243746326,-0.10687137069060493,0.0827761880099502,-0.21593659500598714,-0.10336701782921812,-0.2861197421468103,-0.1516325296709509,0.07075787490958707,0.12716437766766792,0.19728347061461038,-0.03244834351985642,-0.20011073566130444,-0.24083899185024907,-0.09466429215897784,0.05051203328210035,0.016576758955241105,0.1015926566035407,-0.08314135416869606,-0.07221853375601352,-0.2440573369953462,-0.12901431577277567,-0.09139472348381793,-0.09929246575386884,-0.06342154051900639,-0.13598580365020152,-0.10022228518377133,-0.2430724405984876,-0.01235911807324609,0.04717016201783827,0.01732066071447168,0.09133683942556733,-0.07392039135736976,-0.07043441353822762,-0.24295275790060192,-0.08937890370085792,-0.08320123345678215,-0.0960821088748673,-0.036408715287254804,-0.16734790416794007,-0.1754030639665212,-0.23965957022403483,-0.2740301722761762,-0.03229735176388068,-0.08164641839515016,0.0006457655891142756,-0.1443375492493825,-0.040506416920292575,-0.24295275790060192,-0.015691554486655643,-0.02888593766665881,0.007911602654691307,0.05745850094374418,-0.05087889456051618,-0.1390977204938494,-0.24295275790060192,-0.0857316063432491,-0.03967295262084112,-0.02904710941224673,-0.011141844576717972,-0.04911632506663242,0.14405539951922067,-0.24295275790060192,-0.0018274510541413927,-0.17128739470722806,-0.25918362266131617,-0.015959620912392964,-0.33096775514269994,-0.2234956917004203,-0.27815516012068164,-0.05815294872538461,-0.0225328616061155,-0.14424445660964685,0.13459831364087407,-0.31939429674147823,-0.2526849808045781,-0.29921187415453226,-0.05734175687964569,0.17949662627947122,0.19182190540637403,0.24385737561028434,-0.04566068084872674,-0.13362607515475658,-0.28396995104706585,-0.19352735308602528,-0.11766290055516603,-0.1051708111080253,0.10021671972754242,-0.27645471010791645,-0.2964041061861803,-0.28420627921817676,-0.039233002663676284
item_50983_max,-0.04521458625575806,-0.1138339297692848,-0.3084582858156093,0.1451762943601253,0.1401167189341052,0.34074107032848583,0.017011705188193938,0.8314692967110479,0.8921790192362521,0.3809624169644624,1.0,0.6263363177689822,0.3503533797849208,-0.02062456154836898,0.060335460645478636,0.038960466084715206,-0.07690387289509272,0.11389285033248561,0.1985716908340799,0.35984518357207573,0.04121431224896584,0.7053603049597498,0.7150591587160375,0.350903990776007,0.8349809443499598,0.47218508046590435,0.3499744601320464,0.22518965915432473,0.08496024420160131,0.06515625744099206,-0.07808385861638195,0.16788469309579473,0.2649131311542532,0.3588193057246837,0.08056089785961235,0.010495240408786424,0.028099763017799363,-0.0602220608644628,0.17204404871317358,0.1910243919871393,0.2620834716845965,-0.0551097262928547,0.015367437534984426,0.021504617060645815,-0.205459596626095,0.16789201968169085,0.2317033493155024,0.3442447775643586,-0.021659645676498644,-0.04089315553517375,0.022701967083736216,-0.11714756521093456,0.14929695709175334,0.07888813299386195,0.33706709780543537,-0.020189308195009255,-0.05607409307476104,-0.036965055953796976,-0.1203089494617796,0.15276993805049194,0.27238064657195915,0.26150222372796345,-0.05376885543157289,-0.0326487242307944,-0.024825962274327554,-0.09822449190613496,0.11587469483378499,0.13203246241580963,0.26268147104592915,0.006176928000903137,0.07325613334468452,0.05795832673554011,0.014347361885914449,0.09065925215652032,0.10055727375877999,0.28121564345945727,0.05971813522626458,0.0008193419905890954,0.015414356631638907,-0.06093877728885796,0.14399846271452837,0.15527530056177044,0.28008226253448115,-0.058815266641387365,-0.04142138508802447,-0.059938812886604693,-0.10823511713632868,0.004669962433106736,0.02795993922693554,0.2659601234210721,-0.10513207707150599,-0.13697187769122415,-0.14487117887027207,-0.23264766787582938,-0.03266579365487938,0.19867507904444076,0.28008226253448115,-0.009522512656214432,-0.009585511943080221,-0.008940407938427729,-0.053242184660828015,0.045751037086604836,0.1322948922682874,0.28008226253448115,-0.12099509842238171,-0.07979670278963512,-0.08149594427930812,-0.1110155555486364,-0.047987635448674494,0.05790787852989484,0.28008226253448115,-0.16371554916160427,-0.048557224814416544,0.025547801238254557,-0.30497912444102343,0.13966641241726271,0.10742683790293152,0.3402114613858275,-0.010783644941620077,0.005617391679091361,0.09839601704737237,-0.2563600926361779,0.29742061282384924,0.2528321201823992,0.36060135794258114,-0.03941023015958457,-0.007062872354329962,-0.034597440168788296,-0.359175837274887,0.23912466431822768,0.37533362494532235,0.3577675836911207,0.04070098588139414,-0.11177051341688375,-0.08636367498502437,-0.21166398889701235,0.08243117932648948,0.059450257369485275,0.35277333140160544,0.02232636960855633
item_50983_std,0.09580994227227857,0.08910972119298256,-0.18892448157710293,0.30148152199455275,0.3379286671792238,0.3466669366705563,0.18301153765703504,0.3310087641017875,0.33242465732294285,-0.4192679380295251,0.6263363177689822,1.0,0.3558194958721775,0.34085922342197483,0.05675493140933023,0.031085413974839226,-0.0510453047160871,0.0963737403906188,0.1395639223547753,0.36378528898337326,0.07102747642618863,0.34261250641404817,0.3340917843124518,-0.1422769798812502,0.5207632655782837,0.6907819497895006,0.3554914734220297,0.19828179130967646,0.12225389459771155,0.1247756394154374,0.002828931591461248,0.20401171035182478,0.22520182626888122,0.3617056795824276,0.08086265454352655,0.002046743401662214,0.03594104166192868,-0.011727038532569532,0.14845146167104206,0.22076453492337444,0.2114890679671186,0.006977749354200359,-0.1211305884811448,-0.17544634875076498,-0.3378596462861196,-0.025968886113590755,0.19432263765386237,0.3520514588050956,0.18656982422457694,-0.0042548359764553395,0.06596003707633578,-0.05135761313735681,0.150438675173792,0.09116328385354308,0.34394615276422547,-0.0007681151217327736,0.008492247461260385,0.01373970730599435,-0.07921093116860871,0.23309039181892183,0.3895148618781107,0.22593931995207153,-0.09264182214414647,-0.02999558654097128,-0.010741448850129369,-0.06112450180082163,0.1043637531807813,0.19673031145150172,0.22562452405162506,0.05929249420863654,0.02327127197348275,0.014557627919799705,-0.01615112057127493,0.04854199087418941,0.10872365137728782,0.2404077601088971,-0.053104270484376395,0.01196629628599298,0.039147039966067866,-0.013269476907305785,0.1435526067799294,0.21709924927573107,0.23938171904746744,-0.0149505337797286,0.06061484054472883,0.060552190152901746,0.03169221443291052,0.11967877398001914,0.15895871990717336,0.2265385112318126,0.10717764574173957,-0.13941022051194463,-0.15839152717675345,-0.2232155168457796,-0.0606450069732153,0.2568126679461531,0.23938171904746744,-0.007528829995689978,0.0017289732392584687,-0.002890146410184239,-0.04059231847759873,0.04486882957137996,0.1633851726008585,0.23938171904746744,0.02779526374569651,-0.07397656545306999,-0.09138714040194885,-0.10014017554279678,-0.0809072264425139,-0.04647417990662933,0.23938171904746744,-0.1036486189418764,0.07706036070336345,0.21935514787905724,-0.102803337760691,0.30776036897157016,0.29297929536802214,0.34221520909597103,0.03387981376795953,-0.14485721962724826,0.07118373346298884,-0.33683965307697417,0.4503933182747031,0.4215512046406654,0.3713308641211894,-0.052850424321638736,-0.1563376220590167,-0.17552654862015382,-0.430357821357269,0.1528579721982049,0.4062396859334302,0.3604316434599773,0.17084153165921506,-0.11635612322467416,-0.05115367241347223,-0.17526225212966173,0.13183322789285293,0.15687341339444064,0.3558847731386056,0.05300279576268626
item_50983_count,0.11806115642417282,-0.004717065222801744,-0.4627708705349617,0.5145214839443805,0.34757531761626054,0.9994879312414584,0.06970507761397003,0.0996313984193541,0.07512937172798526,-0.29396723137611747,0.3503533797849208,0.3558194958721775,1.0,0.10474677257137509,0.20869635962068658,0.12885744525869508,-0.033487997521882924,0.2699782688260808,0.2787692706436877,0.9923736128038143,0.30750257553352467,0.048942468809589655,-0.006232931522547842,-0.3095729695538689,0.297067150993552,0.2839182599799069,0.9999080002240495,0.2090521511875787,0.48636328224152175,0.3657817130806134,0.069785880115567,0.5729848692452904,0.5487332057972352,0.9925273743494262,0.33711308849020344,-0.17726596956041293,-0.12264650015742457,-0.3205019652194462,0.1824831776424571,0.28856342786716527,0.9054274198125314,0.11584891971986461,-0.16803046660576737,-0.127928303292318,-0.5275441643963766,0.25333965649914325,0.4352127314415334,0.996402056206533,0.30370542448358284,0.2447164685417933,0.2604563329238973,-0.14954753428287912,0.5112160916053062,0.31624555730445925,0.9963960876606182,0.2485423395540539,-0.21749409332746103,-0.26983775904055723,-0.4341472992914835,0.16006769694812806,0.41212171238159684,0.9244279713470442,0.21983554803533076,-0.22852275559718982,-0.13760016413803489,-0.3419182722564874,0.13392558394449236,0.18052404863539528,0.9184766105695126,0.12905020913356252,0.25191982974987287,0.29025928284956154,0.14318974617963084,0.46771415505606057,0.5980045926002048,0.9166593846725998,0.2465797988892925,-0.2089386678555846,-0.12448310511886976,-0.30735417112519026,0.11802929032985973,0.17037873070783238,0.917526103884664,0.007732468774328156,-0.06005440121020943,-0.0718522736229736,-0.2045190813425876,0.11715847678367777,0.11916199638873849,0.9187685407668017,0.0646660470154971,-0.1419563212349296,-0.0007317218130407847,-0.2519905405520164,0.22336553400045703,0.3295628978569956,0.917526103884664,-0.06420283683809475,0.13066794752906563,0.01762775106289893,-0.1312942726588536,0.19051155548728224,0.5642936690744295,0.917526103884664,-0.042227888794509345,0.03333476780189588,0.011281630707891994,-0.07731663062209633,0.10760571005781298,0.1349113681818942,0.917526103884664,-0.12325057909596839,0.0536970441574786,0.08425448347795815,-0.31729014334972827,0.27575017946139135,0.062097328074254735,0.9941599763378496,0.019340233138582012,0.05439919520685804,0.12915955869070728,-0.2884175779896931,0.2035090016902668,0.03666599384011043,0.9915020418825304,-0.04981613198085788,-0.08089994149326364,-0.06454773094326977,-0.4527594614719682,0.44966150226106827,0.3980484722019956,0.9846083622931326,0.09543192886399973,0.21048394716504373,0.12898313079009782,-0.3074462084178494,0.6104396435082198,0.583871280588908,0.984457837727778,-0.009241451243141071
item_50983_pct_abnormal,0.33072157254196327,0.3838693708326415,0.21847886346097156,0.35408128044234,0.4034066050022738,0.1049792491998683,0.2700607183116142,-0.13827619959229098,-0.15997265954374593,-0.32042000465047304,-0.02062456154836898,0.34085922342197483,0.10474677257137509,1.0,0.3378265363780779,0.28103686984340887,0.2868266314926775,0.2544558039281443,0.14016355873144218,0.10900672204468904,0.36119097567799946,-0.1496987864666524,-0.17084423226448767,-0.26047619381161213,-0.07624950298278178,0.23100556764954042,0.1037637608637304,0.4853143586148814,0.43131432867484554,0.46264690677126,0.45600076897954067,0.3879282293810845,0.2672534296025994,0.1087665568609,0.4231572742795991,-0.01066650753072131,-0.0451495584747583,-0.014985840767483648,-0.050443555376001564,0.08920208203248445,0.018013384422477435,-0.015087015681495553,-0.24862073948416125,-0.2789197731505996,-0.2816714241389896,-0.18509807528297742,0.10124789855752095,0.10565986910979364,0.3648665363023764,0.3030322791134533,0.3518497167247503,0.28927483319371794,0.28440366473120104,0.16349702633996444,0.10215437595658514,0.24363313473418713,-0.13130483350327735,-0.10926462634817323,-0.09251500537305098,-0.07959899678129773,0.030904691643882088,0.04246189955985659,0.008120028289236114,-0.01254416025966176,-0.04251973698306385,-0.017074714895329704,-0.04581456741008699,0.021515859821155902,0.04222020849525838,0.04085824784837502,0.08679602655448253,0.0935108182593983,0.09670741655434381,0.08312484110442707,0.069172136643011,0.05180992023797428,0.03779267625161243,-0.07190688877285599,-0.1072394644351059,-0.07428946655897709,-0.10422452258058057,0.030170513611564042,0.05114731371633349,0.036827287066309666,-0.03936863485257834,-0.026860931736128132,-0.037000280889827826,0.002931903106034851,0.08338294994505897,0.0438419663325065,0.007110022493541852,0.025859546222113873,0.008337901895085147,-0.003901496590711353,-0.001409566114928706,0.052006967559686486,0.05114731371633349,0.0375801999207786,0.17156700529655633,0.1847699593298979,0.17343895710847973,0.1953166154773488,0.16494857932013904,0.05114731371633349,-0.06265414135349458,0.14615223977613928,0.1406430519311754,0.1446911747793801,0.13049253301700914,-0.06575779046439996,0.05114731371633349,-0.092969198527155,0.027419311686513684,0.19531610111400757,0.11636047297747512,0.15865553030620538,0.13973980641671058,0.10570127566364185,0.15236576575546523,0.1381003482720827,0.2335665113723061,0.03585866738272483,0.2764179851545855,0.27322628246226593,0.1030118768088577,0.07597890347330001,0.02380289631755467,0.044571526812608474,-0.12662656602519543,0.14459500101992961,0.321952035933477,0.1031834658007712,-0.08740853579016679,0.27067427387214543,0.285779704723279,0.19182233639346527,0.2528404784458206,0.26558424846810896,0.10406378032419383,0.17563690819480612
item_50912_last,0.24518726777668012,0.3263401127758407,0.16693045947389673,0.3461802138967502,0.22618459694591456,0.20919494973575123,0.1562176832124633,0.0009394928019984261,-0.02216637424346128,-0.06990231632939722,0.060335460645478636,0.05675493140933023,0.20869635962068658,0.3378265363780779,1.0,0.9338658620643222,0.8838063426974438,0.9126796434833099,0.6926583025178163,0.22093925381566404,0.6648912119412664,-0.18473920449831413,-0.23349461146928233,-0.23832103883273695,-0.13096936858423122,-0.00046357716270911486,0.2078676693059514,0.3362102328892786,0.6999090818092034,0.7451447849627522,0.6661009927778954,0.6947383226053312,0.5764817045080972,0.22482765027710536,0.626572024810404,-0.04458364591309716,-0.08595225285979542,-0.09017560762486526,-0.04735734998597016,0.0011990030109370565,0.16376169374666497,0.07022158956479392,-0.3960686249573325,-0.35628423045434654,-0.3708491741374768,-0.2116110341356481,0.0798908865830456,0.21785066555929364,0.38371161129352044,0.654782296332146,0.692499402477236,0.5625132306520366,0.5950124343592844,0.25649937976119097,0.21803224253467138,0.7118980099280382,-0.20901505031365053,-0.23606904310884347,-0.21755977404327279,-0.16255100032482608,-0.07970584985600129,0.1916759478253087,0.17835673020232515,-0.10847458330248078,-0.1183700802184909,-0.13318448989342827,-0.08739942989689664,-0.027869546933155954,0.19269699459429876,0.11210322983731802,0.28110241545295045,0.3044705967141779,0.2845751255471674,0.31819950745167863,0.2288713485682337,0.18123646908963217,0.2755091990856225,-0.1038796304235044,-0.11941282864915988,-0.12611894407880572,-0.09374480520318625,-0.05241426747435343,0.1820116319591362,0.07322296216734447,0.023390406264347265,0.04125663154051238,-0.008012871568776241,0.08628650578180157,0.1270048754012153,0.1885155847219146,0.03495583527561688,-0.15453857148212574,-0.09993085202555228,-0.13360281873620386,-0.052655224000764826,0.012048456900706772,0.1820116319591362,0.07266169908505382,0.14683691980557786,0.1281573375132364,0.0872124958714448,0.1746846739280685,0.2743818600641662,0.1820116319591362,0.019550750590606982,0.03655139880384004,0.048684928760544185,0.029081710633460465,0.06978980676995616,0.06573297069452232,0.1820116319591362,-0.06625526393801955,-0.015458883766948588,0.021658106412924885,-0.0795842246321517,0.08412946641316338,0.02017378789511286,0.2240615950565482,-0.10499901581407459,0.16189310538884952,0.24505354092061618,0.07467094102316632,0.0915376845377033,0.037252239588948646,0.21300674867123293,0.13302743702326003,-0.0059218695644631175,0.0047222571770130116,-0.19791185002577463,0.16606179509673424,0.3192386821589842,0.22401635710810927,-0.007942544006503186,0.6562934718229683,0.6589655594524201,0.4929038895108407,0.6257380792824427,0.36909039444530356,0.22449844186186385,0.2912151471425176
item_50912_mean,0.24003568467898237,0.3667887336841109,0.22307335896355301,0.34559083852999495,0.2660308796808509,0.12945083137774002,0.15522432674226638,0.044698479327056014,-0.010345815113888811,-0.04332145471883999,0.038960466084715206,0.031085413974839226,0.12885744525869508,0.28103686984340887,0.9338658620643222,1.0,0.9402651718299108,0.9644241255786168,0.786693628597104,0.14192241657483048,0.6220732158292307,-0.17280264217970961,-0.24578752299282303,-0.2346951639652892,-0.17088378197431675,-0.00825725525221473,0.12821978672522974,0.28545180372479306,0.5899036270322708,0.7161235617917254,0.6536171903453668,0.6522198859818925,0.5655817938271567,0.14457564607971313,0.5886649851721475,-0.0185370979645536,-0.06580247875402054,-0.05284237691823768,-0.059912112400470015,-0.06338794663487803,0.08149700212205435,0.08228687768186305,-0.2576090727585173,-0.2904948902071381,-0.2900124894449921,-0.18608378690823396,0.08039514067872247,0.1375626070654934,0.30157751300937735,0.5370715751097159,0.6611593965702228,0.5552522187764604,0.5577009311242702,0.28498574919587993,0.13787138339459082,0.6646714399014739,-0.15612513378259302,-0.16306269901616427,-0.14992922471361228,-0.11068053755737518,-0.048157450525656106,0.10980992162608749,0.09897574787881984,-0.08653779169781395,-0.11065553524976952,-0.10276728490277146,-0.1067993365935312,-0.09522461078907998,0.1100166416020789,0.11994974214133682,0.24312760882485793,0.2557921923859288,0.24776210489172953,0.2483165003030242,0.13820104710483683,0.10677632081223705,0.25967661201213826,-0.08445580577786478,-0.10970226519891273,-0.09706287119416582,-0.10862653199754708,-0.1152325108715392,0.10700549531294744,0.08807933538347032,-0.029203149904072613,-0.011454399038141772,-0.04075770546691953,0.024166267970135175,0.06462832053034899,0.1084791544754598,-0.005184728010428269,-0.18375305319812138,-0.14081967307768456,-0.1476556771769142,-0.11822432785382893,-0.0704677120220079,0.10700549531294744,0.1217754057346936,0.16464924087899585,0.14793354746667864,0.11977309122767449,0.17421994235853486,0.20424349390274224,0.10700549531294744,0.024186849694274634,0.034930262934275765,0.04342616876603572,0.03185489426019946,0.05269576051494166,0.03333813858960417,0.10700549531294744,-0.03230391198110559,-0.05363897168836159,-0.006735883700896824,-0.06745691078416592,0.03020784778251811,-0.0011718144443101791,0.14277779979317742,-0.13999999178506747,0.16651305471616046,0.29817166791326427,0.14595860629399562,0.11668291272120233,0.0775477424110053,0.13445136539043642,0.15159403086726478,-0.002091944951030006,0.036849865112765924,-0.11285708460651132,0.16228041717656638,0.2739567222867131,0.14538451933121124,-0.023380540469539187,0.5983041913867753,0.6780282164858876,0.5406229957048679,0.5734482513795938,0.2766724802328392,0.14531852388016983,0.31420847960034914
item_50912_min,0.22087397748544943,0.348445987803597,0.325564787185264,0.22048723305267268,0.11140322676839587,-0.03245972708214799,0.10616951480906657,-0.009038038909051884,-0.06218050437832225,-0.01784718132355461,-0.07690387289509272,-0.0510453047160871,-0.033487997521882924,0.2868266314926775,0.8838063426974438,0.9402651718299108,1.0,0.8257422375636788,0.5337458468365416,-0.02329286536795303,0.5687649669613052,-0.18820385462652614,-0.24972495478787296,-0.163690807703126,-0.2522200139372794,-0.11205698278031506,-0.03411245058315586,0.2619277111634207,0.49967313931297785,0.6393567625240142,0.6962835622886102,0.5090224001877177,0.3447995232465565,-0.0204681439758601,0.5290536161342941,-0.0669402395632548,-0.12322377020017548,-0.06464905474088498,-0.16875786432685544,-0.1008510877699831,-0.050869758237194404,0.0980793541686591,-0.253754037685143,-0.2859568425404477,-0.1852003961614682,-0.27482927213769004,-0.060499331881830945,-0.02603800178196408,0.26110599831206743,0.4631983918547707,0.5711485169701473,0.5851418512054067,0.405700243306025,0.13262154413073116,-0.025409351972151818,0.6181525618500646,-0.11154585027716774,-0.10776405390142282,-0.06688279823157728,-0.11775777035219671,-0.10427768517058716,-0.02967990380482126,0.053860716925707194,-0.11659368307411104,-0.1559561206237015,-0.105630266712881,-0.19622711005799787,-0.10622272800673889,-0.027638371459057932,0.13464975810601007,0.2135630427544019,0.2190531044747207,0.2306838958362816,0.1916412341506345,0.09679977813968457,-0.034771842272874956,0.19999851923198425,-0.12796349810927848,-0.16831317053674832,-0.11596029790460112,-0.2078940446861692,-0.12315620412685034,-0.03433516486482985,0.11244924165575855,-0.020311222992115407,-0.0061244086606364045,0.0013171574220238265,-0.017686206362605178,0.0042639855102388205,-0.029515423992740167,-0.05785327933430089,-0.1409070673137706,-0.12786423459779148,-0.09457562863255986,-0.1469779350243553,-0.1125135123985291,-0.03433516486482985,0.10742415443315217,0.1601771855852836,0.17103470616084446,0.17057689309470406,0.165944616652826,0.11099671603924807,-0.03433516486482985,0.04575085294513788,0.05359757554486552,0.0691635171529059,0.07228226131895152,0.061351300977872406,0.03756077742824414,-0.03433516486482985,-0.0063355559928688285,-0.06187617020930626,-0.052827614925152304,0.005963225779082923,-0.06229603743133038,-0.06316092116661882,-0.020545954196973564,-0.14285391942054904,0.12904530814867138,0.19984953791901716,0.1936784107798593,0.032249022115614,0.015252849670351952,-0.029070246947839024,0.09435751845572475,0.04083544748894285,0.07806871559366932,0.04940905178780673,0.06850691904151707,0.08345423678038667,-0.02115508638566058,-0.06243197942856194,0.5267107810910274,0.6110421959485185,0.5797069565207617,0.4134542578437082,0.12318034855096952,-0.021205777540370372,0.29715021455603174
item_50912_max,0.2163610253308751,0.3454830416541316,0.11621698749318785,0.4051248950691543,0.34010396304937085,0.27021890035138735,0.1824810725458984,0.06621539689321254,0.012169622282620607,-0.0815159772727838,0.11389285033248561,0.0963737403906188,0.2699782688260808,0.2544558039281443,0.9126796434833099,0.9644241255786168,0.8257422375636788,1.0,0.8958295336844715,0.2854493287572465,0.6190632818877284,-0.1588652686693104,-0.2331051581269005,-0.28368379784670583,-0.09814084312965207,0.06808488733342323,0.2693952610610456,0.29214265462493405,0.6343609873526261,0.7257226004517615,0.5778419350630639,0.7257508337832345,0.6793630525825907,0.28768690045575146,0.5904654021875334,-0.0055001153721954965,-0.03559975650344004,-0.06291369209849157,0.022134284109651736,-0.014067501683269815,0.21143283692729054,0.07969577098756427,-0.2633640534955581,-0.2856315994305313,-0.36267911004162656,-0.11103767034055465,0.17394393354984894,0.2800359339071879,0.3217251415261907,0.5677914426099858,0.685371566400264,0.4872599192998977,0.6452561211073431,0.38259279042920935,0.28032803091791064,0.6578774963920675,-0.18921012439606183,-0.20615438091751662,-0.2160288557305843,-0.09233032259897243,0.006076941384455066,0.24210966948884838,0.14321625450307504,-0.07918369792280258,-0.08377145395945242,-0.11454907905084852,-0.03625870596567691,-0.0652234144665397,0.24135010268825377,0.11367609747977785,0.25218903426176936,0.275266021898154,0.2477757858636695,0.2974474585217842,0.2001859972078534,0.2367279877846042,0.2933747269848827,-0.0662162057842039,-0.07316537722868904,-0.09630501256235985,-0.03259899208409277,-0.0890539067671849,0.2371913172831352,0.07107117456951631,-0.01674575432874196,-0.0007166592492167268,-0.061845432950370156,0.07345846120696504,0.12222209851025986,0.23999454706980916,0.03627472112494226,-0.20049893318022027,-0.13402813386964343,-0.1793856136432005,-0.07234627923454763,-0.01192464094027851,0.2371913172831352,0.12061199989497841,0.15627676461090642,0.11735338344565124,0.06568107503608613,0.17374625023285928,0.2808360307077932,0.2371913172831352,0.020430766554008502,0.01896734242900281,0.02179911899611672,-0.004435397390402312,0.04892348410647777,0.04963471323691321,0.2371913172831352,-0.042082349111326176,-0.03087936503979749,0.027591891473601804,-0.12310176257686412,0.10662223829276661,0.04746817049162831,0.2847465567767505,-0.12378317607340704,0.16035756687213357,0.32959162776587253,0.08104034812976177,0.16267356695525634,0.10360398764765637,0.27686195975551303,0.16724085107948466,-0.043153994934369055,0.0015521616801366144,-0.22712586305893753,0.22695988189932442,0.376754127445101,0.2892906641196779,0.009212713947625446,0.6070429636804388,0.6681107309786678,0.45514984969369904,0.6677973741105234,0.3884904005936291,0.2890666412651055,0.29186304579236994
item_50912_std,0.1373882045971443,0.28072334188532444,0.03203481144438787,0.39385854074017057,0.43067586342044795,0.2783028791370761,0.2959780784055963,0.13861426462935755,0.10876109809905858,0.003451970250833644,0.1985716908340799,0.1395639223547753,0.2787692706436877,0.14016355873144218,0.6926583025178163,0.786693628597104,0.5337458468365416,0.8958295336844715,1.0,0.2928439911259512,0.4502321014810157,-0.0846878274920375,-0.14518548146267357,-0.2365913601463943,-0.0020208682872877855,0.1569439472789117,0.27835003268987024,0.20023560369939086,0.47671369160133653,0.5703852484321302,0.3449342886519809,0.6199338898624391,0.7181858152583965,0.29427046603207624,0.42368922851393714,0.13068472254609084,0.12791163402173042,0.0930019961749323,0.1730508050792319,-0.02203175878263231,0.20480609327517543,-0.0200338677150466,-0.13503335512528167,-0.17056079939897176,-0.3126013462708929,0.02268120611319397,0.28315625322036725,0.28885915530008727,0.22173982032673173,0.4446492704041782,0.5798402471100967,0.3617461378183399,0.5912497755045537,0.4732686848289412,0.28881561688439694,0.447816975975947,-0.1373193671891772,-0.15326801664352935,-0.17462997468550612,-0.04024762076270047,0.04554986354192105,0.23634176712831093,0.12093623203507503,0.05078328706205401,0.06059352947660327,0.02812304145391717,0.09619146332512361,-0.07963425298884139,0.232328798036879,0.009933051946277334,0.16022253430673278,0.18495057725548245,0.16310690892996157,0.20504828556053006,0.1272423183039256,0.23483959458739503,0.2705681313770804,0.09445182944115814,0.10684270997694564,0.07630474720833563,0.13776568411272513,-0.09549957007578537,0.23477415716511776,-0.012472464544934014,-0.004631549463918585,0.012166635534648048,-0.06411971246313478,0.09444389864338731,0.1536688526631096,0.2318864249513217,0.08589907080090979,-0.22658442659075245,-0.17005741126878426,-0.20887155049830608,-0.10291340701936516,0.024179158152173964,0.23477415716511776,0.15325375024703725,0.07295405409046615,0.01770245131334646,-0.032764810147632446,0.0760091522275421,0.2492621160489121,0.23477415716511776,-0.024382595468376202,-0.0630002266349132,-0.07769463805381539,-0.1000793398259205,-0.05375283183677044,0.004418085350039826,0.23477415716511776,-0.03682582529474177,-0.03626416829623278,0.04234722777243188,-0.14357495683967897,0.14156831191446015,0.11402304517294269,0.2929910637066428,-0.14548969384934324,0.11416898337068769,0.3696372505553048,0.04430562789290432,0.19510731874721776,0.16767004867530005,0.28331696220850855,0.20038367901533377,-0.09291196054236432,-0.029008269320234457,-0.3116779862906144,0.2501350906922341,0.4834028086935675,0.2958117502223569,0.019982324054428992,0.4604251121758246,0.5201189108288236,0.3248697645201178,0.5767374601704135,0.378374436845579,0.2960087549026382,0.23989837129616004
item_50912_count,0.08410763049533776,-0.012950341999695428,-0.4742818240362924,0.492599140472254,0.34805476463717316,0.9915560382072478,0.07358855608228852,0.11758343679440408,0.08273284302074445,-0.29255819497183194,0.35984518357207573,0.36378528898337326,0.9923736128038143,0.10900672204468904,0.22093925381566404,0.14192241657483048,-0.02329286536795303,0.2854493287572465,0.2928439911259512,1.0,0.3247901231511706,0.05053681761105481,-0.009216315658551176,-0.3121161443284095,0.2926624837881288,0.2825055915092424,0.992150656539744,0.19865547374201584,0.5024449041380982,0.38946544628797414,0.08775971171605611,0.5931804637626348,0.5650270180454325,0.9998380037042636,0.34663238132105134,-0.16463590163302297,-0.11878067397275488,-0.31219634505085564,0.18735866111779903,0.2835217938712906,0.9007256978915158,0.11946083457592087,-0.1591347100599315,-0.1256292502483782,-0.5364110611960042,0.2678144984116733,0.4577286185922663,0.9948021550883961,0.3026977177984068,0.2500857564189314,0.2723550418434481,-0.14834597871029265,0.5287451431044589,0.3337420320843824,0.9945815039962483,0.25762242232925114,-0.20304672208410002,-0.25748408125603084,-0.42860091623510227,0.1859533708803862,0.4411305516276922,0.9210259962465365,0.2115939726649887,-0.22381192375608525,-0.13959221959407,-0.34071828913347096,0.13680081554561954,0.17221611443166596,0.9192365709544664,0.12817927695949038,0.2607700901064899,0.29773206090232757,0.15391120624928648,0.47001687678782733,0.5819616478889622,0.9203789259608218,0.2536371827814902,-0.19662925397278128,-0.11855594816982064,-0.2997308554013948,0.12922131912631368,0.1629922138201239,0.9210567634246964,0.008213242779260837,-0.06312487308767395,-0.07506241994494207,-0.20782414333817528,0.115478181188311,0.12022959785466884,0.920310056670646,0.057403259184484565,-0.16272140626467238,-0.02209250728961917,-0.2698146760939581,0.20470777028733658,0.32375322085887304,0.9210567634246964,-0.0516227606178868,0.12222821216823607,0.012456625911356005,-0.13691906605123746,0.18519084184054732,0.5642153724163277,0.9210567634246964,-0.030921026756894295,0.01615475410408481,-0.0034165011225307552,-0.09360388949679686,0.09280663038609144,0.13370527470696733,0.9210567634246964,-0.1086928221466789,0.07026874972255992,0.09835213661691745,-0.3184713014619888,0.28427884331687236,0.06755203386230038,0.9933643833847928,0.018628025155365057,0.0487411209401076,0.12664687238127081,-0.29536290027112083,0.1983732150772887,0.031620221113618785,0.9965285063008394,-0.048954635493122685,-0.09427603254745354,-0.0827837787025923,-0.47143923359992496,0.4258061521386001,0.39884020804272846,0.9953904986918466,0.10465938219783776,0.22031371275316827,0.14295106812936587,-0.30032923692670976,0.6097324389525365,0.5809443414807781,0.9952551103851609,-0.015008213922456106
item_50912_pct_abnormal,0.18218018104648617,0.25682320756889215,0.05708399364745177,0.35447121822508587,0.2334572333801358,0.3101592027557693,0.21656901334667406,0.009978436670916942,-0.07112360566769975,-0.16459241263865554,0.04121431224896584,0.07102747642618863,0.30750257553352467,0.36119097567799946,0.6648912119412664,0.6220732158292307,0.5687649669613052,0.6190632818877284,0.4502321014810157,0.3247901231511706,1.0,-0.22771719609203456,-0.28349206978420627,-0.3119684995784645,-0.16181821187307438,-0.028623643724592616,0.3061941158671926,0.36754695289362976,0.6899422814235631,0.7250706701186806,0.6610303905100655,0.6669123465190523,0.47338084735733027,0.3266132620142524,0.7475267292412929,-0.051713958008309475,-0.07958537835352007,-0.0785298122736315,-0.027008542551542072,0.02009575297706025,0.22133563963666728,0.10489753987516935,-0.22409942069578948,-0.20532827975470794,-0.3124354913038846,-0.04561461551378402,0.1548866832047572,0.3158788641331934,0.34050220379439833,0.5244078916121914,0.5344014017843274,0.3750968572278103,0.5087432432546893,0.22215850268652362,0.3151737007611801,0.4762479223864499,-0.16106732725756226,-0.1538646223967927,-0.19060343534668406,-0.028557028237818676,0.12925199108760618,0.2628235650431451,0.19288478023495984,-0.14736510109598963,-0.14189561680786722,-0.15234648346813912,-0.09040123419481896,-0.039321177552594,0.2662149858779494,0.1769150652641362,0.28898614262466804,0.3050592301936234,0.2812583940925013,0.3223891702074925,0.19652306869318953,0.261359904247985,0.263596249791005,-0.14917679109024418,-0.13978650989253774,-0.14520578261144837,-0.09289083551950622,-0.054032994312223415,0.26175265542260084,0.07212588733443062,0.01620142590162543,0.016066944136745902,-0.045337215707043604,0.08572242853821499,0.17049764343093454,0.2636163396327493,0.0018763443232990655,-0.25549512870068947,-0.2070863811006061,-0.264439709563354,-0.13050754174174464,0.1025288447310287,0.26175265542260084,0.06531358424102834,0.20146625321248882,0.17618710350006284,0.1273967019195883,0.22238194001321954,0.27850759094645433,0.26175265542260084,-0.012799937301194676,0.0368398534706992,0.03737035359949343,0.01730101098078396,0.06251161285899981,0.03297874034061547,0.26175265542260084,-0.05073103566376312,0.013200145559638768,0.06708855377576137,-0.09120388663552784,0.11605720984129353,0.014845796439369084,0.32097038082919105,-0.1534588935894807,0.1927721264919668,0.30262312932934904,0.07592683428089414,0.15458020178433896,0.052445110309899706,0.32208887782099954,0.09771716968710294,0.05803900431416498,0.06738691217053916,-0.16800746015727305,0.2296108690195541,0.30188302992314814,0.3295570457616643,-0.07382840453777575,0.5021062672461583,0.5187898108146809,0.3059389458494881,0.543916007500633,0.3756827975506085,0.32941706007967647,0.21150825554155897
item_50902_last,-0.11972551190654361,-0.19873299302577938,-0.1754630925525476,-0.10971669257681671,-0.04399983873243418,0.04091653928630747,-0.06675155106163003,0.7943257320090976,0.7409627994272627,0.5097496691639198,0.7053603049597498,0.34261250641404817,0.048942468809589655,-0.1496987864666524,-0.18473920449831413,-0.17280264217970961,-0.18820385462652614,-0.1588652686693104,-0.0846878274920375,0.05053681761105481,-0.22771719609203456,1.0,0.8933287858205677,0.7053056242407242,0.8336655989298443,0.31036380286190346,0.04741021049950263,0.06398658461541426,-0.1680383692944687,-0.19983991184153352,-0.20574305560806577,-0.13975171898058716,-0.015773437097442743,0.04620235722296013,-0.12483874762319232,-0.11241203461294881,-0.07474288322739454,-0.1046298535732911,-0.021283483688088287,0.18181878035431254,0.06114294389307715,-0.02041472373583355,-0.17780623756038358,-0.2066612840503836,-0.2167476838248048,-0.17009173816233752,0.12222793872268851,0.05133716065249129,0.01820519139132353,-0.3122709689750262,-0.2218701866503595,-0.20727182434385835,-0.1259525577563376,0.022084027892376158,0.04720520834428679,-0.2554367172561681,-0.05047071121199267,-0.012009513850130788,-0.030856376425349732,0.06790497479596798,0.13061083353428216,0.05641499589343287,-0.09720822691395302,-0.09238472328792026,-0.07496517299725612,-0.09512487029792227,-0.01356180883772937,0.1673197489808334,0.05120278273008315,-0.02300171527546278,-0.12998445205897743,-0.1389969162320553,-0.16862963700717254,-0.09656785635881451,0.0853532233305323,0.05669467458538472,-0.09862390777088001,-0.10885882653195186,-0.08830514053331445,-0.10556176428942617,-0.03867702772150744,0.17123618985117264,0.05673214820572487,0.007509489467308015,0.04135380086910484,0.0063695436913636695,0.0055773311597343105,0.01141314972004073,0.03531287791201644,0.05664178300219992,-0.1586425110207105,0.05712129002154886,0.02320502844482977,-0.003270156289884528,0.05882733651790314,0.15540986777093538,0.05673214820572487,-0.0017739930967956487,-0.02985156372532577,-0.008443159405355711,-0.018053844627466228,-0.0026911642933796108,0.05310019197567973,0.05673214820572487,-0.10891001309480752,0.0021322562097870553,0.00481268825887726,0.001558104475375759,0.010515417311250663,0.06952812109395452,0.05673214820572487,-0.1327834516298649,-0.15961720262628465,-0.09239249297862856,-0.17098631071760145,-0.02806469876964189,0.05044678886497361,0.051120849999065125,-0.05299787796089561,-0.06738415524303222,-0.06695993426235379,-0.18600871665046514,0.1115451371405544,0.15899629734174053,0.04894297284274474,-0.08233250908137688,-0.1287736830825572,-0.10573954444085916,-0.18277083908475303,-0.048375369807069975,0.11895603799304039,0.049341200284533725,0.09119328563289741,-0.35993961598104646,-0.3281020286847202,-0.2539417455701617,-0.2531783463513752,-0.182321379073496,0.049488258019398476,0.09489976522318458
item_50902_mean,-0.19707269455274012,-0.23216772725508641,-0.1690327738297714,-0.18637792202935596,-0.11377762504815433,-0.013853148767965747,-0.08177085296064748,0.6958297957606515,0.7885101317044334,0.5513830110785657,0.7150591587160375,0.3340917843124518,-0.006232931522547842,-0.17084423226448767,-0.23349461146928233,-0.24578752299282303,-0.24972495478787296,-0.2331051581269005,-0.14518548146267357,-0.009216315658551176,-0.28349206978420627,0.8933287858205677,1.0,0.8005749621027833,0.8934470973242266,0.29522155760964025,-0.00715808365882734,0.05180145594831768,-0.20389282035494077,-0.2399185155236139,-0.240357065262762,-0.1997309993596004,-0.06505427122583064,-0.012684289217209275,-0.1839212860755735,-0.10919023052408232,-0.10388552283680999,-0.11232591913922796,-0.0585211804470305,0.1886331595413584,0.003492759249865315,0.01234040683092602,-0.1263630575958184,-0.20689645567925985,-0.15718360068524168,-0.19646486482148057,0.04679448748351104,-0.0048967698570092305,-0.010834969927203415,-0.32371764006288073,-0.3080432657503478,-0.25996696395941443,-0.26075893875528117,-0.07885084946638554,-0.009747777814150066,-0.32184043849929905,-0.0538716908048437,-0.027843892655627568,-0.028805883863463954,-0.009918702035663338,0.057792807149195734,-0.00683121337267662,-0.09791204371028443,-0.0764984430378395,-0.08853796307294479,-0.0922995710559429,-0.031480936454200956,0.21152754265226512,-0.014139552295189609,-0.006757002908614041,-0.19676293466157105,-0.20780907442026172,-0.2259394845376145,-0.2012863445526935,-0.029635246762630442,0.00996956856612494,-0.1259606692072507,-0.12921900886914645,-0.13577193123641937,-0.13332037517196074,-0.09000838045387552,0.21078524000080073,0.008532451781634047,0.07729096923175614,0.10593560360022367,0.0689000115209545,0.0651549535712977,0.06974927965068647,0.0974052040816173,-0.006447253704164585,-0.13103994239394798,0.10490883259532846,0.042029722442773344,0.041069039984228124,0.05844321116920487,0.1211486979250234,0.008532451781634047,-0.09363255718115031,0.0024878993893650385,0.042060282285108844,0.04385022265460529,0.032772770051860134,0.010367093782211432,0.008532451781634047,-0.14794543804878543,0.05246513623226296,0.05531474575692154,0.051363497458551934,0.05806247075197678,0.13034281087649116,0.008532451781634047,-0.14122426439566854,-0.09846045537957104,-0.10432507692688157,-0.13609780224332013,-0.07665445760861367,-0.009498850892232158,-0.011910498483248141,-0.03615093196636963,-0.08783842706256882,-0.08423635149331864,-0.20920552479098317,0.14023003975998702,0.21979873280847545,-0.008972717048922182,-0.04880360643384113,-0.1683909817267147,-0.17387690990971608,-0.1992325608017838,-0.10900480460311202,0.09525787225776397,-0.011034501548271151,0.1436997542206173,-0.41892626154350027,-0.3850297923064276,-0.2685574818703292,-0.32838545186708024,-0.24351643234231013,-0.010241989838614438,0.062461054819218
item_50902_min,-0.19608760468797898,-0.185720036955071,0.12342762906823919,-0.3454225605154676,-0.2833539248370515,-0.31257705516033746,-0.1256036290263485,0.5525502556478002,0.6235406446867283,0.7801090246875227,0.350903990776007,-0.1422769798812502,-0.3095729695538689,-0.26047619381161213,-0.23832103883273695,-0.2346951639652892,-0.163690807703126,-0.28368379784670583,-0.2365913601463943,-0.3121161443284095,-0.3119684995784645,0.7053056242407242,0.8005749621027833,1.0,0.5052680041838126,-0.2715070250546175,-0.3108030472472925,-0.08473108222876095,-0.2801985911006223,-0.3108641621340517,-0.19571354321703752,-0.35120903725519703,-0.23571138187987978,-0.31431625398576046,-0.27214095700500174,-0.10161648940252715,-0.08784344135327403,-0.00974736676636822,-0.17512875805108583,0.007054180854062916,-0.21912151814886188,-0.04141277770263047,-0.0321599151371346,-0.10816801905620985,0.1425397277178255,-0.335406050908655,-0.22470308198326883,-0.2994072846451239,-0.17487101661939466,-0.3194198278177011,-0.31127584314498896,-0.06966117571621941,-0.42048073042370276,-0.21037983448968647,-0.2995612955021303,-0.3511653424731879,0.0032857656644468183,0.06649333446561952,0.14408966274799717,-0.0709484913634519,-0.15331283230271256,-0.23438832158513628,-0.06763168444209214,-0.041752222005870636,-0.061776125894509704,0.020815413640045508,-0.12718204470416344,0.08674891667245514,-0.24113425775535907,-0.07431736499156194,-0.21844144952426617,-0.22546488114869637,-0.20521160966503318,-0.24865829554404986,-0.08114140810898282,-0.22846846650933736,-0.11395258441054049,-0.11841451792879949,-0.13320268941024374,-0.0472531158086656,-0.19874017708308464,0.06813556464837062,-0.229043026468793,0.06214797215057256,0.06943103364936856,0.04165596226211321,0.09584899705538139,-0.030628777062696812,-0.014959628819172332,-0.2330688942800141,-0.19085824087916092,0.1705863612104707,0.056903703811816066,0.15360435397929023,-0.015932579569481495,-0.049918222794348995,-0.229043026468793,-0.09352336696627939,0.002952835621534618,0.07244663350678344,0.12327170905736588,0.0020070986404176045,-0.16058821246945215,-0.229043026468793,-0.10222755295888879,0.08826279016045303,0.09008201064186237,0.11074736167003219,0.06495153086100905,0.15565798935787342,-0.229043026468793,-0.042362998925732476,-0.10455910249723775,-0.2182665818505309,0.08076586320695373,-0.38327940848165365,-0.27921974225984314,-0.29778119580684775,-0.05415481051601719,-0.11306024735792289,-0.21455360547713778,-0.007916756342412554,-0.19752249659592083,-0.06124248188868179,-0.316734197755022,-0.04616435145328762,-0.03982383659285329,-0.016157320499091448,0.12261832124112433,-0.2183599018337216,-0.18213843171835645,-0.30284991261168825,-0.0005908188079128591,-0.3284978601230371,-0.29918059066314684,-0.025727822892232705,-0.43798788444613085,-0.4079986908216419,-0.3038653102468342,0.0030086364229986347
item_50902_max,-0.16685860554069057,-0.22367423827770966,-0.36268187805227203,0.012237922280280656,0.026720858198949374,0.2880429865813932,-0.058246107314384225,0.681477683569877,0.7395869081331468,0.3138227161036234,0.8349809443499598,0.5207632655782837,0.297067150993552,-0.07624950298278178,-0.13096936858423122,-0.17088378197431675,-0.2522200139372794,-0.09814084312965207,-0.0020208682872877855,0.2926624837881288,-0.16181821187307438,0.8336655989298443,0.8934470973242266,0.5052680041838126,1.0,0.5801762483519118,0.2967381134046268,0.14182649709936943,-0.035477268000338624,-0.10132733287275589,-0.2202724772321774,0.007969414516681192,0.12862766604680734,0.289599460394234,-0.055484745017259564,-0.10510991303588381,-0.07730939311708324,-0.16969027804173814,0.06572368967524528,0.2513001463236943,0.24775446267780052,0.0376411549857177,-0.14619017833884657,-0.212173459292601,-0.3546531861367956,-0.0421466569503025,0.20917271920021605,0.28901103338864853,0.09615226025562564,-0.22665224812319512,-0.2006092852493879,-0.32404600692627444,-0.039520655131615845,0.0435855153159334,0.2821949111502647,-0.19735586482265918,-0.12475272037081912,-0.12658510417172708,-0.1888115683922881,0.026563658932154403,0.16969570416884983,0.23839054708572072,-0.062187407417315876,-0.09375541227513357,-0.07780125562562681,-0.1613658714645638,0.06768233202311835,0.2384014458605421,0.23156861975016757,0.031707910840801753,-0.07957491025219908,-0.08927018333630195,-0.14129293940799567,-0.04350531795271828,0.08263735292062148,0.2548559864535733,-0.043767130925658496,-0.11370626862176646,-0.09473613344499372,-0.17037620472699852,0.033046726907831704,0.24562922801102816,0.2535161246019251,0.0330754636030264,0.07810750655480736,0.048284305954466616,-0.006311223233297459,0.11119305520911807,0.12346817694060086,0.23747644103236612,-0.08325218313079082,0.030981511270990473,0.025912817909619697,-0.06177977104089643,0.11942040107661017,0.2147369910113241,0.2535161246019251,-0.059130452000494056,0.012471323864728785,0.013005351283199174,-0.033430742243703473,0.06331362544319108,0.1624577988654214,0.2535161246019251,-0.13987775361725438,0.022557425824969887,0.0220675239028563,-0.008024776570247557,0.05560495166583286,0.10198793945877342,0.2535161246019251,-0.18332445799823266,-0.09964013734207973,-0.032374700426209234,-0.3029878643904502,0.10409797866678797,0.08999467361999786,0.27811666817872893,-0.027082691806492372,-0.04335307356651268,0.01976251490333523,-0.3262979789930654,0.2750587804839257,0.27356264607505054,0.29387921016266716,-0.04097243531060454,-0.1997077928619035,-0.21602469863967266,-0.43956940822579854,0.04829513042025934,0.33834655028359717,0.2856776706735893,0.19075111056770208,-0.345129306485581,-0.3328164613261726,-0.39350632215943016,-0.11365140312403217,-0.025599528628037996,0.285167866450473,0.05222579695444393
item_50902_std,-0.09572753576524498,-0.11204087467097543,-0.3457806194152266,0.09048531459782098,0.20909761757733117,0.2760721066285665,0.061710167201516064,0.24757227800255202,0.23522394107357902,-0.3036887958332084,0.47218508046590435,0.6907819497895006,0.2839182599799069,0.23100556764954042,-0.00046357716270911486,-0.00825725525221473,-0.11205698278031506,0.06808488733342323,0.1569439472789117,0.2825055915092424,-0.028623643724592616,0.31036380286190346,0.29522155760964025,-0.2715070250546175,0.5801762483519118,1.0,0.2847049968047898,0.13399827437365136,0.08900571950208411,0.09485950613816879,-0.03414778187961396,0.16842704505245895,0.2235026617687562,0.27968178414128453,0.02214675902424175,0.0567384449156321,0.061583652652944694,-0.01137006628699645,0.15115821889289877,0.23609420005601006,0.14736890462429847,-0.036942885755069065,-0.12175153637062457,-0.16370262316694092,-0.3817348697077933,0.11471262794411638,0.3707643570736306,0.26991028718077464,0.18292397146290476,-0.04066820929345506,-0.0072554545844619265,-0.19472062331758822,0.13457651501987056,0.17996097051293208,0.26250905091654075,-0.008206794410635172,-0.005357307793020967,-0.05428920728671226,-0.14007257384791247,0.10939302322015855,0.27640815837667415,0.15956892599185343,-0.13939656245450757,0.03171191286350407,0.03143425240308957,-0.03432811714080889,0.12235975251432185,0.18586072031294673,0.15443385968431908,-0.0015891434834620602,-0.06308415280892495,-0.08271333043294192,-0.09951254181130777,-0.06485958025320386,-0.004074282608046401,0.1687750743739634,-0.11967965116966973,0.07674980687605984,0.07680073568646967,0.008502423520097564,0.1585670447175764,0.21239196678382924,0.16770330700006947,-0.08717341023875715,0.03427403441493377,0.03415528491819908,-0.0005635328308390736,0.08448078354410421,0.10757232533638314,0.15506376649723627,0.03511511837948661,-0.1225094314409176,-0.06000309661944327,-0.14079386996945467,0.019604736132148897,0.292314202439698,0.16770330700006947,0.0547966961700059,0.0003656954863858464,-0.03963960206744657,-0.07868363765084262,0.011541654463972614,0.21321498723662016,0.16770330700006947,-0.02391734534215632,-0.0691800945077221,-0.07204087289552857,-0.07725846984637483,-0.06374478907407351,-0.07292311667589468,0.16770330700006947,-0.12079709737276383,-0.10311982573670211,0.09694111577174735,-0.27442373109422397,0.34799886900584054,0.3670152663377552,0.25690563495195406,0.016468643819181557,-0.07435502978891971,0.1022861505112096,-0.25848286007429666,0.3559090281465844,0.3455821136012007,0.2873101870093811,-0.07767523430740275,-0.1788970758060615,-0.19884279858197337,-0.4438383500072653,0.10522555543635005,0.5079596066135635,0.26921232394710165,0.13534149005883503,-0.1765547781859118,-0.1404836793722263,-0.2677916594660898,0.04941634931219085,0.17210184680383306,0.2725157658755884,0.07218794849396251
item_50902_count,0.11742412581544287,-0.003723758188399902,-0.4621840120451463,0.5150337851443183,0.3484087932623307,0.9994876227485485,0.06889572230487082,0.09923274776522736,0.07478805440200925,-0.29422062593754456,0.3499744601320464,0.3554914734220297,0.9999080002240495,0.1037637608637304,0.2078676693059514,0.12821978672522974,-0.03411245058315586,0.2693952610610456,0.27835003268987024,0.992150656539744,0.3061941158671926,0.04741021049950263,-0.00715808365882734,-0.3108030472472925,0.2967381134046268,0.2847049968047898,1.0,0.20803736603242495,0.48591214959038237,0.3653356143635425,0.06934168160325169,0.5724242335342606,0.5480512146134859,0.9923047502419168,0.3374626978783841,-0.1776776076988593,-0.12172248224732538,-0.3207705456318078,0.18433212180781008,0.29142817527341014,0.9059431140890666,0.11617606768271793,-0.16608572693144377,-0.1264778876719305,-0.5264798533060776,0.254496685860208,0.4349180830858564,0.9961818992529418,0.30249871965127056,0.24452373557814117,0.2602876967072759,-0.14950725065711262,0.5111021612375987,0.3158882288285085,0.9961794683972045,0.24781918941597295,-0.2181159357072895,-0.27073813418069165,-0.43510805202852376,0.1593186425727272,0.4119450312449261,0.9241673589925148,0.22016933982899398,-0.22812825125044442,-0.13683846865040253,-0.3419722534682753,0.13529587153924053,0.1824960958249313,0.9183280459112702,0.12982701178643336,0.2506096494947769,0.28914399758041903,0.14205453052642278,0.46671961292232916,0.597658548572638,0.9164107561616746,0.24542784927573105,-0.20816194209971645,-0.12364636915610651,-0.3070900371232639,0.11936163497294824,0.1717307688101948,0.9172774701904974,0.008436257278171391,-0.059764706814911195,-0.07100303863593004,-0.20375038450384647,0.117894210556175,0.11922912309592246,0.9185219529620943,0.06664126721654846,-0.14269263169909388,-0.0009522630781848137,-0.2523248920056641,0.22326797865662412,0.3299938869820336,0.9172774701904974,-0.0647248923329711,0.13102735348784095,0.017861470107408923,-0.13118307861264422,0.19061562338571597,0.5644784163215344,0.9172774701904974,-0.043068664731337754,0.033276408428921274,0.011355959436055992,-0.07719051604431182,0.1075841267638983,0.1338841364078239,0.9172774701904974,-0.1244082242697572,0.05405764502059525,0.08413938866567558,-0.31740656116751775,0.2754944976733522,0.06215227552062674,0.9936823974894993,0.01984026858477549,0.05615997493316877,0.13036519873989472,-0.2871251415100424,0.20381932282353715,0.0365791203386722,0.9912940028870545,-0.048868128151934864,-0.07969671844974373,-0.06309804413143032,-0.45167899136400547,0.4506392470904064,0.3978890727265269,0.9841355605567212,0.09372159138808774,0.21006081281528513,0.12921364046694336,-0.30698257206255974,0.6101676111901363,0.5833311180109467,0.9838874201765493,-0.007895089217877092
item_50902_pct_abnormal,0.2774952399094317,0.23601502428616508,0.08855906047646005,0.3111667662983776,0.1931975741835283,0.20734814980995525,0.21775006307222136,0.10230688840778586,0.13740829723677764,-0.0466305320898005,0.22518965915432473,0.19828179130967646,0.2090521511875787,0.4853143586148814,0.3362102328892786,0.28545180372479306,0.2619277111634207,0.29214265462493405,0.20023560369939086,0.19865547374201584,0.36754695289362976,0.06398658461541426,0.05180145594831768,-0.08473108222876095,0.14182649709936943,0.13399827437365136,0.20803736603242495,1.0,0.38039929242497544,0.3811622113699932,0.3327255796347746,0.3812041400690473,0.3122643951952031,0.19943213633908685,0.4467808966971433,-0.16098811132649501,-0.1519106668032118,-0.17840973485639106,-0.058021737197953824,0.20009205112375836,0.15527798081652436,0.03644132045723679,-0.14763947023860646,-0.09173686450557725,-0.185244382698171,-0.03333947286249115,0.048631956558601405,0.19905282603405638,0.3132668125246711,0.2223623165159323,0.23655843680712374,0.13690448182587417,0.2723105067121898,0.173221110949629,0.19645707859598047,0.24988218911135213,-0.16543140520036625,-0.16116789426583178,-0.16346122701528945,-0.07509618927969026,0.026758491431514667,0.1781046171343506,0.001661449617625169,-0.16283389323701394,-0.1815226256925733,-0.19372692980405234,-0.12388161923902241,0.06332928255087106,0.1750298412025568,0.12559714937458435,0.1668538247443919,0.20766343760973047,0.1912884814466762,0.2211116233295886,0.16039408551834156,0.16858699749217043,0.14002629923471585,-0.1585661383113074,-0.1686822898467806,-0.17742093738489026,-0.11574986927973296,0.06927619458220878,0.1687357602815043,0.006352369069512899,0.07057112022663209,0.0315887469311377,-0.019437367277150883,0.10518655103849646,0.20777330105267164,0.16885398573728497,-0.1462481123541859,-0.06606582696752479,-0.09750580990746686,-0.144915819397628,-0.039793529288613155,0.12549657723998398,0.1687357602815043,0.069497350351213,0.09466735115403972,0.10019523225377949,0.07111877114428992,0.12796180002173452,0.1440021549277145,0.1687357602815043,-0.01007326584566418,0.04589288247479727,0.04452213849225536,0.019246036874810937,0.07093543674325978,0.21111935759077735,0.1687357602815043,-0.04470194174517443,-0.08680011164718401,-0.032080106513210846,-0.13236116168871373,0.04769555394498878,0.005528692134979688,0.201158380180839,-0.05647127137132225,0.25087265249096957,0.24460513808687778,0.059854423384327796,0.20265071656620415,0.12046710512381237,0.19046116158755572,0.12893397872121357,-0.021231274968173015,0.005362312999869086,-0.17372977805400958,0.15528612632537195,0.2750881202239076,0.1878100461062356,-0.010498090181442645,0.26113320102444404,0.25244367058108413,0.14829301936613126,0.2769512351215977,0.16727708258169505,0.1849240597344696,0.2216312110072321
item_51006_last,0.2515122676791702,0.27652441633059194,-0.00048118862826508884,0.40552963468036884,0.29297996908646967,0.4882906322620478,0.22180034316200894,-0.0013980136593957696,-0.043750601908741214,-0.1830837403108773,0.08496024420160131,0.12225389459771155,0.48636328224152175,0.43131432867484554,0.6999090818092034,0.5899036270322708,0.49967313931297785,0.6343609873526261,0.47671369160133653,0.5024449041380982,0.6899422814235631,-0.1680383692944687,-0.20389282035494077,-0.2801985911006223,-0.035477268000338624,0.08900571950208411,0.48591214959038237,0.38039929242497544,1.0,0.9377493907407661,0.7787959739618385,0.9452580831372612,0.7575531451903059,0.5025863843448249,0.7202570301999904,-0.10786336808087063,-0.11519188187434318,-0.19547038379035142,0.009975593607840347,0.14536423748511434,0.44647587709564823,0.08115481578367228,-0.4121679059563679,-0.3524325025461929,-0.4776117465807892,-0.13561012551713608,0.19095992869958905,0.4979975521808107,0.3766003676588599,0.6643359371931503,0.636804444544998,0.40588682436471096,0.6224631746698178,0.2863322732593568,0.49801610121834744,0.5094127756973867,-0.16527354400599206,-0.2483344895056021,-0.2978043460257549,-0.008525158332487164,0.17919004608471836,0.4714841281395203,0.22790789679222817,-0.1774908490667666,-0.15254888658398463,-0.24017116264266006,-0.05828009808449367,0.04729045084230235,0.48011306815632204,0.1409151569162238,0.3040562749741508,0.35693139039159527,0.29605600831133216,0.4605300395840055,0.4502550508253207,0.439831246213836,0.2624981930598437,-0.17213549006514145,-0.16402225858393885,-0.2268270820121383,-0.08764200647141514,0.004150104168745615,0.4429715868679902,0.042364302754600944,0.013032468040731991,0.025816002395938713,-0.06215308744769301,0.12583360139807181,0.18903037104012388,0.4718065009524509,0.1347773241227852,-0.20480694474384883,-0.06838169944363641,-0.1740775072789203,0.04438493127407372,0.14654670514875495,0.4429715868679902,-0.09160832644958869,0.22421595812121273,0.1478636308608976,0.0640570194754469,0.2402675449155668,0.43476036838675697,0.4429715868679902,-0.018820363078558656,0.07192028484139415,0.08435048893250593,0.04120904063324773,0.13625255514458653,0.12699976010716027,0.4429715868679902,-0.10844839588165996,0.10776052351556369,0.11348987988305118,-0.1006634975467991,0.16344686011588747,0.03949695740033715,0.5028779443199468,0.002994220010139387,0.30279783961219187,0.3744194086891223,0.07436348875737947,0.20864073609725495,0.1074428803906192,0.49269602700885895,0.2113394672120994,0.06850608999563586,0.06835112886144,-0.2679031172691529,0.284586545180272,0.38602740794313944,0.49856606322037605,-0.09821686503585533,0.6518770863773404,0.5639836996694386,0.26140490482570977,0.699175159069891,0.576942702913589,0.49950592174006936,0.195872699394346
item_51006_mean,0.27299028210623466,0.357083273702667,0.08486338831789375,0.42745264954169176,0.36269793004241757,0.36822056549100723,0.2556051681546143,0.008014695052305456,-0.046737605905437095,-0.17744359840101157,0.06515625744099206,0.1247756394154374,0.3657817130806134,0.46264690677126,0.7451447849627522,0.7161235617917254,0.6393567625240142,0.7257226004517615,0.5703852484321302,0.38946544628797414,0.7250706701186806,-0.19983991184153352,-0.2399185155236139,-0.3108641621340517,-0.10132733287275589,0.09485950613816879,0.3653356143635425,0.3811622113699932,0.9377493907407661,1.0,0.8931530634992109,0.9357893511117293,0.7266238908732445,0.3893296857653309,0.7819502458127787,-0.05531237079895425,-0.10234809952182759,-0.13717235579155326,-0.0295586323348708,0.04804690892829388,0.30534361805207844,0.09459701274446225,-0.3238415693707068,-0.31219061669086395,-0.40738745393807374,-0.1331117204587913,0.17322893685063034,0.37431613519449464,0.3447022935686619,0.6130948814810606,0.6400164314754532,0.44736471443282816,0.5998810267901477,0.288244826817651,0.37451684762087845,0.5089623558726465,-0.15070506872982956,-0.2043215495963701,-0.24359402361675486,-0.014972815328029536,0.16890458357567614,0.3379457651305347,0.16884366865463382,-0.1417116385836761,-0.15526978941774058,-0.19595164089221923,-0.09232511334905306,-0.028027241685136917,0.3454457722031258,0.16894430523309775,0.3231951632486553,0.3570968651206202,0.32416087040620595,0.38612733800436416,0.2686305605050545,0.3326837558816449,0.27135789220216455,-0.12594321718830748,-0.14790131015069424,-0.17505049621506893,-0.09625274443176637,-0.057313376497599815,0.33348260101390687,0.06509276477190519,-0.03150831315874997,-0.027027471012160326,-0.09610753434703646,0.06396731267944344,0.1485758615200249,0.3389530781336165,0.08627477668934155,-0.23640300219008942,-0.13554468324853153,-0.19754963421151642,-0.05981873391476066,0.05642235215841287,0.33348260101390687,-0.047108368182513606,0.21822197773461988,0.1682632971922687,0.10839175332714335,0.23026825846565815,0.33650052030886096,0.33348260101390687,-0.006125173085270213,0.05408494111808285,0.06671561391603649,0.03726444773344177,0.09559261754440837,0.06760310413685196,0.33348260101390687,-0.07937847316436931,0.0634610102354795,0.09091190230614164,-0.06865605387614351,0.125214112991445,0.020451868565388612,0.3796776364295339,-0.01539624632569794,0.3274319916099922,0.44304354133610474,0.18296134391025928,0.2267555374375493,0.12206004746057668,0.38159889623976806,0.21387219161452947,0.09309577089341607,0.08699113323348123,-0.18162761229182353,0.2680553161918203,0.34723307399805814,0.38833245489889995,-0.11387848085251337,0.6356325645872988,0.6424016798252233,0.3864061883406583,0.6656319116626959,0.4986585216530532,0.3869693875901163,0.23120130919821874
item_51006_min,0.2751272629306353,0.35613612522353694,0.2595650679228831,0.2730135334762628,0.22363873668043888,0.07349149839364562,0.22884263220710702,-0.04128886569883264,-0.09523190151435122,-0.0936509826522824,-0.07808385861638195,0.002828931591461248,0.069785880115567,0.45600076897954067,0.6661009927778954,0.6536171903453668,0.6962835622886102,0.5778419350630639,0.3449342886519809,0.08775971171605611,0.6610303905100655,-0.20574305560806577,-0.240357065262762,-0.19571354321703752,-0.2202724772321774,-0.03414778187961396,0.06934168160325169,0.3327255796347746,0.7787959739618385,0.8931530634992109,1.0,0.6999165438900404,0.3469632929129803,0.08730913790830537,0.7078845478210025,-0.07545003670549465,-0.14136511515277692,-0.0922185378038489,-0.17044024740790656,-0.08598551848430928,0.06347711772114352,0.0898217010797378,-0.2959708160672306,-0.27092956864100814,-0.22854613377906602,-0.23006873921371437,0.008811392770754658,0.07372393708287685,0.24331195042866766,0.5094577178746549,0.5066237195217327,0.488897647676044,0.38850082946959774,0.11502872908406175,0.07450158754056806,0.3782333512194497,-0.10098199148741195,-0.13090499777569672,-0.11838252199787065,-0.06902711763559975,0.06507680822873968,0.0888660349152827,0.12715138327129058,-0.15018306841645487,-0.18783770924422216,-0.14814872029132206,-0.20937976749437942,-0.10927231091986642,0.09925435706347861,0.17183489696637058,0.3041839898780881,0.3156009282745257,0.3234074201005461,0.2859549870537719,0.12507694647896486,0.08672841828109207,0.19683807858923613,-0.13002347186144575,-0.17279149711433398,-0.13102698137794536,-0.19732260983490565,-0.1274073765085744,0.08718481034497008,0.0659502741905319,-0.03802823160598583,-0.04257393923097574,-0.05321064995634993,-0.040411973850119964,0.021182677383123828,0.09118284792469333,0.018451938912181578,-0.19665130052463436,-0.1458540757957708,-0.1312204672775248,-0.13879126392910077,-0.02068198363368423,0.08718481034497008,-0.03660926167953949,0.16955115146652705,0.1655952120334554,0.1572568745473712,0.17139571421318853,0.1370479526686788,0.08718481034497008,0.010394687652229543,0.03580131591007168,0.060177532525047275,0.06117566580147507,0.05366940362358788,0.012835554238958496,0.08718481034497008,-0.053387417897765084,0.05874438906250532,0.04307400069021543,0.06217560914275619,0.015619820660391968,-0.02161478129933798,0.08179730656726256,-0.002179651086124584,0.2831283228606013,0.3560159953673555,0.3409204887185774,0.0758370435241021,-0.0228308253992925,0.08393464188255106,0.14253521518001888,0.19327169439606512,0.18022404275230675,0.07881762542875687,0.15505698132861268,0.09792000459845897,0.08508893547765556,-0.19922247425543466,0.5518125597261926,0.5754006072883119,0.5048608431374167,0.4297355286065732,0.24285360782265092,0.08378944710467043,0.2253613865605697
item_51006_max,0.2526500056044537,0.3017017766749199,-0.06147013899277044,0.47672110182017935,0.3874330457994728,0.5737030958240485,0.22353740448265694,0.05432288545411794,-1.2111223624591734e-05,-0.2196929944971231,0.16788469309579473,0.20401171035182478,0.5729848692452904,0.3879282293810845,0.6947383226053312,0.6522198859818925,0.5090224001877177,0.7257508337832345,0.6199338898624391,0.5931804637626348,0.6669123465190523,-0.13975171898058716,-0.1997309993596004,-0.35120903725519703,0.007969414516681192,0.16842704505245895,0.5724242335342606,0.3812041400690473,0.9452580831372612,0.9357893511117293,0.6999165438900404,1.0,0.8751906308279163,0.5930670656944659,0.723419530513878,-0.07792226162912051,-0.08073303834448978,-0.17960653682101738,0.0731146476263023,0.1454821301133642,0.5025442088569076,0.09209423003149848,-0.34092211778206377,-0.31392351062379625,-0.49632446298533356,-0.04968059480375464,0.26406756375612644,0.5842535100329518,0.3785583113295771,0.6219828374169788,0.6610390429829529,0.36346582589585863,0.6919042180389557,0.3690215621685079,0.5839161285951865,0.5385065157688457,-0.1753854891289159,-0.24186829726859646,-0.31149151823822735,0.046474057507446646,0.23002801880169543,0.5317609969683931,0.20249469596078384,-0.16048875153507228,-0.13190393564526032,-0.23433255765745079,-0.009077668555645586,0.03377113848870899,0.5384835656683254,0.14954250706535716,0.29502883165502725,0.3517366021040929,0.28157065931567815,0.4617237660618378,0.4407313311522005,0.5088402092559909,0.2903365098372525,-0.14920593403601787,-0.13440113703294443,-0.21316057620737447,-0.031248500050752578,-0.006073562556043563,0.5113212864670247,0.05003092375817517,-0.022558115949933826,-0.007023434033755177,-0.11189564627557155,0.1379704457243027,0.21851528184993207,0.5327402615802403,0.11868767301584045,-0.2485970864980295,-0.11191646190004777,-0.23523840162771278,0.015505143083730058,0.12189014708577522,0.5113212864670247,-0.05485873892993751,0.2387686842558168,0.15366313757396743,0.05912615403613173,0.2585457367546229,0.45409079053021767,0.5113212864670247,-0.018366169137929968,0.0616052479258721,0.06610662784376307,0.014857091346814502,0.12539589320942457,0.11467100555265106,0.5113212864670247,-0.08227843159423662,0.05516173683207616,0.09756336284876635,-0.1645310927494753,0.1849075098534167,0.05198935387942076,0.5870192254093414,-0.02505372019018318,0.29303961300925674,0.4271415268092553,0.044245038091599256,0.29392500976081665,0.1794255860172542,0.5837439284686511,0.22032770982346322,0.023249910075774073,0.03359229172432817,-0.3253142568852207,0.3309940173846515,0.44701685253145423,0.5921139380991993,-0.05202093439053254,0.6248645856826964,0.5918665501619754,0.23296133753906642,0.761366773766515,0.616341902054654,0.5918286811261075,0.19913312523683566
item_51006_std,0.12115622139814089,0.19149669740480665,-0.14808404004184153,0.39794839996881404,0.40335538268383675,0.5460480909885683,0.26131155079254154,0.17670586347831277,0.13799903852087342,-0.09545419298832628,0.2649131311542532,0.22520182626888122,0.5487332057972352,0.2672534296025994,0.5764817045080972,0.5655817938271567,0.3447995232465565,0.6793630525825907,0.7181858152583965,0.5650270180454325,0.47338084735733027,-0.015773437097442743,-0.06505427122583064,-0.23571138187987978,0.12862766604680734,0.2235026617687562,0.5480512146134859,0.3122643951952031,0.7575531451903059,0.7266238908732445,0.3469632929129803,0.8751906308279163,1.0,0.5654160819176073,0.506773103133452,0.06403628277344593,0.08619968982913272,-0.029209165130109713,0.22452144787776596,0.17348437601529887,0.4445454986211594,-0.02528709476227926,-0.24976556333886346,-0.27967788427557816,-0.47380527323525784,-0.01767111890179942,0.31824530884402197,0.5653893429499494,0.33901873296147655,0.504188031711006,0.6087762409268679,0.3197252516681743,0.6360562175464515,0.4414372925905258,0.5635142387659444,0.47544639178348463,-0.1119379809256636,-0.16538018481211939,-0.23716122186410574,0.10733608863263402,0.20774072808400007,0.47587904377311785,0.13386843512843805,-0.0041975066565791055,0.021103823371347023,-0.08636465779130476,0.11623228445331056,0.03131657710601671,0.4746118285711706,-0.004408378563198595,0.1514064525117008,0.21461785552333257,0.1540679290549226,0.3306837542753295,0.3552710172487403,0.4514575816395887,0.2621608032890092,-0.0035928715980237075,0.010549063692321158,-0.06880911206602275,0.08741355912504098,-0.00302628621729637,0.45380156088720724,-0.013127937459582217,0.021618130874607785,0.04716636008709458,-0.06688070994475738,0.1965361708817139,0.26757271680000655,0.47371144402041726,0.1399269355466314,-0.2423681697252895,-0.1296790117068351,-0.23466559880918772,-0.016453485520976852,0.09930658636591008,0.45380156088720724,-0.022437353186114832,0.2122481181451541,0.11684895445854131,0.02628300706653119,0.2141925418192307,0.41335702169432165,0.45380156088720724,-0.05202114312325422,0.04206271746266091,0.02815173285247931,-0.017982381159016292,0.0853073969773087,0.1026966745125624,0.45380156088720724,-0.05384513757688522,-0.039534995764199284,0.04300647555184511,-0.23744420293889343,0.1460338773575122,0.07463500647236165,0.5653826693268351,-0.1298325529862739,0.1909739886134689,0.34770167664163015,-0.16676130782605378,0.3416457320284059,0.3250126275470248,0.5500286120925121,0.25189900388290776,-0.09348322472127134,-0.04716615955531226,-0.46878435107153826,0.3017756969171837,0.5632221986066164,0.5638515239845386,0.0024439192457093475,0.4535748165901755,0.4420530914925368,0.09781430114792562,0.654739278747451,0.5691415822392302,0.5650401113002516,0.18197046926335272
item_51006_count,0.0857040197209068,-0.011096548161395856,-0.4719992981469878,0.49457794848265857,0.34813934903389415,0.9917013757778922,0.07375822583834694,0.11551701170365193,0.08229437365184636,-0.2920349640588512,0.3588193057246837,0.3617056795824276,0.9925273743494262,0.1087665568609,0.22482765027710536,0.14457564607971313,-0.0204681439758601,0.28768690045575146,0.29427046603207624,0.9998380037042636,0.3266132620142524,0.04620235722296013,-0.012684289217209275,-0.31431625398576046,0.289599460394234,0.27968178414128453,0.9923047502419168,0.19943213633908685,0.5025863843448249,0.3893296857653309,0.08730913790830537,0.5930670656944659,0.5654160819176073,1.0,0.3476228585687086,-0.16594156039801544,-0.11967713937862688,-0.3131283431680082,0.18632232405039045,0.2822899213535312,0.9020121591471391,0.11968050551096429,-0.1578038431006984,-0.1237151759565825,-0.5349588209962087,0.2695119809724405,0.4565661045969024,0.9950721015622804,0.3015482415175329,0.2528130616410778,0.2752899378520741,-0.14590564676618809,0.5310290971670149,0.3338421802110566,0.9948427512086154,0.2621542703083728,-0.202634300592975,-0.2574279697372046,-0.42763919145957774,0.1833983629260555,0.4352502266815831,0.922208740739302,0.21146514833622818,-0.22575708843489714,-0.1411251319218477,-0.34225589782994564,0.13490770257758034,0.17104726762338895,0.9203251032616079,0.12849115596449476,0.2629737381180929,0.30023535380488536,0.15624249976188018,0.47283366951456907,0.5842158605742451,0.9213116318141829,0.25730266227246407,-0.1980893650474085,-0.11956703430519179,-0.3008796635531195,0.12796884648979467,0.16183048400414748,0.9220020012942353,0.008972395814244772,-0.06389893319246409,-0.07510120376399164,-0.20798021527853675,0.1155797405398959,0.1204153285050355,0.921377310641324,0.057795330960784576,-0.16538223617331677,-0.02453623408048838,-0.272659986495426,0.20287255446820346,0.324683568831395,0.9220020012942353,-0.050707979703899675,0.12279684048507476,0.012829727377819308,-0.13689888247807874,0.18597419962354256,0.5660467177142724,0.9220020012942353,-0.034483971404267295,0.01548268972156644,-0.004202141604698007,-0.09447333671321073,0.0922371850932666,0.13359443868334525,0.9220020012942353,-0.11139448213937371,0.06963482755124066,0.09876234644802258,-0.318930515155041,0.28497856574309677,0.06796003854211155,0.9936151812437167,0.017225449762538605,0.04933533584846978,0.12773734048924257,-0.2939072393203383,0.19893147299944464,0.031671713688330085,0.9968284783385198,-0.04915750283823965,-0.0942827601578034,-0.08273989541085967,-0.47181206569865275,0.42610170665691977,0.4002998584853679,0.9955149852989796,0.1045662433506184,0.222820407995904,0.14408330918706125,-0.3000670398885032,0.6113565059570997,0.5832274143464518,0.9954168804222844,-0.01573181281326454
item_51006_pct_abnormal,0.23616520846717015,0.3277897227783088,0.06228705256411431,0.42956791864340854,0.2877750061053642,0.338886932193497,0.19725283556759485,0.008730996192613995,-0.0382025369059385,-0.1804687590517496,0.08056089785961235,0.08086265454352655,0.33711308849020344,0.4231572742795991,0.626572024810404,0.5886649851721475,0.5290536161342941,0.5904654021875334,0.42368922851393714,0.34663238132105134,0.7475267292412929,-0.12483874762319232,-0.1839212860755735,-0.27214095700500174,-0.055484745017259564,0.02214675902424175,0.3374626978783841,0.4467808966971433,0.7202570301999904,0.7819502458127787,0.7078845478210025,0.723419530513878,0.506773103133452,0.3476228585687086,1.0,-0.13955890954672914,-0.17670156775449145,-0.20485833670629772,-0.08673573884228086,0.04586693084960819,0.2856799991951782,0.151999365505193,-0.2617345584962937,-0.24935359492037903,-0.3435225595010446,-0.08644191577877118,0.06693904214116643,0.34217067708918825,0.36798598382507286,0.4314046888287694,0.47393300789077514,0.2763863963106056,0.4854948392281315,0.21799501574376257,0.3417677623859475,0.3733568663572509,-0.22129119927544877,-0.24514789575566492,-0.26740170266046936,-0.09679364558379679,0.026754218508768537,0.31243045475211007,0.16318073493586072,-0.2296195988835162,-0.23863880645312766,-0.2640960314450865,-0.16734603075105406,-0.09196496070752268,0.3166388159334262,0.23830429850070114,0.33788959788771156,0.37108469774665587,0.3389746314650407,0.3856410027508038,0.2051414391863956,0.31354347738845423,0.31769625546170005,-0.19897251831997773,-0.20546342228491368,-0.22394412969336808,-0.14582906670926923,-0.11066852114273609,0.31363868486958973,0.10036785514411578,0.018696874807502515,0.006581845016131918,-0.059304392257548924,0.09081308029007847,0.127925232941208,0.31197769148605103,0.006422140300652216,-0.24487192826609092,-0.1962932441794831,-0.2575073258623802,-0.11049006389028349,-0.0028620695003707284,0.31363868486958973,0.0664371120391407,0.1787970357833996,0.14984467696970877,0.08863018690065813,0.2102375965296349,0.2586589376164229,0.31363868486958973,-0.03356602857053192,0.01846141352792873,0.023273696832520417,-0.006765691159144178,0.05472254610425482,0.05152912802228591,0.31363868486958973,-0.07032575144990282,-0.057599847960654094,0.02719144068156769,-0.17980918128609294,0.10663186846039406,0.001683154603173207,0.3478521373533724,-0.10299381993567967,0.3299990634881032,0.39997856648527036,0.15698994320812745,0.22251493752653445,0.05382945604527529,0.3523791935355973,0.10002406612326929,0.07404271660339387,0.07028862374648048,-0.18279427759295253,0.24233452298459815,0.2592543484133499,0.3503982278083693,-0.09703418904926704,0.4503630687043897,0.4811741172192373,0.2629563512635481,0.5265781104849243,0.3334877880906233,0.3473783950577529,0.2205265867765996
item_51221_last,0.06603697272859103,-0.04274818500652982,0.011052381469581762,-0.020247799328999085,0.13521350120880107,-0.1813877097846501,-0.027739668732434258,0.002982546036430515,0.029019493626821182,0.050523796434497024,0.010495240408786424,0.002046743401662214,-0.17726596956041293,-0.01066650753072131,-0.04458364591309716,-0.0185370979645536,-0.0669402395632548,-0.0055001153721954965,0.13068472254609084,-0.16463590163302297,-0.051713958008309475,-0.11241203461294881,-0.10919023052408232,-0.10161648940252715,-0.10510991303588381,0.0567384449156321,-0.1776776076988593,-0.16098811132649501,-0.10786336808087063,-0.05531237079895425,-0.07545003670549465,-0.07792226162912051,0.06403628277344593,-0.16594156039801544,-0.13955890954672914,1.0,0.9152650338137082,0.891691094202504,0.7635745351498752,-0.23314729507711568,-0.33819088597642494,-0.6505718533542482,0.1597551444400496,0.21766772056827535,0.12501014562858795,0.19368921262355054,0.11141839076107457,-0.17864575239746627,-0.20993005235961865,0.05866364360853511,0.017535467785258097,0.0635574571805914,-0.0142033274795369,0.015481122344590008,-0.18065121281898003,-0.1719576800983925,0.11904344180929735,0.09838133340284953,0.11836495730808261,0.03077782268273772,0.005403179868461542,-0.30154403681753694,-0.2618813476910795,0.9400568977469324,0.8658755377826148,0.8563038585083137,0.7449903321502928,-0.1691283362804326,-0.2982526054276755,-0.5535119860806577,-0.1541533969426862,-0.18577004161451305,-0.10171169927227289,-0.2856527744606566,-0.45358487033615047,-0.28064446710666024,-0.2199691610842891,0.8885790887834487,0.8068546471561298,0.8033576724989654,0.7026072051279522,-0.19040774518056264,-0.2827936991225873,-0.4626203115503921,-0.001122395990440117,-0.006991864916244727,0.02319893870192181,-0.07772342983662626,-0.05696542215790189,-0.30270020794733266,0.06229550391544342,-0.005863436570663747,-0.012051671264482042,0.0884183867053213,-0.10297334232109005,-0.23596125699401502,-0.2827936991225873,0.034720522373272236,0.018778709044522047,0.02401891469125585,0.080790009161785,-0.03411152240757545,-0.2433727096628069,-0.2827936991225873,-0.07875982208132722,0.020207560331679673,0.014511348365974112,0.07542530598018944,-0.05425039325225844,-0.36991281362384626,-0.2827936991225873,0.11206652573210028,0.029993250283225054,0.025743215980958176,0.06027075942098395,0.039234283856666524,0.0392354209175915,-0.1713388404744348,0.0777690657148843,-0.05465263055714624,-0.029472783682460365,-0.10484324681446931,-0.025340228138155618,0.06977466198149465,-0.1760530463865691,0.05630718447039602,0.18381778874034704,0.0928746094642358,-0.02672065441559713,0.04534406167169002,0.07268720506300348,-0.1666582250596018,-0.17222546449071488,-0.03862528660293165,-0.02091315857577193,-0.006902979741239324,-0.110039449335149,-0.04440997530090134,-0.16343344306249563,-0.06056419403900666
item_51221_mean,0.06400340651116727,-0.04316517806517339,0.013934646837137457,-0.015103952936302357,0.14101217398400673,-0.12658750624824472,-0.10243415728080857,0.014757863251034743,0.030020074313954207,0.03940948236994684,0.028099763017799363,0.03594104166192868,-0.12264650015742457,-0.0451495584747583,-0.08595225285979542,-0.06580247875402054,-0.12322377020017548,-0.03559975650344004,0.12791163402173042,-0.11878067397275488,-0.07958537835352007,-0.07474288322739454,-0.10388552283680999,-0.08784344135327403,-0.07730939311708324,0.061583652652944694,-0.12172248224732538,-0.1519106668032118,-0.11519188187434318,-0.10234809952182759,-0.14136511515277692,-0.08073303834448978,0.08619968982913272,-0.11967713937862688,-0.17670156775449145,0.9152650338137082,1.0,0.9348650701251607,0.888791992040225,-0.13553251954304557,-0.2753307679239157,-0.702378308227611,0.1682554886016864,0.2193116798141843,0.12544937644558918,0.17015343261306004,0.09365548263072558,-0.12718661141561524,-0.2596467917131168,0.034690791273459455,0.03421431500485238,0.07246376993820636,0.01751623145788325,0.0659745277582438,-0.1299411492950198,-0.1727579673487036,0.10039794932331988,0.11665058237019825,0.14018390978593648,0.06486164059195318,-0.0043819437834354815,-0.24369045634399694,-0.2970952544375008,0.8869230348759835,0.9559500944673189,0.9100405942084412,0.8547815985927326,-0.08155771284084283,-0.2417700213238145,-0.6077686797002221,-0.22147674060519915,-0.23139746648617326,-0.16321386787840428,-0.2725301162627373,-0.3378209074032698,-0.24680670696753523,-0.2615103773190055,0.8467962527671206,0.8962657568190139,0.8606715126799748,0.812041507980607,-0.11211365630502572,-0.24700095665465188,-0.5408677351522521,-0.06600331989779834,-0.03910131143474113,-0.014776596457470296,-0.10275082302730587,-0.0708946480077533,-0.24693009922822706,0.07331594218669442,-5.264504011703133e-05,0.019207370968078584,0.11865099590845224,-0.061638063740393746,-0.25322530155507583,-0.24700095665465188,0.027217779861296858,0.004395815397249598,-0.010800525674717981,0.040531645218508196,-0.06404702451632034,-0.23436544175285762,-0.24700095665465188,-0.056460394775251256,0.01073807154120633,0.0020372423512217,0.060645436658110424,-0.05825248579115547,-0.38913460725054944,-0.24700095665465188,0.150919206190491,-0.03196810623451099,-0.015753830761665935,0.05466580645435416,-0.037812339137041566,-0.0330629602012107,-0.1261160165099282,0.10295823840710705,-0.0508015486318822,-0.03170512471146207,-0.14163945038751058,0.0012841520367808275,0.12616560461707693,-0.12127999463082123,0.06464142091282526,0.24333482224664355,0.18261281659036058,0.015038398054586058,0.11244051010036846,0.10499447088086367,-0.11915656298266789,-0.248070861683876,-0.049552326995948276,-0.04609196911834766,-0.04645470902522984,-0.09566104192312938,0.030891376828792096,-0.1202120799198025,-0.05686744989348804
item_51221_min,0.013114499958089219,-0.04601837958075163,0.13327639588734325,-0.13881588291079985,0.07757578737068968,-0.324120716846067,-0.07315298794993687,-0.0066392838880801434,0.010165673296890448,0.10604476023477166,-0.0602220608644628,-0.011727038532569532,-0.3205019652194462,-0.014985840767483648,-0.09017560762486526,-0.05284237691823768,-0.06464905474088498,-0.06291369209849157,0.0930019961749323,-0.31219634505085564,-0.0785298122736315,-0.1046298535732911,-0.11232591913922796,-0.00974736676636822,-0.16969027804173814,-0.01137006628699645,-0.3207705456318078,-0.17840973485639106,-0.19547038379035142,-0.13717235579155326,-0.0922185378038489,-0.17960653682101738,-0.029209165130109713,-0.3131283431680082,-0.20485833670629772,0.891691094202504,0.9348650701251607,1.0,0.6908245886562339,-0.3924042800609947,-0.4944388052523418,-0.68052951255534,0.18583197429668877,0.20644755258224637,0.22821747740793094,0.05356706494779697,-0.008354082225660727,-0.31814970881939714,-0.27515978579268946,-0.001037796227539845,0.008263349624328533,0.15353571088164672,-0.08247483671407678,0.01594097540401492,-0.32074507924161555,-0.21288313541072587,0.17327760956013913,0.2205851001315782,0.29903647169831854,0.05051364797490385,-0.0967464635021869,-0.44745093832173205,-0.33702321267287755,0.8600242257518628,0.8875669664322707,0.9614144242601103,0.6793238882501282,-0.29066003137599644,-0.4471038181360046,-0.6046557131809277,-0.202401430549829,-0.2269141667559398,-0.11996111278867358,-0.3275974512499919,-0.46848696294421416,-0.44406810492696003,-0.24251140412620512,0.839191051035914,0.8563480142178733,0.9242690938206799,0.6765826991932359,-0.30724234057044825,-0.4449761663098468,-0.5134522749855703,-0.056793271490773636,-0.038069824561455315,0.03276267470892743,-0.13863935346304965,-0.08938612815976493,-0.4506380383070039,0.011430850684706017,0.0036715399122134534,-0.031281362917618676,0.13571346487364422,-0.16949068152196498,-0.301367872666536,-0.4449761663098468,0.06025328623200254,-0.058144353579029515,-0.03865617770759949,0.054051967135865915,-0.13685085790093326,-0.3687613980968362,-0.4449761663098468,-0.02425881231995627,-0.03739304516658632,-0.04432860403185839,0.035434419473983424,-0.1269815612514601,-0.3858005022630609,-0.4449761663098468,0.21581543013488147,-0.032368575723536894,-0.021867783099556302,0.15376860133315046,-0.09916245330406681,-0.03279223799495842,-0.3124931447309006,0.05482843270366313,-0.09279438679776318,-0.08460358593348895,-0.04408606028609508,-0.07681795937779066,0.08114972828940248,-0.31899996779547746,0.03231091139578291,0.29393242597118774,0.22231665176215035,0.15116294003477168,0.048176358317077804,0.031169056660813484,-0.30652857295768204,-0.2971670131806844,-0.08430098237118903,-0.04949513364485213,0.052757023984343274,-0.20046399023630126,-0.08445377911246967,-0.3075756345682994,-0.07971682661956064
item_51221_max,0.10400351584475585,-0.03525295482211824,-0.1488538386531441,0.15065061981178304,0.2127856972395936,0.1780513194746226,-0.10442938787680557,0.04713986312521466,0.07469723892807076,-0.06974511746904975,0.17204404871317358,0.14845146167104206,0.1824831776424571,-0.050443555376001564,-0.04735734998597016,-0.059912112400470015,-0.16875786432685544,0.022134284109651736,0.1730508050792319,0.18735866111779903,-0.027008542551542072,-0.021283483688088287,-0.0585211804470305,-0.17512875805108583,0.06572368967524528,0.15115821889289877,0.18433212180781008,-0.058021737197953824,0.009975593607840347,-0.0295586323348708,-0.17044024740790656,0.0731146476263023,0.22452144787776596,0.18632232405039045,-0.08673573884228086,0.7635745351498752,0.888791992040225,0.6908245886562339,1.0,0.241415846401871,0.05702531378655338,-0.5867763172242919,0.12305456877067851,0.20732754780500592,-0.041966637390352786,0.3251172470012036,0.2725584654557963,0.17285182174574656,-0.1742940931688599,0.06512687273810416,0.05227341589238373,-0.06650198570140817,0.14935736255303045,0.15087255558889723,0.16973978335936654,-0.08062664015225422,-0.004266454543486976,-0.022320370181628572,-0.07979376961215928,0.10246604429612537,0.15415710302839392,0.06953541692487483,-0.19159705888538034,0.7429759291460869,0.8495380058749664,0.675929874432837,0.9315420939036592,0.21864302112873887,0.07298029637467283,-0.4888050707678519,-0.18776652006013367,-0.1743069442971644,-0.17034946252666022,-0.13470490444257935,-0.11057464234136884,0.0622798466341501,-0.2013199232147462,0.6984304119265762,0.7839563005600119,0.6335050507180876,0.8670388882610717,0.1939652900162585,0.06278992866201522,-0.4779003014343752,-0.07590103997992607,-0.04737936412808136,-0.09339456410661395,-0.04132650940157531,-0.01300269926899851,0.06755091802068248,0.105498798135307,-0.022207640837367218,0.04723751291243805,0.03808580043460139,0.06640525551350948,-0.11465922846873311,0.06278992866201522,0.011283366661152507,0.05463802080174926,0.000631556553118048,-0.01148354974036665,0.019635902950153494,-0.010839143722078762,0.06278992866201522,-0.06024552292337268,0.03713109480534495,0.022612757716186895,0.04024897970132262,0.005780977971192771,-0.3201902976096261,0.06278992866201522,0.07225425919906452,0.005375360532759203,0.020265622679235713,-0.07102127573993387,0.07574686051267038,0.007050391622015658,0.16696055690377454,0.1586863605873537,-0.007774922570833226,0.012365511980324739,-0.2624198471822413,0.09257545468512675,0.15306264605904157,0.191704869597666,0.07878769570002725,0.13206438580399382,0.09131083896856557,-0.1703146501017963,0.1867306891903627,0.1971793169855239,0.18425571916883293,-0.13789649680283375,-0.002768595611494521,-0.03280349272068333,-0.16601663249873674,0.06321617215357213,0.1603875702025801,0.1830511374783212,-0.029138360051835593
item_51221_std,0.04205410585938541,0.02357642003287329,-0.12446323071257685,0.1398611133040502,0.10881960189614459,0.2865200652952975,-0.05517456410997727,0.07931651792115751,0.11651551650155592,-0.08239461225116798,0.1910243919871393,0.22076453492337444,0.28856342786716527,0.08920208203248445,0.0011990030109370565,-0.06338794663487803,-0.1008510877699831,-0.014067501683269815,-0.02203175878263231,0.2835217938712906,0.02009575297706025,0.18181878035431254,0.1886331595413584,0.007054180854062916,0.2513001463236943,0.23609420005601006,0.29142817527341014,0.20009205112375836,0.14536423748511434,0.04804690892829388,-0.08598551848430928,0.1454821301133642,0.17348437601529887,0.2822899213535312,0.04586693084960819,-0.23314729507711568,-0.13553251954304557,-0.3924042800609947,0.241415846401871,1.0,0.3299222815120091,0.12467171065324724,-0.07335663823192229,-0.05106248298823567,-0.16487514068378067,0.13434153058350268,0.20886830700622938,0.2790780754400371,0.060885940345157014,-0.0352753383826357,-0.050540760219877454,-0.1789868352132725,0.03124806364207057,0.047005205667572575,0.27815158746088847,0.06811977535218892,-0.13711292903591432,-0.17787647259399747,-0.2852119700578233,0.029610019623970155,0.2630012862980909,0.2909032376090189,0.07596629414526025,-0.20348158578847883,-0.1273212596253368,-0.35885481419136034,0.16400913476421677,0.852345658734941,0.290643003123846,0.15943714869087114,-0.16718288368348933,-0.12331550993096872,-0.1999603234337828,0.0024050767234641396,0.3008234157988938,0.2753346130611807,-0.11499857111178274,-0.23296124280658578,-0.1606479406725462,-0.36166169127351316,0.10050192283360619,0.86571021533855,0.27705939181110284,0.07478216227241945,-0.080264646559268,-0.052018749940422444,-0.12310926018400362,0.005367764242567277,0.04633462570998628,0.2922489428644526,0.06003982856281873,-0.03775611850412638,0.039596396991935186,-0.05803395459856317,0.1432320371519198,0.21944594708413978,0.27705939181110284,-0.03032210328155752,0.11166106813981459,0.05034662566535389,-0.019637326849372007,0.12628307472424258,0.3724802944037929,0.27705939181110284,-0.004174144688555719,0.06815923258451935,0.0560246728254245,0.017064191058328456,0.09758052243171,0.14440213373688557,0.27705939181110284,-0.19538468376286053,-0.09504465114422977,-0.0618105093952177,-0.1305979871680745,0.07031799691662585,0.09920312396246721,0.2611785622626806,0.17438279966824527,0.03202995696582688,0.036355782283420554,-0.16842904554672614,0.1747958238242615,0.17387903669688703,0.3123974438876367,-0.011441546221956877,-0.24539932862543265,-0.18408711896975802,-0.23715264897319271,-0.038821256668158804,0.13751259454492995,0.2867203171745293,0.14745801625680904,0.015926857969964663,-0.014466595158211875,-0.09315725809176656,0.08753495330362367,0.12764286448919596,0.2885354050749111,0.15399375021607484
item_51221_count,0.11440582875969409,0.010591427610664575,-0.39875230011874585,0.4552206226362544,0.26556095598483154,0.905518150504327,0.04481572526057888,0.06814178133224641,0.043074205401459315,-0.23005503950029338,0.2620834716845965,0.2114890679671186,0.9054274198125314,0.018013384422477435,0.16376169374666497,0.08149700212205435,-0.050869758237194404,0.21143283692729054,0.20480609327517543,0.9007256978915158,0.22133563963666728,0.06114294389307715,0.003492759249865315,-0.21912151814886188,0.24775446267780052,0.14736890462429847,0.9059431140890666,0.15527798081652436,0.44647587709564823,0.30534361805207844,0.06347711772114352,0.5025442088569076,0.4445454986211594,0.9020121591471391,0.2856799991951782,-0.33819088597642494,-0.2753307679239157,-0.4944388052523418,0.05702531378655338,0.3299222815120091,1.0,0.19963968813579377,-0.22163648350091586,-0.14486353891897033,-0.4847123745124737,0.21574474848135827,0.37658858283362456,0.9033725616749927,0.2862585102345907,0.25146260080397387,0.2343197832232988,-0.1429405654238762,0.45906928670955,0.2699471218737278,0.9044108383296371,0.24262872130377003,-0.28026783632045155,-0.3482104524059907,-0.49797855078817344,0.07612975488289475,0.3244305039591648,0.9817702558139658,0.3074205723682547,-0.36431128863223566,-0.2689704628387543,-0.49833930258211884,0.02331075498878178,0.22713061141670216,0.9846059342255377,0.19494772434037408,0.225305478067357,0.27787799364351357,0.11556331074696989,0.4926672185686658,0.6972043356128528,0.9714420555844536,0.2306058317153343,-0.36378511680203546,-0.2795032781772886,-0.47968665743328825,-0.01971317561799435,0.20383688161510327,0.9733409523574429,0.07787000828493912,-0.023906803897381482,-0.028825182738206417,-0.17112840270986526,0.15585316990545364,0.13949646844766989,0.9848191378483102,0.08738078796243423,-0.07559180060947716,0.057995075108454544,-0.20453544292894163,0.286954433282134,0.32204338221573814,0.9733409523574429,-0.0892931311879125,0.15018263139050889,0.04736994483797048,-0.11340943733783164,0.226119239873867,0.5906988316103037,0.9733409523574429,-0.07966334848539876,0.07998770238507046,0.06354309242629698,-0.03355327555952939,0.16896123068217234,0.18011413953711777,0.9733409523574429,-0.17322118034329914,0.04298901511621535,0.045943426850407025,-0.2865086157176954,0.18591993389294215,-0.027576356344242374,0.9001147035446959,0.028350023397355012,0.03888643620822242,0.09534623192071222,-0.24535897231231787,0.12458858285219516,-0.028626986673412905,0.9052131245951947,-0.035699082625019384,-0.1467556117880375,-0.1132047564703206,-0.41806782841735796,0.3131687985778271,0.28250239703915736,0.8958744086112392,0.16190492501696177,0.23787087682713862,0.1123839239803268,-0.26588013034409386,0.5443411125116324,0.4957295416737197,0.8959248220482215,-5.4366567420113826e-05
item_51221_pct_abnormal,-0.07564028535166013,0.08520601951603661,-0.042584080564422234,0.08357132794199962,-0.02673946308948483,0.11909633158733726,0.12266641542285601,-0.1092386578081774,-0.12255454994527581,-0.17175364896170367,-0.0551097262928547,0.006977749354200359,0.11584891971986461,-0.015087015681495553,0.07022158956479392,0.08228687768186305,0.0980793541686591,0.07969577098756427,-0.0200338677150466,0.11946083457592087,0.10489753987516935,-0.02041472373583355,0.01234040683092602,-0.04141277770263047,0.0376411549857177,-0.036942885755069065,0.11617606768271793,0.03644132045723679,0.08115481578367228,0.09459701274446225,0.0898217010797378,0.09209423003149848,-0.02528709476227926,0.11968050551096429,0.151999365505193,-0.6505718533542482,-0.702378308227611,-0.68052951255534,-0.5867763172242919,0.12467171065324724,0.19963968813579377,1.0,-0.023270339974984303,-0.11176125704112232,-0.09053956960957177,-0.05244702844486699,-0.10771886100391401,0.11930720197692811,0.11030145199685316,-0.11263664598924256,-0.0665125203460425,-0.13989829106536142,-0.005516096692024539,-0.07041812577407817,0.12090434785251182,0.08535698329442575,-0.045444401462268635,-0.047049960423647515,-0.09362084099883626,0.025970374482782395,0.07462720452546658,0.16635081993759063,0.27917772180387723,-0.6213222283079922,-0.6578137538253794,-0.6532055535193153,-0.5429406511974749,0.13172018926540405,0.16618795791578575,0.8689211524859108,0.09992603703755697,0.10700345406076933,0.06833484022783162,0.13272719647420286,0.14253287333461961,0.17527039972950023,0.16806106953019936,-0.5985572802422203,-0.6216286890579573,-0.6176819971808307,-0.5275396180989605,0.12814109624071524,0.1750605268917256,0.7106563839380805,0.02414455790513196,0.029688407255746854,-0.007898937361704531,0.07052569403856877,6.731190727652467e-05,0.17140510432158904,0.021546855533412887,0.04071328857067982,0.03075204475705075,-0.04243557535025908,0.09032046103038066,0.10648993655157399,0.1750605268917256,-0.10078949804909407,-0.02411350909922222,-0.014240193594583919,-0.04407656769629506,0.021656512094878906,0.011612188206367514,0.1750605268917256,0.046301434014893686,-0.0025895277819919463,0.0023081056745839737,-0.04007276610526073,0.0465517497604454,0.24503869438327305,0.1750605268917256,-0.092494830845688,0.05079407564339438,0.035966157672172185,-0.058642308519783456,0.0339016102124516,-0.005971696187941478,0.11178039799293316,-0.13505693228667368,0.03477234029919138,0.09370085778376652,0.10376878878892609,0.07588248840025061,-0.08320109035637073,0.1232383844758255,-0.010738709804914053,-0.23783604978428938,-0.16214583566428248,-0.0659852988630078,-0.04589412902431018,-0.018038623312250906,0.1200730608328267,0.24706939617299184,-0.02199372856542381,0.003824936433586964,-0.020622444861366773,0.07165597036909005,-0.011399634333408027,0.11903091450193547,0.06922240991486464
item_50882_last,-0.12816673009285579,-0.033109148986812935,0.07345848336829948,-0.14629756860128282,-0.15148224297570978,-0.16935999094115003,-0.08753139354916108,0.10502118833022006,0.10775606446214551,0.15601372241713643,0.015367437534984426,-0.1211305884811448,-0.16803046660576737,-0.24862073948416125,-0.3960686249573325,-0.2576090727585173,-0.253754037685143,-0.2633640534955581,-0.13503335512528167,-0.1591347100599315,-0.22409942069578948,-0.17780623756038358,-0.1263630575958184,-0.0321599151371346,-0.14619017833884657,-0.12175153637062457,-0.16608572693144377,-0.14763947023860646,-0.4121679059563679,-0.3238415693707068,-0.2959708160672306,-0.34092211778206377,-0.24976556333886346,-0.1578038431006984,-0.2617345584962937,0.1597551444400496,0.1682554886016864,0.18583197429668877,0.12305456877067851,-0.07335663823192229,-0.22163648350091586,-0.023270339974984303,1.0,0.8397073097506963,0.7253628093921267,0.5916488160941212,-0.12404283344554579,-0.182253041609011,-0.5639539358956687,-0.6202403884948177,-0.5073682819426898,-0.38838868859328085,-0.4771917410331405,-0.23457612825005741,-0.1828638142546349,-0.243132212336449,0.22338372189923725,0.2846210300122348,0.23238782483150752,0.23729698465501295,0.16752032273255185,-0.2567438878057454,-0.1653279518898315,0.15087784770435378,0.12998804437395567,0.17373317899806728,0.09630935530185553,-0.05034580048905645,-0.25734491647640806,-0.028130331686675142,-0.06117709580732981,-0.10975032081958086,-0.06134872763577175,-0.19919970298095538,-0.323957935350753,-0.2179564073643158,-0.072085467976999,0.1482615338327412,0.1361300520693787,0.16663075121339643,0.11438020687646813,-0.025481014544241013,-0.22072618136286437,-0.06748519273687306,-0.27890226634649135,-0.2836815780853061,-0.21598934419046448,-0.30334755710194317,-0.3319629003126081,-0.2475939079945414,-0.19337457348566808,-0.09314860750259955,-0.14521470770498823,-0.05802704636844728,-0.19890824387001563,-0.19925258599921183,-0.22072618136286437,0.1427716803931919,0.025549883191385812,0.043845234482679546,0.08742480344677889,-0.012078655004665116,-0.26823788038549035,-0.22072618136286437,-0.000910924279530444,-0.02799844024770142,-0.03806580110875171,-0.02556022009224627,-0.06102067857564654,-0.04574988830458578,-0.22072618136286437,0.07985722316740994,-0.12858432739419828,-0.1712734152207699,-0.07242165543562355,-0.25025095209865283,-0.21178093329350264,-0.18843253437045887,0.022328818825361012,-0.07557594277668707,-0.014838857140875546,0.15564759526920852,-0.1253191223498719,-0.16685578739832296,-0.15078857401452683,-0.08988618283471034,0.15058891758012555,0.1177407801707195,0.19303247287076605,-0.03246580900075376,-0.14358175043294444,-0.15138032069259483,-0.10060703337332647,-0.2782417212905856,-0.14761202796931183,-0.08009300594614278,-0.2620684768895189,-0.19482859656806267,-0.15924294970544633,-0.23061238221096603
item_50882_mean,-0.0221670184432868,-0.1206257738793383,-0.012039699041576691,-0.12402141442719708,-0.15184200233116085,-0.12938090428264212,-0.0520905599702897,0.061378640266288635,0.12468260127229237,0.181219491999204,0.021504617060645815,-0.17544634875076498,-0.127928303292318,-0.2789197731505996,-0.35628423045434654,-0.2904948902071381,-0.2859568425404477,-0.2856315994305313,-0.17056079939897176,-0.1256292502483782,-0.20532827975470794,-0.2066612840503836,-0.20689645567925985,-0.10816801905620985,-0.212173459292601,-0.16370262316694092,-0.1264778876719305,-0.09173686450557725,-0.3524325025461929,-0.31219061669086395,-0.27092956864100814,-0.31392351062379625,-0.27967788427557816,-0.1237151759565825,-0.24935359492037903,0.21766772056827535,0.2193116798141843,0.20644755258224637,0.20732754780500592,-0.05106248298823567,-0.14486353891897033,-0.11176125704112232,0.8397073097506963,1.0,0.7899313734468864,0.7994364020776429,-0.047759903284446036,-0.14713953461722154,-0.5989183075867364,-0.4290823510375536,-0.5196931003521763,-0.41502335093133724,-0.4478801118255773,-0.27819651600210155,-0.14733359756309164,-0.2788645145910351,0.22708422991422308,0.2553371963226333,0.20633270609639556,0.2320817501294124,0.1295228347173224,-0.17958546340454584,-0.10858639198298967,0.17770865085480306,0.1618241601817189,0.17422877182682722,0.1509130159262061,-0.05177624695798799,-0.17362847243161922,-0.042954599945660615,0.024976983483524538,-0.004977556609410692,0.03261187021920381,-0.05789993792609955,-0.20051824753676278,-0.16560935867147725,-0.00085778324189561,0.2415968114500171,0.23685616101034926,0.22847801184797015,0.23893777449973336,-0.011783138157739388,-0.16680178400469675,-0.15272946809708887,-0.25298263679323274,-0.2638535589641364,-0.21133495595315221,-0.28790188351900703,-0.33498265527885407,-0.17776257140951623,-0.21957311955689748,-0.16487946437932455,-0.19490872181443442,-0.14877438372928367,-0.22161522142334691,-0.14037574776026968,-0.16680178400469675,0.18924044836180084,-0.05479882975660474,-0.055483047783140026,-0.023329689847307065,-0.08229408019209927,-0.2395435650448788,-0.16680178400469675,0.05598148277934378,-0.12479397236491568,-0.13552525304231544,-0.12705400393209093,-0.15309986872614925,-0.06871617787981396,-0.16680178400469675,0.13173905745465514,-0.05277556855715357,-0.17469737415282452,-0.10047750912487714,-0.1567723367415836,-0.13311754731878603,-0.14615110175588525,0.031005954931422646,-0.06048538365255512,-0.05950958517177219,0.17215379999671182,-0.1976205858569799,-0.28789441279906497,-0.1175923972342949,-0.14567460213377678,0.2575542603965798,0.18213594394028332,0.23031417452767405,0.013035005902917656,-0.1822576898891319,-0.12245893753378861,-0.1686089508992779,-0.13923509479996757,-0.13662903558848055,-0.09677846345818958,-0.22220423762420244,-0.16421213701443252,-0.1287331408861945,-0.267752250941333
item_50882_min,-0.13458665434857842,-0.09820491665389712,0.2520824476627764,-0.3793874741007146,-0.37109964798306755,-0.5271473410911133,-0.100359238581208,-0.022321156293150013,0.03568764717785833,0.2960599524036693,-0.205459596626095,-0.3378596462861196,-0.5275441643963766,-0.2816714241389896,-0.3708491741374768,-0.2900124894449921,-0.1852003961614682,-0.36267911004162656,-0.3126013462708929,-0.5364110611960042,-0.3124354913038846,-0.2167476838248048,-0.15718360068524168,0.1425397277178255,-0.3546531861367956,-0.3817348697077933,-0.5264798533060776,-0.185244382698171,-0.4776117465807892,-0.40738745393807374,-0.22854613377906602,-0.49632446298533356,-0.47380527323525784,-0.5349588209962087,-0.3435225595010446,0.12501014562858795,0.12544937644558918,0.22821747740793094,-0.041966637390352786,-0.16487514068378067,-0.4847123745124737,-0.09053956960957177,0.7253628093921267,0.7899313734468864,1.0,0.337181032870679,-0.5522337952286787,-0.5406872048136476,-0.6328879031332459,-0.4341837290541395,-0.514674007004091,-0.14876649900649405,-0.6919103647827294,-0.5570983084422773,-0.5393206972026133,-0.38026991883391825,0.27522540137227913,0.3332628804032039,0.390595043773024,0.107647266902726,-0.10511087660097457,-0.5209750943523682,-0.1405690144092692,0.14608098019921656,0.11352803722340471,0.23757060778738437,-0.045532491927501764,-0.12008497388771139,-0.519901000598899,-0.08348921714999927,-0.16711527779006788,-0.19859100198021815,-0.1152090547847363,-0.28802364443235884,-0.326964308707795,-0.5144682272330572,-0.14811200890737816,0.13614870753250152,0.11115711711333359,0.21846422378180658,-0.027692694826003332,-0.10974927835144187,-0.5151085624673645,-0.047460166061110545,-0.18039601291316046,-0.18632053578209395,-0.07606586752035122,-0.27701562410909364,-0.29628340469864056,-0.51740097681122,-0.18076259792206592,-0.0010405964636626239,-0.09934095112116179,0.07135931171621611,-0.23886620138743847,-0.2970594254975276,-0.5151085624673645,0.08373972049816429,-0.03543309557047868,0.01523380837838849,0.1139693994960632,-0.09573439252372759,-0.4452905748657631,-0.5151085624673645,0.05834760507207677,-0.029935095057513825,-0.03301129189529773,0.01501360920066029,-0.08874203167325691,-0.051370832807525864,-0.5151085624673645,0.16312117310555813,-0.10101453700062588,-0.2788883500118874,0.10819320431814809,-0.4268299743071038,-0.31454576352376223,-0.5425774424587908,0.009029048563936113,-0.07998439703990361,-0.11863666193574772,0.33509879006739474,-0.2746410737349386,-0.26177896826241237,-0.5328469402985055,-0.11190591890994785,0.28321533530670817,0.24483560541584945,0.5169378115932444,-0.15825317009841874,-0.4192783769621403,-0.530511779221143,-0.23443928228756256,-0.16180028777062064,-0.12522653053389887,0.13231005928217407,-0.411005101767275,-0.3516859868430867,-0.5377209516162638,-0.2222693723070142
item_50882_max,0.03148740208270389,-0.12704093634777452,-0.2851723464638292,0.090590169834034,0.06833582643736799,0.25087184464678725,0.00542818207637337,0.032243362216745765,0.1173257424044095,0.006064963465373101,0.16789201968169085,-0.025968886113590755,0.25333965649914325,-0.18509807528297742,-0.2116110341356481,-0.18608378690823396,-0.27482927213769004,-0.11103767034055465,0.02268120611319397,0.2678144984116733,-0.04561461551378402,-0.17009173816233752,-0.19646486482148057,-0.335406050908655,-0.0421466569503025,0.11471262794411638,0.254496685860208,-0.03333947286249115,-0.13561012551713608,-0.1331117204587913,-0.23006873921371437,-0.04968059480375464,-0.01767111890179942,0.2695119809724405,-0.08644191577877118,0.19368921262355054,0.17015343261306004,0.05356706494779697,0.3251172470012036,0.13434153058350268,0.21574474848135827,-0.05244702844486699,0.5916488160941212,0.7994364020776429,0.337181032870679,1.0,0.511324214329186,0.23840126033847953,-0.34402254705969243,-0.25817516526993883,-0.34358983431778384,-0.5395083024081249,-0.09231197356193231,0.07674818505730191,0.23738688209725597,-0.092031131362838,0.09687914828979924,0.07352902789454507,-0.053333253581832905,0.2310830130897584,0.2713179198701696,0.1854671171375542,-0.031548668468761205,0.10952173215936475,0.10922214656852969,0.009118947518358992,0.24800414454219832,0.07589667894371048,0.19463381591970488,0.017477164260241613,0.09953843119658158,0.08659782387223094,0.06176777958409682,0.10387119697274416,0.008631872981636108,0.20350297906857542,0.09889939172666014,0.18354103724333648,0.18630689562194683,0.07691504142720085,0.32163547451525687,0.11048187197192433,0.20253967076900922,-0.13909413177248503,-0.23563969967066833,-0.24829462932653124,-0.2677467265442584,-0.19609336958359125,-0.25658778199666576,0.19083657699323284,-0.19854656444496885,-0.24797545163732182,-0.17684230476438492,-0.28204382452897125,-0.09099624567085934,0.11094131724093069,0.20253967076900922,0.1692947494215288,0.005609393741012382,-0.05221557060739698,-0.09432933606874568,0.015573198594174439,0.08913677534033022,0.20253967076900922,-0.010861464297149332,-0.12056745664316182,-0.12744938301252817,-0.15902236246083407,-0.10308801137467222,-0.050789904057219504,0.20253967076900922,0.03173537703432926,-0.009574533702059285,-0.014218723229540866,-0.2669812829397475,0.208011838999744,0.1672558370337875,0.23848288054864245,0.03495654721347919,-0.026569658897716075,-0.006788731788140593,-0.04382461344350754,-0.07743977503980529,-0.22134827346754676,0.27556908089021975,-0.14171532294082,0.12547023782329186,0.026958797590332963,-0.07086357412959507,0.11511220019360571,0.019837174065346054,0.2640983685435941,-0.012922621994647639,-0.05624710047334086,-0.1012754364398303,-0.27523001746038345,0.021975479197008263,0.07577180839979979,0.2660110838378954,-0.21893032616289376
item_50882_std,0.13422707575522838,0.006779119827919716,-0.2764251689483192,0.253229612935267,0.33488367266287644,0.4328212898005481,0.12005137745395109,0.08988259338091895,0.1173210555306335,-0.055270154339624344,0.2317033493155024,0.19432263765386237,0.4352127314415334,0.10124789855752095,0.0798908865830456,0.08039514067872247,-0.060499331881830945,0.17394393354984894,0.28315625322036725,0.4577286185922663,0.1548866832047572,0.12222793872268851,0.04679448748351104,-0.22470308198326883,0.20917271920021605,0.3707643570736306,0.4349180830858564,0.048631956558601405,0.19095992869958905,0.17322893685063034,0.008811392770754658,0.26406756375612644,0.31824530884402197,0.4565661045969024,0.06693904214116643,0.11141839076107457,0.09365548263072558,-0.008354082225660727,0.2725584654557963,0.20886830700622938,0.37658858283362456,-0.10771886100391401,-0.12404283344554579,-0.047759903284446036,-0.5522337952286787,0.511324214329186,1.0,0.4360238173015124,0.2173317459872609,0.08481848816379674,0.14220579389851057,-0.26862532085149665,0.43649864751986817,0.6415931580389937,0.4344917551766775,0.2172267545548899,-0.11438820282570666,-0.17349243120060734,-0.2948740175032379,0.07669479333249042,0.27229783022399545,0.3828254765216264,0.06792526492586326,0.03673618582078814,0.054278695796126875,-0.060819093540705894,0.22857128355752906,0.17199256665965731,0.3878562084713961,-0.04112713016017561,0.07970232572556508,0.09596817893431608,0.03595671764978511,0.1612572814872465,0.20365073305180065,0.3899825039776435,0.10270900383018366,0.06668002023877524,0.07595923778142163,-0.029601877765228077,0.23174355652449172,0.18477434063674486,0.38987997142480924,-0.13891234157450918,-0.05016205763197758,-0.05616258783496257,-0.11493187438528096,0.009352436723335262,0.027894056528859915,0.3851477533470388,-0.11102685289772274,-0.1706339251192494,-0.060073353057090155,-0.23486521829102536,0.07247147410797146,0.3960649380091857,0.38987997142480924,0.07834657015745772,0.08751287229751199,0.01102291037030948,-0.07170964292343977,0.11679516991340298,0.4052910005700694,0.38987997142480924,-0.12933152297170816,-0.018537726014415747,-0.027466104177415053,-0.06584374750428221,0.006801498347731196,-0.0014095611899513254,0.38987997142480924,-0.04808245011984121,0.020819043286678763,0.17854597459469515,-0.17775738851117978,0.4205050208941534,0.38085556945933596,0.43933257643663043,0.029993863853395017,-0.0766919456319716,-0.054706911172887604,-0.27127564251806646,0.01250251760222769,0.01982372069224802,0.45755721207054406,-0.10610345500448465,-0.1057082703234455,-0.14832943794125067,-0.3336003434164167,0.12115394908603921,0.3006981016366439,0.44886431325019727,0.13921738204554013,0.006366029083342632,-0.009024826628613132,-0.22704278031081984,0.19499449224992782,0.23331566542601404,0.4595439671057211,0.019290126228901448
item_50882_count,0.09434760988461494,-0.00974995468390259,-0.46165230602579493,0.5006751190459974,0.34731355940268444,0.995576185778942,0.07324680031976416,0.10441444868491484,0.0758894956413757,-0.2878911796747694,0.3442447775643586,0.3520514588050956,0.996402056206533,0.10565986910979364,0.21785066555929364,0.1375626070654934,-0.02603800178196408,0.2800359339071879,0.28885915530008727,0.9948021550883961,0.3158788641331934,0.05133716065249129,-0.0048967698570092305,-0.2994072846451239,0.28901103338864853,0.26991028718077464,0.9961818992529418,0.19905282603405638,0.4979975521808107,0.37431613519449464,0.07372393708287685,0.5842535100329518,0.5653893429499494,0.9950721015622804,0.34217067708918825,-0.17864575239746627,-0.12718661141561524,-0.31814970881939714,0.17285182174574656,0.2790780754400371,0.9033725616749927,0.11930720197692811,-0.182253041609011,-0.14713953461722154,-0.5406872048136476,0.23840126033847953,0.4360238173015124,1.0,0.31291609746325894,0.25840476372078836,0.2798111568955902,-0.13639792814968937,0.5278889221212874,0.3328992487776422,0.9998583992575885,0.25753123505583414,-0.20948236845885032,-0.26073517948514546,-0.42196790147906454,0.1662997002917426,0.4072425918162198,0.927496537507884,0.21707470911693982,-0.2356784092838018,-0.14586080623229286,-0.3448038637362197,0.11986766914190468,0.16749696858984964,0.9219857713940824,0.1266337418189509,0.26039520087988577,0.30071497768544864,0.15535096392716932,0.4784222139751409,0.599134855280754,0.9192973911497496,0.2577018046012763,-0.21154458258960368,-0.1284237198192049,-0.3061189109375543,0.10939656777023805,0.1560630429931947,0.9202933839559354,0.012057126194866366,-0.05879701488427888,-0.07060491545442006,-0.20235977685937187,0.11923697822726838,0.12424895890386785,0.922853446194994,0.06354391369875961,-0.15730576673278243,-0.014317536333360971,-0.262834803046395,0.20921033563597183,0.32120470896512204,0.9202933839559354,-0.05763328757818766,0.1293314894781073,0.015182458594144242,-0.13423642226066537,0.1872929276934359,0.568705215693574,0.9202933839559354,-0.03421757016307495,0.024228486825730564,0.0027002208259808277,-0.08615982377322294,0.09956250911414773,0.13804355034470595,0.9202933839559354,-0.10935226571534258,0.06232231489414652,0.09595696792263307,-0.3106805022536549,0.2818874112569334,0.0718704432113222,0.9981592326819945,0.01609181140974969,0.05272359415030935,0.12587630153442392,-0.29365944184135845,0.20615726699750173,0.045681994591192265,0.9920618299538673,-0.042783661705537816,-0.09032115437574152,-0.07125247184109793,-0.4613087913624089,0.44295992264625395,0.40397098095893297,0.9898553324743545,0.09474267167306047,0.22304698618923866,0.138258889545857,-0.3000713636609444,0.6192165453199339,0.5866213509219609,0.9907401235774784,-0.007978262504496387
item_50882_pct_abnormal,0.1502770685093454,0.14874565819667745,-0.06815519157741998,0.2743693501445419,0.20555499351396544,0.3055314280991402,0.1395837624305405,-0.15850154695019458,-0.20488467661984844,-0.32408907171052015,-0.021659645676498644,0.18656982422457694,0.30370542448358284,0.3648665363023764,0.38371161129352044,0.30157751300937735,0.26110599831206743,0.3217251415261907,0.22173982032673173,0.3026977177984068,0.34050220379439833,0.01820519139132353,-0.010834969927203415,-0.17487101661939466,0.09615226025562564,0.18292397146290476,0.30249871965127056,0.3132668125246711,0.3766003676588599,0.3447022935686619,0.24331195042866766,0.3785583113295771,0.33901873296147655,0.3015482415175329,0.36798598382507286,-0.20993005235961865,-0.2596467917131168,-0.27515978579268946,-0.1742940931688599,0.060885940345157014,0.2862585102345907,0.11030145199685316,-0.5639539358956687,-0.5989183075867364,-0.6328879031332459,-0.34402254705969243,0.2173317459872609,0.31291609746325894,1.0,0.33706552607869855,0.3569316338401397,0.15152496609012855,0.44090774630691754,0.3770920231344281,0.3123829066254664,0.4535127313591452,-0.22670361939357767,-0.25062522643327906,-0.270800316346972,-0.13771202260116377,0.015518750453007508,0.3265059878824012,0.08606842619534538,-0.25067084809035334,-0.2749400650633292,-0.3156458275455551,-0.20075251317848755,0.004802719967827036,0.3232340904686315,0.0837746670572732,0.2808721323447892,0.30005711366812504,0.24354510336061064,0.34233304404432396,0.3028708773864969,0.3219700932947185,0.25921171745382027,-0.21904011786734595,-0.23920793278814476,-0.27405652354509574,-0.17349513933498975,-0.0019009714090444533,0.32234238753926275,0.07922177174999223,0.2114559835906079,0.18950684652130254,0.09113690215183276,0.2721797212042694,0.336937352550893,0.32348219882761864,0.08326154997233637,-0.1150753951070472,-0.10090362498008339,-0.21003364162071503,0.003346460398080654,0.21442763023268716,0.32234238753926275,0.09554448700908902,0.03982715716102193,0.03421603587738502,-0.023436329513550208,0.10474742407351802,0.30082703553276036,0.32234238753926275,0.08617052262666662,-0.030258767211177467,-0.03192167746706221,-0.06890201884436395,0.012615046218951232,0.07992180158610378,0.32234238753926275,-0.14134120802389147,-0.011074641863522257,0.12338751697065824,-0.07764600021331783,0.21809036675355728,0.13969464110276508,0.3146971027043199,-0.12444921279665853,0.11180288059821077,0.1253505013454855,-0.18574739945238955,0.2953807115529482,0.29150305819179617,0.3012276441709213,0.11875699268297363,-0.31395241769431814,-0.2486523754943988,-0.3375600924025443,0.040282000770682135,0.2647780751583115,0.30448631625175304,0.2710054355775207,0.18984214196719387,0.15792045214540246,0.001907561298874067,0.3072057539625648,0.19736780525353992,0.30960289755962667,0.2726597397162521
item_50868_last,0.23289363566325177,0.2074437561577406,0.05083699172127208,0.3054811175308884,0.2253910985023807,0.24654158900334064,0.13433996997377465,-0.09919599479579853,-0.11227951940229457,-0.13080158243746326,-0.04089315553517375,-0.0042548359764553395,0.2447164685417933,0.3030322791134533,0.654782296332146,0.5370715751097159,0.4631983918547707,0.5677914426099858,0.4446492704041782,0.2500857564189314,0.5244078916121914,-0.3122709689750262,-0.32371764006288073,-0.3194198278177011,-0.22665224812319512,-0.04066820929345506,0.24452373557814117,0.2223623165159323,0.6643359371931503,0.6130948814810606,0.5094577178746549,0.6219828374169788,0.504188031711006,0.2528130616410778,0.4314046888287694,0.05866364360853511,0.034690791273459455,-0.001037796227539845,0.06512687273810416,-0.0352753383826357,0.25146260080397387,-0.11263664598924256,-0.6202403884948177,-0.4290823510375536,-0.4341837290541395,-0.25817516526993883,0.08481848816379674,0.25840476372078836,0.33706552607869855,1.0,0.8543103170706311,0.7198721680477049,0.7209656276528972,0.23300001216092397,0.25941356917704095,0.5242592708529477,-0.1388353604278215,-0.21511196898680268,-0.1843583420896591,-0.1461271824719168,-0.11853127753365546,0.29620968547483734,0.23864545628057127,0.017915933152360532,0.01122079777658718,-0.03726448468675847,0.01806811602714086,-0.10667143120684255,0.3044092465314361,-0.03979129537818256,0.23216739038692985,0.27876315604528457,0.2537445752323327,0.33845328337794783,0.2563140484917386,0.2651074360101007,0.18717192206239666,0.058508792642798756,0.04600000034078877,0.0028015482291486988,0.05339274776107564,-0.1142247494857349,0.26760806254618047,-0.06036214750726919,0.14478898938104073,0.17229257322600594,0.09770517219630374,0.22123723836066012,0.25783545859090523,0.2912879332810985,0.23195550464041917,-0.10881401798560626,-0.038375825702548806,-0.10534270987037973,0.02110325221114361,0.07239927938697832,0.26760806254618047,-0.09437313358878656,0.023837339982644666,-0.015829673731254858,-0.06066578811233256,0.040371838901313774,0.22547133803893143,0.26760806254618047,0.0239391986782222,-0.03343844888142088,-0.03032251980018287,-0.048968260391401904,-0.002151225704291882,0.004850172982486628,0.26760806254618047,0.010608530950212703,0.2014189294322589,0.16563529474304736,0.08396210895588166,0.17900872059331796,0.07310868802345692,0.2672629195818753,0.010009707745603271,0.1722105589407667,0.18775572776869948,0.0033369719247328972,0.10114219902762699,0.08276745278173644,0.2397947195631716,0.17119324350185375,0.16327187000088164,0.17768603969358826,-0.09510742216616408,0.33673797520619725,0.30515105333450976,0.24833087073906646,-0.15280819259782266,0.6564000110052448,0.5430172443331669,0.3543626188691554,0.5868677031653738,0.3993506112442828,0.2508559867747113,0.14528451518375204
item_50868_mean,0.22525826235549515,0.34586898534730914,0.15386839190538168,0.3796202032926616,0.3112811227709207,0.2612962215129968,0.10192017531085966,0.0013547508646872136,-0.06256310989595645,-0.10687137069060493,0.022701967083736216,0.06596003707633578,0.2604563329238973,0.3518497167247503,0.692499402477236,0.6611593965702228,0.5711485169701473,0.685371566400264,0.5798402471100967,0.2723550418434481,0.5344014017843274,-0.2218701866503595,-0.3080432657503478,-0.31127584314498896,-0.2006092852493879,-0.0072554545844619265,0.2602876967072759,0.23655843680712374,0.636804444544998,0.6400164314754532,0.5066237195217327,0.6610390429829529,0.6087762409268679,0.2752899378520741,0.47393300789077514,0.017535467785258097,0.03421431500485238,0.008263349624328533,0.05227341589238373,-0.050540760219877454,0.2343197832232988,-0.0665125203460425,-0.5073682819426898,-0.5196931003521763,-0.514674007004091,-0.34358983431778384,0.14220579389851057,0.2798111568955902,0.3569316338401397,0.8543103170706311,1.0,0.8199617874537567,0.8653527121653252,0.41804154901239576,0.2805908943193895,0.6560578358297824,-0.12033711863792465,-0.14733555461264475,-0.12319287142801554,-0.0744136482306226,-0.07432188117213162,0.27342457258978514,0.12765950119816089,-0.027261188841401385,0.006178122703920728,-0.028716654522059855,0.0009674418736038014,-0.1268751232359253,0.27970316343413176,-0.018507652917258057,0.20125217512486357,0.24470168095179137,0.22038740778869703,0.30908185761749757,0.2585774724661311,0.2468516114794094,0.187694312235162,-0.0020877743734698554,0.019756025173640644,-0.008298316089058316,0.01374699583971126,-0.14475455578016072,0.24955315049406074,-0.04201964931151663,0.03352122787994135,0.08447806435999132,0.032158693064937106,0.1307408864856513,0.15987135269121683,0.2754696174156572,0.20281000971392765,-0.12357231197025448,-0.048086840010222516,-0.11600871955675812,0.010043628574955369,0.09002425005741765,0.24955315049406074,-0.07267950269744998,0.06488973674607108,0.026897591947875128,-0.019937553370953254,0.08044506227801018,0.27123204181254146,0.24955315049406074,0.025395199996228274,-0.012078492058057165,-0.008933852182684972,-0.026224809477794646,0.020732434762338357,0.0022767822991817542,0.24955315049406074,-0.020538135758194798,0.06552402862629457,0.19553034527240426,0.06370301100209386,0.1626870611524797,0.09665128548254151,0.2870034906082973,0.001997031553367286,0.20579427312409182,0.26554669766307437,0.024617514678586843,0.17040153383136755,0.16812546086453928,0.26246709264704665,0.23442944579778194,0.12963850284842718,0.22800428298937508,-0.07794366762691392,0.4123005686857699,0.3953400053022856,0.2761404416129911,-0.18022743128020774,0.612093501665335,0.6195092387578316,0.4144646614157842,0.6454889492558423,0.4422496012128699,0.27608160010832167,0.19819515338945662
item_50868_min,0.18458008429092532,0.32504850960529086,0.41372598164389285,0.12352356288107208,0.08165899983802526,-0.14710609201888808,0.03830132060917809,0.02176430205313943,-0.045098318910199234,0.0827761880099502,-0.11714756521093456,-0.05135761313735681,-0.14954753428287912,0.28927483319371794,0.5625132306520366,0.5552522187764604,0.5851418512054067,0.4872599192998977,0.3617461378183399,-0.14834597871029265,0.3750968572278103,-0.20727182434385835,-0.25996696395941443,-0.06966117571621941,-0.32404600692627444,-0.19472062331758822,-0.14950725065711262,0.13690448182587417,0.40588682436471096,0.44736471443282816,0.488897647676044,0.36346582589585863,0.3197252516681743,-0.14590564676618809,0.2763863963106056,0.0635574571805914,0.07246376993820636,0.15353571088164672,-0.06650198570140817,-0.1789868352132725,-0.1429405654238762,-0.13989829106536142,-0.38838868859328085,-0.41502335093133724,-0.14876649900649405,-0.5395083024081249,-0.26862532085149665,-0.13639792814968937,0.15152496609012855,0.7198721680477049,0.8199617874537567,1.0,0.4706307423932689,-0.04551497897260954,-0.13541844020355695,0.43138071029223224,0.033998684311664994,0.038585264306925264,0.13621458374967704,-0.06724610248430403,-0.1946046819164354,-0.11251783079347576,0.03817296398768013,0.057214983927923124,0.05054321976163585,0.13030455641174188,-0.09545556250466837,-0.21905345470720747,-0.10626975001231498,-0.08985828888921402,0.09219735334542382,0.11240564229493902,0.14880305730797277,0.10582895829362626,0.06694782078777377,-0.13822150405475025,0.07245246619022402,0.0808204922564318,0.06747608183553143,0.14014218987675015,-0.06277364602839806,-0.21843775163635143,-0.13584785145851708,-0.06724630451702665,0.060348034594633636,0.11459901662401313,0.13919204642660668,0.06586273106337859,0.1107225804142721,-0.11007802378496653,0.1376274124472536,-0.07589890208930809,-0.07473787866523915,-0.004260383813850276,-0.12592526141509133,-0.06583679489889273,-0.13584785145851708,-0.06741540436434103,-0.019857483820680016,0.0013501000409114766,0.0323916138890965,-0.03721755626242444,-0.026047378738744045,-0.13584785145851708,0.07203392655862628,-0.05616618153316201,-0.04032768742873777,-0.014677583111112825,-0.05847481594018028,-0.02177949798139273,-0.13584785145851708,0.05581507776547562,0.03962032433964259,0.07111056974017353,0.2610040193958213,-0.11638414665339628,-0.08057523766799274,-0.13083836081647712,-0.015295565413312413,0.13482571214463565,0.17408918980889274,0.2116618762055866,0.04132824495179809,0.11479027099077622,-0.15826043421753266,0.19382517853164086,0.2603375775711068,0.35538611703816336,0.23269423848650622,0.2582620049318937,0.152759308912963,-0.14620735596996903,-0.3161181736585839,0.5050104652974078,0.5335713208138227,0.5737849641364914,0.330914522517407,0.1673838864982633,-0.15032842502198193,0.196665549474468
item_50868_max,0.22670497259294284,0.2573850591084091,-0.10266881610978552,0.49887786024653713,0.4347982056175846,0.5110175286951782,0.11501798847155977,0.02779519552458276,-0.045782298453141516,-0.21593659500598714,0.14929695709175334,0.150438675173792,0.5112160916053062,0.28440366473120104,0.5950124343592844,0.5577009311242702,0.405700243306025,0.6452561211073431,0.5912497755045537,0.5287451431044589,0.5087432432546893,-0.1259525577563376,-0.26075893875528117,-0.42048073042370276,-0.039520655131615845,0.13457651501987056,0.5111021612375987,0.2723105067121898,0.6224631746698178,0.5998810267901477,0.38850082946959774,0.6919042180389557,0.6360562175464515,0.5310290971670149,0.4854948392281315,-0.0142033274795369,0.01751623145788325,-0.08247483671407678,0.14935736255303045,0.03124806364207057,0.45906928670955,-0.005516096692024539,-0.4771917410331405,-0.4478801118255773,-0.6919103647827294,-0.09231197356193231,0.43649864751986817,0.5278889221212874,0.44090774630691754,0.7209656276528972,0.8653527121653252,0.4706307423932689,1.0,0.7057538718912268,0.5286009257045297,0.6479196766857692,-0.19587907010147051,-0.24394405768533434,-0.2797828363785875,-0.04956951827671775,0.027576472906541978,0.4965063358243755,0.1521887448314306,-0.09010258218334267,-0.025160783560488776,-0.1356938844932899,0.07976024024108665,-0.06185892877064882,0.5056656577089382,0.05904035297815053,0.3155510989370116,0.36074866141660067,0.29807993476212935,0.45883072203450176,0.3612256260771933,0.4723235223054277,0.26942942933199515,-0.01655992338491742,0.039886893993535295,-0.06502002837651143,0.13484284544877145,-0.06974478290166436,0.4749081504389702,-0.06666048817949367,0.017150954967154387,0.056816959551173336,-0.04106178271974384,0.15328450080277964,0.1649055315081199,0.4977087917758276,0.159890270286332,-0.17460746976392608,-0.061117325159025605,-0.21791946690495084,0.07406277273060304,0.19002460370592344,0.4749081504389702,-0.019180939118020407,0.026299657608600847,-0.04533859209579745,-0.13981557346446483,0.06983695249461593,0.4156117214726718,0.4749081504389702,0.01973950039395144,-0.06610507002627315,-0.07045141793256846,-0.11588280259443878,-0.012135097732784038,0.0031801851086066665,0.4749081504389702,-0.055423532342415684,0.0589374798196809,0.22873216671055044,-0.12706160775154565,0.35996238272573555,0.23543994460358297,0.5347743072197565,-0.009211520443981946,0.18827757444170706,0.24747784032342007,-0.11856809573211384,0.23140199401748318,0.1651689668383968,0.525538324751109,0.18933269165574648,0.0038970581764848876,0.09005140451388648,-0.26556288907532904,0.4335080973229056,0.44790083106987183,0.5330704564492974,-0.03593884092484217,0.5338577295761205,0.5074437297247865,0.1743641228042798,0.7125266780237318,0.5172776025125349,0.534410763357129,0.16052712045342762
item_50868_std,0.06769475010914283,0.11447559364379785,-0.12569039082591513,0.2755216493515572,0.3803484204535525,0.31318343675463395,0.14629746819583384,0.006942383643302371,-0.02923406344907944,-0.10336701782921812,0.07888813299386195,0.09116328385354308,0.31624555730445925,0.16349702633996444,0.25649937976119097,0.28498574919587993,0.13262154413073116,0.38259279042920935,0.4732686848289412,0.3337420320843824,0.22215850268652362,0.022084027892376158,-0.07885084946638554,-0.21037983448968647,0.0435855153159334,0.17996097051293208,0.3158882288285085,0.173221110949629,0.2863322732593568,0.288244826817651,0.11502872908406175,0.3690215621685079,0.4414372925905258,0.3338421802110566,0.21799501574376257,0.015481122344590008,0.0659745277582438,0.01594097540401492,0.15087255558889723,0.047005205667572575,0.2699471218737278,-0.07041812577407817,-0.23457612825005741,-0.27819651600210155,-0.5570983084422773,0.07674818505730191,0.6415931580389937,0.3328992487776422,0.3770920231344281,0.23300001216092397,0.41804154901239576,-0.04551497897260954,0.7057538718912268,1.0,0.33362142337973266,0.4216293783323799,-0.21619837462521652,-0.24117317393217982,-0.26022456704618513,-0.10125654881895046,0.03211403927770363,0.2989389181738108,0.06588474777634115,-0.049715493366142297,0.027959941355453762,-0.04142726333189742,0.10430825315263245,0.026936563227962736,0.30133884203323663,-0.0226249938934346,0.13702049716683148,0.1698586400056003,0.12981432842548463,0.2317622739589363,0.20146517485613968,0.2830685012819694,0.1349098616552523,-0.036418229987458306,0.030457859786050482,-0.02380577795453218,0.0938832575367084,-0.000329473738539961,0.2845593648510664,-0.07531584041189929,0.0056807645173223165,0.015122515483065972,-0.045105780198318506,0.08099116329779711,0.11042742604911755,0.297261254378136,0.07951366621104922,-0.0869523655909453,-0.020343942538080098,-0.1377428745385965,0.07152751682066501,0.22584549048362887,0.2845593648510664,0.0386708941050726,0.12360889136625129,0.05643669710270378,-0.018085735536926138,0.14016000071037343,0.3931074728081523,0.2845593648510664,-0.06641969705687488,0.057792758946910945,0.030485163402791258,0.004848660207036903,0.06085729738039022,-0.019431074548750028,0.2845593648510664,-0.01522730204808466,-0.054381199159131095,0.09804786407336599,-0.16782051220342867,0.27107271141322814,0.23970577428030504,0.3398951483425492,-0.04869383002255379,0.038327729437997844,0.020563759346560632,-0.23327658884841,0.09840799639979506,0.16061585489723776,0.3289511121347755,0.1188271458337414,-0.169885245465827,-0.09514258793598776,-0.25130292457165193,0.15975860413281248,0.3381150406139295,0.3349719653820106,0.11108688504061909,0.18463688471647843,0.19482759676990005,-0.0030736709854436496,0.37044375868472595,0.3155170277490212,0.3407308092524118,0.07085971598976673
item_50868_count,0.09566539158146303,-0.009579520096532703,-0.4606640966233052,0.5005056766445002,0.34608890756448507,0.9958548426507706,0.07351672097865258,0.09997025193957308,0.07072617870201829,-0.2861197421468103,0.33706709780543537,0.34394615276422547,0.9963960876606182,0.10215437595658514,0.21803224253467138,0.13787138339459082,-0.025409351972151818,0.28032803091791064,0.28881561688439694,0.9945815039962483,0.3151737007611801,0.04720520834428679,-0.009747777814150066,-0.2995612955021303,0.2821949111502647,0.26250905091654075,0.9961794683972045,0.19645707859598047,0.49801610121834744,0.37451684762087845,0.07450158754056806,0.5839161285951865,0.5635142387659444,0.9948427512086154,0.3417677623859475,-0.18065121281898003,-0.1299411492950198,-0.32074507924161555,0.16973978335936654,0.27815158746088847,0.9044108383296371,0.12090434785251182,-0.1828638142546349,-0.14733359756309164,-0.5393206972026133,0.23738688209725597,0.4344917551766775,0.9998583992575885,0.3123829066254664,0.25941356917704095,0.2805908943193895,-0.13541844020355695,0.5286009257045297,0.33362142337973266,1.0,0.25893911332613057,-0.20919825998521382,-0.26113848914373233,-0.42255790500476836,0.16591886996995184,0.40703597048543577,0.9285181748065325,0.21818518061299183,-0.2371294573900351,-0.1476112644338056,-0.3464892901174165,0.11792486340905373,0.16706913598128414,0.9229473335256496,0.12811117499360125,0.2603908460583029,0.30092929757297743,0.15529007387272192,0.4790320534012397,0.6006910949627882,0.9201361888642723,0.25802097588294703,-0.2135061839065868,-0.1307706727402199,-0.30831700115642124,0.1066282903451495,0.15508872248061978,0.9211404697922574,0.013605738168747293,-0.05820766767213409,-0.07046761759224811,-0.20233929255896316,0.11939621956669437,0.12431512830111666,0.9237793537937434,0.06286991327629882,-0.155599737878733,-0.011540788478291477,-0.2606432124714823,0.21202501818593056,0.3227380280030156,0.9211404697922574,-0.06023560222479798,0.13000946769117344,0.015217794944713777,-0.13442806311600577,0.18758745371767058,0.5705732521181809,0.9211404697922574,-0.03300290757381816,0.025743824598855627,0.00419135873703885,-0.08480871675062648,0.10107673478895172,0.13926450255427603,0.9211404697922574,-0.10802120155518878,0.06420635180604878,0.09532566938937448,-0.30751034223499807,0.28115255565389635,0.07064221064746436,0.9983609532367363,0.016435289763586287,0.052610998061410334,0.12373647026635888,-0.28933368343225135,0.19908177043436745,0.03805043700274758,0.9917418182283388,-0.04426756219676183,-0.09046225321086429,-0.07005335984436707,-0.4555538266051979,0.44270462649652637,0.3980973159868758,0.989641640233162,0.09419671008522426,0.22521820999906214,0.14046714013665745,-0.2971400447462278,0.6214876445005678,0.5878234213209534,0.9905519909411824,-0.008124727045419935
item_50868_pct_abnormal,0.20301739155847595,0.2572862891062127,0.09328059552337178,0.28651009891023355,0.10468149211358146,0.24844524826413397,0.12406785265213344,-0.06881294639114864,-0.11758807429587824,-0.1516325296709509,-0.020189308195009255,-0.0007681151217327736,0.2485423395540539,0.24363313473418713,0.7118980099280382,0.6646714399014739,0.6181525618500646,0.6578774963920675,0.447816975975947,0.25762242232925114,0.4762479223864499,-0.2554367172561681,-0.32184043849929905,-0.3511653424731879,-0.19735586482265918,-0.008206794410635172,0.24781918941597295,0.24988218911135213,0.5094127756973867,0.5089623558726465,0.3782333512194497,0.5385065157688457,0.47544639178348463,0.2621542703083728,0.3733568663572509,-0.1719576800983925,-0.1727579673487036,-0.21288313541072587,-0.08062664015225422,0.06811977535218892,0.24262872130377003,0.08535698329442575,-0.243132212336449,-0.2788645145910351,-0.38026991883391825,-0.092031131362838,0.2172267545548899,0.25753123505583414,0.4535127313591452,0.5242592708529477,0.6560578358297824,0.43138071029223224,0.6479196766857692,0.4216293783323799,0.25893911332613057,1.0,-0.21324525346665646,-0.22801908159438258,-0.22676082725959237,-0.14214493215743368,-0.10313860454051668,0.2570413323622467,0.1874229230678129,-0.20081027250262776,-0.1791073250482834,-0.23704649437142905,-0.10710605409559831,0.04690773188898745,0.26129832300418954,0.08262412827896477,0.28064306552876467,0.30047158856753325,0.25409371468126135,0.35909009071289855,0.3077548252754308,0.23752213695441035,0.27417030666302095,-0.20996529385947046,-0.19636139055250998,-0.24079135094315798,-0.1334622862631577,0.02434371937552687,0.23956672570953522,0.06640206409474028,-0.08104229294678077,-0.05476272713192716,-0.11269673314188368,0.014287394448530125,0.03438283738379163,0.25875278033943555,0.015289852007324831,-0.0734410240934463,-0.02135402411153574,-0.1265317553520538,0.05672930826117268,0.14491374224614453,0.23956672570953522,0.028289794639289594,0.13094362670256252,0.10342707298818615,0.03735217156000543,0.17510845757248814,0.36569391129950585,0.23956672570953522,0.0229368820161563,0.06193929326716441,0.06505380466806138,0.025293764878828638,0.11462735102904831,0.11354856454318457,0.23956672570953522,-0.08483478612449528,-0.1158556536792372,0.006917411255302745,-0.14568493906200858,0.11446227388658836,0.052034587581688545,0.26136031292228074,-0.05874586908782272,0.18693772950491222,0.15468284183079795,-0.01303836830027798,0.10176130220768005,0.06287566305453558,0.2509211706728323,0.19334680198619364,-0.10032851010679186,-0.01143233167648661,-0.16848573467080782,0.1876585418062326,0.29113979338414403,0.2591223121168394,0.06926275611360336,0.5479816331820366,0.5600616660701546,0.3586838938899614,0.5848638118363294,0.3452557356531746,0.26295688024295044,0.2627121787463072
item_51265_last,-0.11157393201739338,-0.1035735608665465,0.03991575895394708,-0.22107713798926343,-0.11808344408110033,-0.21722735145632707,-0.0063342158058708594,0.010740482191112856,0.020681111057233442,0.07075787490958707,-0.05607409307476104,0.008492247461260385,-0.21749409332746103,-0.13130483350327735,-0.20901505031365053,-0.15612513378259302,-0.11154585027716774,-0.18921012439606183,-0.1373193671891772,-0.20304672208410002,-0.16106732725756226,-0.05047071121199267,-0.0538716908048437,0.0032857656644468183,-0.12475272037081912,-0.005357307793020967,-0.2181159357072895,-0.16543140520036625,-0.16527354400599206,-0.15070506872982956,-0.10098199148741195,-0.1753854891289159,-0.1119379809256636,-0.202634300592975,-0.22129119927544877,0.11904344180929735,0.10039794932331988,0.17327760956013913,-0.004266454543486976,-0.13711292903591432,-0.28026783632045155,-0.045444401462268635,0.22338372189923725,0.22708422991422308,0.27522540137227913,0.09687914828979924,-0.11438820282570666,-0.20948236845885032,-0.22670361939357767,-0.1388353604278215,-0.12033711863792465,0.033998684311664994,-0.19587907010147051,-0.21619837462521652,-0.20919825998521382,-0.21324525346665646,1.0,0.9077187939751822,0.838197315343268,0.8068615615836774,0.3889407818613305,-0.27788120035777064,-0.3848641222973422,0.05071978743140694,0.0327493819748361,0.12104538625309796,-0.08135457979601102,-0.18301081514081785,-0.2721509863944117,-0.051839356710301626,-0.17463929514637713,-0.18734417941626952,-0.12997784722271727,-0.20425178006069789,-0.1750678882000232,-0.29181982998858513,-0.22526874316332365,0.18504513212758267,0.18678802530075106,0.23791434328151806,0.09030032883254999,-0.09690824007002657,-0.2905508262492718,-0.11351507726809057,0.0990692915748254,0.1122136570813923,0.1867159016873139,0.014385675830052798,-0.0483259059347656,-0.27492647992317854,0.02185855289440454,-0.2629328654414612,-0.27141876741447274,-0.18689403192681275,-0.3101776608562424,-0.05696452575060826,-0.2905508262492718,0.056886663362911156,-0.22518825481571805,-0.2335928179401987,-0.17451774846448095,-0.27720177305892574,-0.24207157682111022,-0.2905508262492718,0.08310563906779761,-0.31835982489283504,-0.32400313206437736,-0.2793832846059149,-0.36591344937590015,-0.1790971490991978,-0.2905508262492718,0.041999795605078855,0.15984212182101767,0.1196620517450741,0.05443971712018701,0.07222084006029311,0.18112758529126619,-0.19985283073160273,-0.10006622054693909,-0.19074275702613006,-0.15492463600058326,0.018795587549474496,-0.08211510994105654,-0.020470443337365828,-0.20197620015363346,-0.1516927553081,0.19016999582142832,0.19286272011874409,0.23255669557832573,0.03640826715715043,-0.1609858386445088,-0.19312114894562527,-0.19359031841711996,-0.1533724712869127,-0.195890915260896,-0.13693265633788923,-0.2559229210294182,-0.16050853404385124,-0.1925829404439522,-0.16898393538142983
item_51265_mean,-0.1411837266116268,-0.08609228390399226,0.08204225826143155,-0.21635596717254715,-0.07066287809402808,-0.2711664824104292,0.004302969567172185,0.05361674534625701,0.053042952601389165,0.12716437766766792,-0.036965055953796976,0.01373970730599435,-0.26983775904055723,-0.10926462634817323,-0.23606904310884347,-0.16306269901616427,-0.10776405390142282,-0.20615438091751662,-0.15326801664352935,-0.25748408125603084,-0.1538646223967927,-0.012009513850130788,-0.027843892655627568,0.06649333446561952,-0.12658510417172708,-0.05428920728671226,-0.27073813418069165,-0.16116789426583178,-0.2483344895056021,-0.2043215495963701,-0.13090499777569672,-0.24186829726859646,-0.16538018481211939,-0.2574279697372046,-0.24514789575566492,0.09838133340284953,0.11665058237019825,0.2205851001315782,-0.022320370181628572,-0.17787647259399747,-0.3482104524059907,-0.047049960423647515,0.2846210300122348,0.2553371963226333,0.3332628804032039,0.07352902789454507,-0.17349243120060734,-0.26073517948514546,-0.25062522643327906,-0.21511196898680268,-0.14733555461264475,0.038585264306925264,-0.24394405768533434,-0.24117317393217982,-0.26113848914373233,-0.22801908159438258,0.9077187939751822,1.0,0.9528288716761627,0.8323318095759563,0.32387160894925987,-0.3401070933898113,-0.3785217066597738,0.03738994682490078,0.03810169394928846,0.1602038604143334,-0.09115355801229477,-0.18788154770819768,-0.3365367203929385,-0.0638022532117995,-0.18106869170186712,-0.19919410281816705,-0.12658850076365644,-0.25060876161121926,-0.2802596242579409,-0.3385915135103781,-0.2101941526047504,0.18307423257295352,0.2074744240175077,0.28425329549025147,0.0990704318866852,-0.10882484145853523,-0.33845269151896745,-0.13238804533857673,0.023656239473533326,0.05509999948322647,0.1504638457474385,-0.060231558133915154,-0.1521825668196253,-0.3341440343628054,0.0023866031868017444,-0.2622912743900335,-0.32428070852474755,-0.20245706731610894,-0.3895624564301877,-0.11552150319732692,-0.33845269151896745,0.06742777381452603,-0.26917674199319885,-0.24424066394161792,-0.16538179778973244,-0.3150928849074034,-0.37150915307140464,-0.33845269151896745,0.11395712673091303,-0.353217443405441,-0.35970529767696624,-0.3140305706870007,-0.40490181539940656,-0.13846699423321032,-0.33845269151896745,0.08343227899251812,0.027536153799089014,0.02132560014337672,0.05050408903790048,-0.05797535377812328,0.0777098904753219,-0.25365394418948906,-0.1347540008465656,-0.17694986575610092,-0.11953911559848726,0.029037496454234254,-0.036252527951721035,0.04977108277148565,-0.25868208077283833,-0.14959118255308781,0.19758292180523834,0.22377299453414468,0.2732355747960543,0.033853981561152026,-0.17636513096631157,-0.24543289690701262,-0.2234621018061833,-0.21535971203293977,-0.2028077437287908,-0.08390967602879641,-0.3202942982374578,-0.27938263448169404,-0.2473248710795708,-0.1785765288438336
item_51265_min,-0.15453323449315168,-0.07191055453187062,0.19193117748455865,-0.28571303108042195,-0.1097931320570947,-0.4357102391800323,-0.013521277219119492,0.009827314477629561,0.029897802797682144,0.19728347061461038,-0.1203089494617796,-0.07921093116860871,-0.4341472992914835,-0.09251500537305098,-0.21755977404327279,-0.14992922471361228,-0.06688279823157728,-0.2160288557305843,-0.17462997468550612,-0.42860091623510227,-0.19060343534668406,-0.030856376425349732,-0.028805883863463954,0.14408966274799717,-0.1888115683922881,-0.14007257384791247,-0.43510805202852376,-0.16346122701528945,-0.2978043460257549,-0.24359402361675486,-0.11838252199787065,-0.31149151823822735,-0.23716122186410574,-0.42763919145957774,-0.26740170266046936,0.11836495730808261,0.14018390978593648,0.29903647169831854,-0.07979376961215928,-0.2852119700578233,-0.49797855078817344,-0.09362084099883626,0.23238782483150752,0.20633270609639556,0.390595043773024,-0.053333253581832905,-0.2948740175032379,-0.42196790147906454,-0.270800316346972,-0.1843583420896591,-0.12319287142801554,0.13621458374967704,-0.2797828363785875,-0.26022456704618513,-0.42255790500476836,-0.22676082725959237,0.838197315343268,0.9528288716761627,1.0,0.6525182675875071,0.023816541077412736,-0.48359205070562655,-0.3630895520298889,0.07447860541771724,0.068607417597377,0.24387953368270518,-0.13684293613719636,-0.2749629038268024,-0.48270947032672723,-0.11325538102157057,-0.2094075481559292,-0.2271338598565969,-0.1295402030641892,-0.30177037321414296,-0.3595517504249993,-0.4893851634778966,-0.2099264599536672,0.214039506294208,0.23215443104750888,0.35856877922356806,0.05528622703578046,-0.20074568395281558,-0.4889320227790404,-0.15952617007640102,0.000984586780857454,0.042426344797503436,0.1660881483978505,-0.09966902237240141,-0.18928948156638,-0.48008787422983407,-0.01920909318587349,-0.21598628043403587,-0.3046169384359472,-0.13006027338667658,-0.42024080919928286,-0.20410404018300135,-0.4889320227790404,0.0702186271203338,-0.28993565718557773,-0.24883543355291604,-0.14363594284213035,-0.35132505723565294,-0.47134352481706837,-0.4889320227790404,0.13379739745819264,-0.34540481611113566,-0.3509917256162576,-0.2902084548857559,-0.4101795107349251,-0.13065038086006037,-0.4889320227790404,0.13857433201297203,-0.024036268536874992,-0.017478486606391352,0.12408620006323655,-0.13322406017655622,0.04680521953948298,-0.41538475136737385,-0.1418749945544589,-0.1634851760726136,-0.14032958056056474,0.08822139847683348,-0.07529815766389317,0.05671410711340995,-0.4318560300877584,-0.12921037136705957,0.22329363262064836,0.25098597619196616,0.3597392731445521,-0.03394005602795366,-0.23127728930239128,-0.4160304140625466,-0.25744741013772166,-0.2118032735809854,-0.19534450921847146,0.008577127583714827,-0.38868561719853106,-0.3579265684478393,-0.4176722611363346,-0.16037528176928872
item_51265_max,-0.06309867709937385,-0.073990362966492,-0.13310214733737463,-0.023311546009805246,0.063275943767958,0.1584735808071012,0.03680015143128914,0.16451619253988842,0.10740759501143908,-0.03244834351985642,0.15276993805049194,0.23309039181892183,0.16006769694812806,-0.07959899678129773,-0.16255100032482608,-0.11068053755737518,-0.11775777035219671,-0.09233032259897243,-0.04024762076270047,0.1859533708803862,-0.028557028237818676,0.06790497479596798,-0.009918702035663338,-0.0709484913634519,0.026563658932154403,0.10939302322015855,0.1593186425727272,-0.07509618927969026,-0.008525158332487164,-0.014972815328029536,-0.06902711763559975,0.046474057507446646,0.10733608863263402,0.1833983629260555,-0.09679364558379679,0.03077782268273772,0.06486164059195318,0.05051364797490385,0.10246604429612537,0.029610019623970155,0.07612975488289475,0.025970374482782395,0.23729698465501295,0.2320817501294124,0.107647266902726,0.2310830130897584,0.07669479333249042,0.1662997002917426,-0.13771202260116377,-0.1461271824719168,-0.0744136482306226,-0.06724610248430403,-0.04956951827671775,-0.10125654881895046,0.16591886996995184,-0.14214493215743368,0.8068615615836774,0.8323318095759563,0.6525182675875071,1.0,0.7498545390952863,0.0719825946726055,-0.2806249460972722,-0.0561460282610349,-0.017453598778063784,-0.01951537491417627,0.016782161911967654,-0.02113045345443249,0.08457467540039626,0.017785623893186293,-0.07955980113580817,-0.08072312561252387,-0.07827690789913858,-0.03541079383436742,0.03235906702081579,0.0729530026801057,-0.14700347596546826,0.07403667077334575,0.12450049312436942,0.09857893685115231,0.1562604085340573,0.030290500301959,0.07405129567733718,-0.08311979824205792,0.03882547735551842,0.05101816697547362,0.07212617713336116,0.024269578749932887,-0.036800876916816216,0.08481459646032417,0.02398439217271228,-0.318404198220433,-0.30420389471517856,-0.3104717576199218,-0.2565322158073211,0.07018511073702387,0.07405129567733718,0.04356281699061553,-0.15476884039758734,-0.1725597592387456,-0.1649731207285434,-0.16091643494999475,-0.07912282283854963,0.07405129567733718,0.08910644561206217,-0.29165485372093436,-0.2945793658700784,-0.29131036494054585,-0.2956618417683007,-0.07696327131278756,0.07405129567733718,0.019579830028916057,0.09224582393100028,0.05650301644141356,-0.10354228049617907,0.05582305662854894,0.08835769260734774,0.17331102519476194,-0.09622627333863126,-0.15619433125255433,-0.056189933195060736,-0.10707444477372022,0.051248342685606824,0.05375828854648749,0.18181789810419138,-0.14391924121611785,0.13493488432969444,0.1573543597106421,0.04098353762319466,0.18527240166817313,0.0007024338401472435,0.19352253648787623,-0.1440764850541841,-0.12267233799806627,-0.1470682459148897,-0.2279413655703869,-0.06890670321508195,0.005217034249345721,0.19042604747316477,-0.16244525743235935
item_51265_std,0.028831261836150115,-0.05678541966377384,-0.2845264940471003,0.10339391209576305,0.1697989307234836,0.4108954075154453,0.13064883560568336,0.23510183721659775,0.13308805328509207,-0.20011073566130444,0.27238064657195915,0.3895148618781107,0.41212171238159684,0.030904691643882088,-0.07970584985600129,-0.048157450525656106,-0.10427768517058716,0.006076941384455066,0.04554986354192105,0.4411305516276922,0.12925199108760618,0.13061083353428216,0.057792807149195734,-0.15331283230271256,0.16969570416884983,0.27640815837667415,0.4119450312449261,0.026758491431514667,0.17919004608471836,0.16890458357567614,0.06507680822873968,0.23002801880169543,0.20774072808400007,0.4352502266815831,0.026754218508768537,0.005403179868461542,-0.0043819437834354815,-0.0967464635021869,0.15415710302839392,0.2630012862980909,0.3244305039591648,0.07462720452546658,0.16752032273255185,0.1295228347173224,-0.10511087660097457,0.2713179198701696,0.27229783022399545,0.4072425918162198,0.015518750453007508,-0.11853127753365546,-0.07432188117213162,-0.1946046819164354,0.027576472906541978,0.03211403927770363,0.40703597048543577,-0.10313860454051668,0.3889407818613305,0.32387160894925987,0.023816541077412736,0.7498545390952863,1.0,0.30858894343464904,-0.10103356784847531,-0.07954742408453992,-0.05024248831438308,-0.14283449745216537,0.10652881726427177,0.20734341295204245,0.3208137071200263,0.09338509532360652,0.029359585023084868,0.029093646717582036,-0.019164159599959756,0.08883836572133608,0.1777010050438224,0.3269554377908005,-0.09862111705233743,-0.04207837239323076,-0.013843107177779295,-0.10079703506434942,0.11845937962162462,0.22318042086134704,0.32656144582502067,0.04272621062685778,0.09760348850380259,0.060438752835792475,0.021368578726368055,0.10675799726522842,0.13025382721444043,0.31938661167055477,0.06016649822044271,-0.21118687710075348,-0.14553162268343792,-0.23810400644968835,-0.03425780599398516,0.2594878994208026,0.32656144582502067,0.007949756035416259,0.05130998119332576,0.011604166868081805,-0.0336995285088528,0.0751070414839852,0.2087716405184672,0.32656144582502067,-0.008505572372443333,-0.07250144687066934,-0.0761851834118689,-0.09259177392815314,-0.06156349325520108,-0.03406368703108764,0.32656144582502067,-0.11916518311513614,0.19354910504420947,0.09699345893387085,-0.1453649464298263,0.15479149308565238,0.13503185311097687,0.4108818751192549,0.01252524727343456,-0.14451331641620035,0.0012740997387826597,-0.1665419208217753,0.09511399342745147,0.04886549867811906,0.44346644209515584,-0.09205942727920127,-0.011798573652493068,-0.027490228081799413,-0.18095022956239795,0.1848554085465277,0.1533553886674655,0.4431850506958999,0.015436972378279056,-0.03670032423312955,-0.027403257567565256,-0.20862166378686453,0.14229798455849282,0.20112770058201304,0.4404440583032568,-0.0914851491000906
item_51265_count,0.11458828684992317,0.008246105072264547,-0.40495026706040516,0.475343072024376,0.2941531433497576,0.924632373181537,0.07523921573093977,0.07588111769659536,0.03753567035671648,-0.24083899185024907,0.26150222372796345,0.22593931995207153,0.9244279713470442,0.04246189955985659,0.1916759478253087,0.10980992162608749,-0.02967990380482126,0.24210966948884838,0.23634176712831093,0.9210259962465365,0.2628235650431451,0.05641499589343287,-0.00683121337267662,-0.23438832158513628,0.23839054708572072,0.15956892599185343,0.9241673589925148,0.1781046171343506,0.4714841281395203,0.3379457651305347,0.0888660349152827,0.5317609969683931,0.47587904377311785,0.922208740739302,0.31243045475211007,-0.30154403681753694,-0.24369045634399694,-0.44745093832173205,0.06953541692487483,0.2909032376090189,0.9817702558139658,0.16635081993759063,-0.2567438878057454,-0.17958546340454584,-0.5209750943523682,0.1854671171375542,0.3828254765216264,0.927496537507884,0.3265059878824012,0.29620968547483734,0.27342457258978514,-0.11251783079347576,0.4965063358243755,0.2989389181738108,0.9285181748065325,0.2570413323622467,-0.27788120035777064,-0.3401070933898113,-0.48359205070562655,0.0719825946726055,0.30858894343464904,1.0,0.3094928315553749,-0.3314981470036004,-0.24501764954835126,-0.4614320145987087,0.02963861560660389,0.17480917569328797,0.9970407958358197,0.16858448526277067,0.26429103517535507,0.31387634005758314,0.1573855602673453,0.5107450392776943,0.6573380652503625,0.989544853504799,0.2564838191867999,-0.31686236631095605,-0.2392584777892892,-0.43106411482266305,0.008354146357885577,0.16195537183839812,0.990954482937632,0.049229350408426145,-0.019308638663395817,-0.03202215247713827,-0.17556682874212415,0.1595441802197993,0.1518161400893911,0.9972086066670017,0.08762570937047612,-0.09986714344704035,0.033402888107269074,-0.22203292333779698,0.25882253063191224,0.29444330373736666,0.990954482937632,-0.07465551112898579,0.13233297672664462,0.02895892911816207,-0.12924452999557318,0.20541945933252015,0.5791260144658831,0.990954482937632,-0.05395642344297052,0.05453103677229344,0.03714834521232605,-0.05830598500963045,0.14152555966137445,0.1668363512180484,0.990954482937632,-0.13937877719736813,0.04912858910820296,0.059140183811556495,-0.2823633153791419,0.2082986823775592,-0.005729378362457396,0.9269645617492978,0.014125232201291945,0.04155726832757512,0.0914218790239532,-0.2618836726351251,0.13123839162248666,-0.015222327743661307,0.9243619398314659,-0.049024399201378015,-0.13712416453811876,-0.10804463159279004,-0.43363000517070915,0.34527489448908766,0.31639779982107785,0.9185836940165829,0.14628665096484908,0.25494251108560534,0.13834033655761863,-0.2553242522052346,0.5854781563785623,0.5287380810030476,0.9200281601806161,0.012297811375155112
item_51265_pct_abnormal,0.025895146672093212,-0.04658019084532696,-0.14963327509503596,0.08071521336998813,0.052516455362153894,0.22193495508911956,0.09642060868191638,-0.07267861223955313,-0.11088720828598006,-0.09466429215897784,-0.05376885543157289,-0.09264182214414647,0.21983554803533076,0.008120028289236114,0.17835673020232515,0.09897574787881984,0.053860716925707194,0.14321625450307504,0.12093623203507503,0.2115939726649887,0.19288478023495984,-0.09720822691395302,-0.09791204371028443,-0.06763168444209214,-0.062187407417315876,-0.13939656245450757,0.22016933982899398,0.001661449617625169,0.22790789679222817,0.16884366865463382,0.12715138327129058,0.20249469596078384,0.13386843512843805,0.21146514833622818,0.16318073493586072,-0.2618813476910795,-0.2970952544375008,-0.33702321267287755,-0.19159705888538034,0.07596629414526025,0.3074205723682547,0.27917772180387723,-0.1653279518898315,-0.10858639198298967,-0.1405690144092692,-0.031548668468761205,0.06792526492586326,0.21707470911693982,0.08606842619534538,0.23864545628057127,0.12765950119816089,0.03817296398768013,0.1521887448314306,0.06588474777634115,0.21818518061299183,0.1874229230678129,-0.3848641222973422,-0.3785217066597738,-0.3630895520298889,-0.2806249460972722,-0.10103356784847531,0.3094928315553749,1.0,-0.2269033525860263,-0.23868841611840463,-0.300445446438678,-0.13881549297335816,0.1045561513667289,0.30683970441529873,0.27524141908084276,0.21341700430855254,0.23657449833990735,0.1692159568639496,0.28159419183678625,0.31702484599248604,0.30438545828307,0.23245107489206399,-0.3017293511790812,-0.3238087018663728,-0.3549718967221294,-0.24265921923642672,0.05455505145765955,0.3045608703708696,0.27378602175431277,-0.0025489727121392695,-0.028974276718287385,-0.09089963419804586,0.06212617878052969,0.10110318747404735,0.3038085239837735,0.05163564826992265,0.17968125495051998,0.2056064367202283,0.10251160394930738,0.27482087092961294,0.2285866799076637,0.3045608703708696,-0.06066169891161655,0.15440771850275642,0.14459162413841675,0.08341592239942403,0.2000195128282663,0.3003200977528284,0.3045608703708696,-0.025669129098965574,0.21964475609468806,0.2141040905043673,0.17300175862597023,0.25442176430576824,0.16921236856069002,0.3045608703708696,-0.02769096959670297,0.01952569901078782,-0.08475555988205752,-0.06044247153877477,-0.05493093433588873,-0.12380574164870975,0.2161507762919584,-0.0385338822813879,0.03917596726250117,0.01142481733377813,0.0077340196995965395,-0.059830012896074,-0.1579302303217276,0.20657427480213433,0.030741056112548126,-0.029282911705875814,-0.03501344782017439,-0.0702297966736879,0.04462672709363876,0.06298868353708714,0.19208791416435672,0.08821737871700659,0.1902393439519799,0.16600955275423343,0.13325425561786702,0.23196270228278343,0.16306330481382053,0.19604619137797477,0.17547830174495024
item_51222_last,0.0355499783429879,-0.051292633562965075,0.03907419749272177,-0.06930804637564283,0.08051150347285695,-0.23171117093670432,-0.08693941051561996,-0.019633945318770257,-0.0054671486232020965,0.05051203328210035,-0.0326487242307944,-0.02999558654097128,-0.22852275559718982,-0.01254416025966176,-0.10847458330248078,-0.08653779169781395,-0.11659368307411104,-0.07918369792280258,0.05078328706205401,-0.22381192375608525,-0.14736510109598963,-0.09238472328792026,-0.0764984430378395,-0.041752222005870636,-0.09375541227513357,0.03171191286350407,-0.22812825125044442,-0.16283389323701394,-0.1774908490667666,-0.1417116385836761,-0.15018306841645487,-0.16048875153507228,-0.0041975066565791055,-0.22575708843489714,-0.2296195988835162,0.9400568977469324,0.8869230348759835,0.8600242257518628,0.7429759291460869,-0.20348158578847883,-0.36431128863223566,-0.6213222283079922,0.15087784770435378,0.17770865085480306,0.14608098019921656,0.10952173215936475,0.03673618582078814,-0.2356784092838018,-0.25067084809035334,0.017915933152360532,-0.027261188841401385,0.057214983927923124,-0.09010258218334267,-0.049715493366142297,-0.2371294573900351,-0.20081027250262776,0.05071978743140694,0.03738994682490078,0.07447860541771724,-0.0561460282610349,-0.07954742408453992,-0.3314981470036004,-0.2269033525860263,1.0,0.9107486411635316,0.9020520289734012,0.7915367402702403,-0.14422858067508057,-0.3352425421661358,-0.5789300382253624,-0.287745039819313,-0.3185159647618741,-0.23892205343815265,-0.40732232820959463,-0.4891582503762759,-0.31456328205922185,-0.3039938669905525,0.8649817196500309,0.7619652734077917,0.7729318140194049,0.65810197673505,-0.18268854090319195,-0.3167530890619335,-0.39623233966625065,0.004763635092009881,-0.0030623648645000945,0.0276516622810681,-0.07651398764919086,-0.057522664094593626,-0.33679371503227984,0.05430625581143564,0.24201984907578838,0.21248991035486983,0.3199287520656553,0.09303912843487179,-0.25136857741151974,-0.3167530890619335,-0.08861417369638835,0.03816430046470939,0.05942770992325688,0.12528387420779852,-0.01577120012094574,-0.3107354890746617,-0.3167530890619335,-0.11199969590108909,0.16025313767691804,0.15359002323364943,0.2167208060558041,0.08058266558295199,-0.3662602458205602,-0.3167530890619335,0.10542703301682094,0.04862240256266168,0.04075054625498895,0.13016219462137657,-0.002712276159499795,0.001782236739133949,-0.23027441952575053,0.1273707669622657,-0.049757318143190024,-0.06637384044344367,-0.1134436811110704,-0.06037787620276165,0.05816965128890943,-0.23547883663831262,0.07863295995886328,0.16726232666129726,0.09530870090329618,0.014476482726614583,0.018051696604751078,0.0558916835025554,-0.23103622760748652,-0.18221278455199919,-0.11159156851530028,-0.07371699700460435,-0.01092602769270097,-0.17872383258029045,-0.07352856650756379,-0.22960636872133494,-0.040009189939730176
item_51222_mean,0.06501358865626777,-0.05414376563674175,0.007844303843039382,-0.047349066249605685,0.0903791322271334,-0.1405605015943177,-0.15974047507198105,-0.04429549764809185,-0.023943731103824823,0.016576758955241105,-0.024825962274327554,-0.010741448850129369,-0.13760016413803489,-0.04251973698306385,-0.1183700802184909,-0.11065553524976952,-0.1559561206237015,-0.08377145395945242,0.06059352947660327,-0.13959221959407,-0.14189561680786722,-0.07496517299725612,-0.08853796307294479,-0.061776125894509704,-0.07780125562562681,0.03143425240308957,-0.13683846865040253,-0.1815226256925733,-0.15254888658398463,-0.15526978941774058,-0.18783770924422216,-0.13190393564526032,0.021103823371347023,-0.1411251319218477,-0.23863880645312766,0.8658755377826148,0.9559500944673189,0.8875669664322707,0.8495380058749664,-0.1273212596253368,-0.2689704628387543,-0.6578137538253794,0.12998804437395567,0.1618241601817189,0.11352803722340471,0.10922214656852969,0.054278695796126875,-0.14586080623229286,-0.2749400650633292,0.01122079777658718,0.006178122703920728,0.05054321976163585,-0.025160783560488776,0.027959941355453762,-0.1476112644338056,-0.1791073250482834,0.0327493819748361,0.03810169394928846,0.068607417597377,-0.017453598778063784,-0.05024248831438308,-0.24501764954835126,-0.23868841611840463,0.9107486411635316,1.0,0.9359091381179856,0.9102132329232848,-0.02757733898812174,-0.2473398460663948,-0.6203852406862037,-0.35555084815510796,-0.365286291894068,-0.31228762948592914,-0.3875331875917982,-0.34209685022578934,-0.24917890840791304,-0.34414742017276695,0.7750207125132352,0.831801722913064,0.7973128094926764,0.7532773763932846,-0.08473649063569708,-0.24944832336203002,-0.45988854797631906,-0.07247609161685765,-0.05199484206398908,-0.02913275916606185,-0.11019879959537067,-0.08269004768516965,-0.25013651070703735,0.06346482273503222,0.2595627970549448,0.29429967400378326,0.3800788378227834,0.19684910247330242,-0.2193882265199375,-0.24944832336203002,-0.0996104856344626,0.05396817930912032,0.03749151264241935,0.08961875490227053,-0.021381273235534685,-0.26167817833236734,-0.24944832336203002,-0.10699226544426943,0.18235102171858267,0.17746096147641768,0.23243893516887473,0.11801576419100505,-0.34715329061486633,-0.24944832336203002,0.13942275701853205,-0.013867263132157592,0.001311537801995066,0.10766498136782401,-0.051070510191791006,-0.06412800836127612,-0.14586202922216185,0.1592705925457805,-0.017896391706982945,-0.04435045721151875,-0.14929514512225425,-0.023877643256617148,0.10952630336889937,-0.14353099074373096,0.0783274587863869,0.23689965125084816,0.186413977834772,0.04855772888190377,0.1068758009383638,0.08141855468299496,-0.14430281083877072,-0.25405556055478473,-0.0919061079136101,-0.09078254799079902,-0.0694536060355518,-0.12924346906401382,0.04051630134801938,-0.1453083965983748,-0.03161167002941319
item_51222_min,0.005022420802192787,-0.06006328386285021,0.12570501343115012,-0.16884537481085024,0.03435188208017168,-0.3447917995099572,-0.13293682467146203,-0.041540440953844904,-0.02412112679337383,0.1015926566035407,-0.09822449190613496,-0.06112450180082163,-0.3419182722564874,-0.017074714895329704,-0.13318448989342827,-0.10276728490277146,-0.105630266712881,-0.11454907905084852,0.02812304145391717,-0.34071828913347096,-0.15234648346813912,-0.09512487029792227,-0.0922995710559429,0.020815413640045508,-0.1613658714645638,-0.03432811714080889,-0.3419722534682753,-0.19372692980405234,-0.24017116264266006,-0.19595164089221923,-0.14814872029132206,-0.23433255765745079,-0.08636465779130476,-0.34225589782994564,-0.2640960314450865,0.8563038585083137,0.9100405942084412,0.9614144242601103,0.675929874432837,-0.35885481419136034,-0.49833930258211884,-0.6532055535193153,0.17373317899806728,0.17422877182682722,0.23757060778738437,0.009118947518358992,-0.060819093540705894,-0.3448038637362197,-0.3156458275455551,-0.03726448468675847,-0.028716654522059855,0.13030455641174188,-0.1356938844932899,-0.04142726333189742,-0.3464892901174165,-0.23704649437142905,0.12104538625309796,0.1602038604143334,0.24387953368270518,-0.01951537491417627,-0.14283449745216537,-0.4614320145987087,-0.300445446438678,0.9020520289734012,0.9359091381179856,1.0,0.7312859023862199,-0.2670280011230153,-0.4671619544795268,-0.6174221407281284,-0.3173088007421139,-0.3429344959380922,-0.24695554052167734,-0.4304846439125847,-0.47355951293317977,-0.4608653118854158,-0.3101445288851634,0.8008089312904964,0.8139852158947634,0.886203369534637,0.6345132443122107,-0.30138474526057235,-0.4618772172504278,-0.4521143767022225,-0.0695985314701755,-0.0541669675352113,0.017680177478760082,-0.15273234501599425,-0.11279212413190147,-0.4684735688990851,0.007321551593274851,0.21757405094951449,0.19539432404563936,0.35692036080449185,0.037739537440805694,-0.29203350119960964,-0.4618772172504278,-0.05084278918766767,-0.014505767667775355,0.0038960592932679606,0.0988936411512326,-0.10154573942782985,-0.394857449889993,-0.4618772172504278,-0.0697931854732432,0.10635218359109247,0.10215838534631937,0.18173531897383982,0.01709120926737245,-0.37156447403957676,-0.4618772172504278,0.20492723070375932,-0.024842373602495683,-0.012464315146193049,0.18864182243476188,-0.11522102137332564,-0.05994149760333964,-0.3405405522765344,0.10378003776994214,-0.08569454346894176,-0.10074861872330755,-0.04953671307044268,-0.10232457810185809,0.05894510154376746,-0.34904404319002125,0.041188592714603366,0.2964212734758361,0.23343302518340692,0.18979495792103446,0.04511991399633741,0.0047671406406467635,-0.34088990607563385,-0.310919393965739,-0.13473625877456905,-0.09449106993959705,0.03197261905841641,-0.2403709738585405,-0.08230312335996173,-0.3429335932652396,-0.042908350945796606
item_51222_max,0.10129130080172397,-0.043490927575853926,-0.1413841911181072,0.11162610389259539,0.1719804259030378,0.13044596423660232,-0.15648892908791734,-0.010823124019502252,0.01965069744196864,-0.08314135416869606,0.11587469483378499,0.1043637531807813,0.13392558394449236,-0.04581456741008699,-0.08739942989689664,-0.1067993365935312,-0.19622711005799787,-0.03625870596567691,0.09619146332512361,0.13680081554561954,-0.09040123419481896,-0.01356180883772937,-0.031480936454200956,-0.12718204470416344,0.06768233202311835,0.12235975251432185,0.13529587153924053,-0.12388161923902241,-0.05828009808449367,-0.09232511334905306,-0.20937976749437942,-0.009077668555645586,0.11623228445331056,0.13490770257758034,-0.16734603075105406,0.7449903321502928,0.8547815985927326,0.6793238882501282,0.9315420939036592,0.16400913476421677,0.02331075498878178,-0.5429406511974749,0.09630935530185553,0.1509130159262061,-0.045532491927501764,0.24800414454219832,0.22857128355752906,0.11986766914190468,-0.20075251317848755,0.01806811602714086,0.0009674418736038014,-0.09545556250466837,0.07976024024108665,0.10430825315263245,0.11792486340905373,-0.10710605409559831,-0.08135457979601102,-0.09115355801229477,-0.13684293613719636,0.016782161911967654,0.10652881726427177,0.02963861560660389,-0.13881549297335816,0.7915367402702403,0.9102132329232848,0.7312859023862199,1.0,0.27520632286674523,0.0306326647234736,-0.5118326868366034,-0.3330109826873319,-0.3294685090866427,-0.3324305849384681,-0.29445048156683606,-0.18927222083997833,0.03363626109382975,-0.3034335246684276,0.645288630046043,0.7310397202044933,0.594791030724773,0.8130346436085589,0.2099138565181522,0.033130406744998675,-0.3914138206877668,-0.07527583166629252,-0.058335637220154446,-0.09577233157483939,-0.05413834192597078,-0.0349530817239588,0.027603246280192277,0.07877943131961972,0.2723419816780695,0.33610918578256294,0.3237723849500787,0.3299494461539999,-0.07169004585338636,0.033130406744998675,-0.11113068236337105,0.08881172185038826,0.04895504525230287,0.04578739802981096,0.05230749049199791,-0.08538078344826695,0.033130406744998675,-0.1267560811592527,0.21644859061601418,0.20578004861847432,0.22179744464018664,0.18462753333276988,-0.2674183069710247,0.033130406744998675,0.05918488036286476,0.016478706081889234,0.021862356847063436,-0.0012765419434114895,0.03562835159380607,-0.05310371551917049,0.11310028947146054,0.21480210625361737,0.05508763148990412,0.02807750105610172,-0.24147458640665365,0.07046305270496693,0.14215537868200026,0.14012204505622353,0.08971894076114617,0.12665268972330748,0.08166318257547941,-0.13342986175415023,0.15532113656456048,0.16429079943798758,0.13154724753266658,-0.1349762909713319,-0.06262040140625388,-0.0814995977483387,-0.17368744236474473,-0.001508405835892092,0.1476714344841489,0.1298746019348231,-0.0287804725985446
item_51222_std,0.061058010132817454,0.05136459899932439,-0.04868412900814048,0.09916252007226034,0.06637105881860492,0.1784271121176787,-0.12678088440183022,-0.008673556147484983,0.06827595959966458,-0.07221853375601352,0.13203246241580963,0.19673031145150172,0.18052404863539528,0.021515859821155902,-0.027869546933155954,-0.09522461078907998,-0.10622272800673889,-0.0652234144665397,-0.07963425298884139,0.17221611443166596,-0.039321177552594,0.1673197489808334,0.21152754265226512,0.08674891667245514,0.2384014458605421,0.18586072031294673,0.1824960958249313,0.06332928255087106,0.04729045084230235,-0.028027241685136917,-0.10927231091986642,0.03377113848870899,0.03131657710601671,0.17104726762338895,-0.09196496070752268,-0.1691283362804326,-0.08155771284084283,-0.29066003137599644,0.21864302112873887,0.852345658734941,0.22713061141670216,0.13172018926540405,-0.05034580048905645,-0.05177624695798799,-0.12008497388771139,0.07589667894371048,0.17199256665965731,0.16749696858984964,0.004802719967827036,-0.10667143120684255,-0.1268751232359253,-0.21905345470720747,-0.06185892877064882,0.026936563227962736,0.16706913598128414,0.04690773188898745,-0.18301081514081785,-0.18788154770819768,-0.2749629038268024,-0.02113045345443249,0.20734341295204245,0.17480917569328797,0.1045561513667289,-0.14422858067508057,-0.02757733898812174,-0.2670280011230153,0.27520632286674523,1.0,0.17582624509253414,0.12620527110850854,-0.29169642758936487,-0.2616722433779576,-0.3201234597049274,-0.1657543447271806,0.1461806185001475,0.17376432735531744,-0.24523707992752403,-0.21578205403734083,-0.11053178150027602,-0.3070626264550283,0.14940057934074713,0.9539077265970355,0.17428754700132376,0.11820339957676637,-0.057059267272039416,-0.03396682427910591,-0.08768656596398722,0.0029101049649241403,0.05504961312667236,0.17802211017536101,0.03992077273727987,0.1467614601778839,0.19065834780800994,0.10914658578994176,0.2684596285278119,0.26247247659819567,0.17428754700132376,-0.09353382646462846,0.07683149088507776,0.04111026786134762,-0.007019906700596514,0.09195838798613261,0.26804816505636914,0.17428754700132376,-0.0003336732213638799,0.13788177112808805,0.12673882543044285,0.09130703862123585,0.16078285631893255,0.20207508040325178,0.17428754700132376,-0.16936888352808868,-0.01801695918198772,-0.06444159727900359,-0.02301150530146819,-0.002471195775709928,0.055325306907236846,0.14597741473271567,0.25593177431573516,0.164953469711745,0.10792125084115851,-0.09281118079240486,0.16172803489559948,0.20740304383600716,0.21157534287414806,0.053865956820316495,-0.26858398769382913,-0.22404577424172972,-0.21395481004510258,-0.1271555385501447,0.10596936910778025,0.18937954073636065,0.19273142960266276,-0.006607716958881699,-0.036001324487750376,-0.04762089508211348,0.010504069187077778,0.09931894129357625,0.1924124596886996,0.022091182734689012
item_51222_count,0.11682191223694244,0.01268519508405799,-0.40137888695725243,0.47409435064193095,0.2932622061943979,0.91860334735716,0.07202020453439756,0.07568945724083771,0.03743381747406791,-0.2440573369953462,0.26268147104592915,0.22562452405162506,0.9184766105695126,0.04222020849525838,0.19269699459429876,0.1100166416020789,-0.027638371459057932,0.24135010268825377,0.232328798036879,0.9192365709544664,0.2662149858779494,0.05120278273008315,-0.014139552295189609,-0.24113425775535907,0.23156861975016757,0.15443385968431908,0.9183280459112702,0.1750298412025568,0.48011306815632204,0.3454457722031258,0.09925435706347861,0.5384835656683254,0.4746118285711706,0.9203251032616079,0.3166388159334262,-0.2982526054276755,-0.2417700213238145,-0.4471038181360046,0.07298029637467283,0.290643003123846,0.9846059342255377,0.16618795791578575,-0.25734491647640806,-0.17362847243161922,-0.519901000598899,0.19463381591970488,0.3878562084713961,0.9219857713940824,0.3232340904686315,0.3044092465314361,0.27970316343413176,-0.10626975001231498,0.5056656577089382,0.30133884203323663,0.9229473335256496,0.26129832300418954,-0.2721509863944117,-0.3365367203929385,-0.48270947032672723,0.08457467540039626,0.3208137071200263,0.9970407958358197,0.30683970441529873,-0.3352425421661358,-0.2473398460663948,-0.4671619544795268,0.0306326647234736,0.17582624509253414,1.0,0.1698191245742231,0.2706930451505893,0.32054774057310126,0.16398337906834143,0.5221534681809844,0.6695660680725036,0.9882710911050576,0.2577068744017487,-0.31696668515085086,-0.23895866787756745,-0.433867690697823,0.010764706172682693,0.16288348459218635,0.9899322985846825,0.04801366715018394,-0.014109140888366354,-0.02448748112035234,-0.16780473902900506,0.16265623376854435,0.15147070167569776,0.998804750261078,0.08630650117205942,-0.10969050203262654,0.023147831729161406,-0.23367286635748388,0.2524232181196609,0.29789713731228795,0.9899322985846825,-0.07022189981642774,0.12979053562323906,0.02909991101066493,-0.1303698627763575,0.20741860549035646,0.5832183822410447,0.9899322985846825,-0.056365001856164325,0.04727497682468857,0.032847880722405555,-0.06351008556618495,0.138062221378502,0.17198974533379985,0.9899322985846825,-0.1407569561056427,0.054400341706902715,0.06238281717160502,-0.2861668974454971,0.21394386470245613,0.00012936950425201203,0.9214389696490736,0.01209030459202816,0.04198996796052496,0.09235506248515725,-0.2582295021115246,0.13025967199485444,-0.017972038183530825,0.9225796932593295,-0.043128307463183004,-0.13683119317053719,-0.1046514797412337,-0.43033248207451863,0.3387318967370329,0.3085444606384987,0.9175443880813934,0.14490061780913974,0.2703422345427394,0.14841357897307564,-0.24686923741930636,0.5853506585537259,0.5209884156377929,0.9188712994718804,0.0039700713015742165
item_51222_pct_abnormal,0.006732622291672569,0.0954197260985422,-0.03843086387930624,0.1307044325176611,0.02175978898581003,0.13205398437267718,0.1122972782872937,-0.058408325388515196,-0.051728986928044986,-0.12901431577277567,0.006176928000903137,0.05929249420863654,0.12905020913356252,0.04085824784837502,0.11210322983731802,0.11994974214133682,0.13464975810601007,0.11367609747977785,0.009933051946277334,0.12817927695949038,0.1769150652641362,-0.02300171527546278,-0.006757002908614041,-0.07431736499156194,0.031707910840801753,-0.0015891434834620602,0.12982701178643336,0.12559714937458435,0.1409151569162238,0.16894430523309775,0.17183489696637058,0.14954250706535716,-0.004408378563198595,0.12849115596449476,0.23830429850070114,-0.5535119860806577,-0.6077686797002221,-0.6046557131809277,-0.4888050707678519,0.15943714869087114,0.19494772434037408,0.8689211524859108,-0.028130331686675142,-0.042954599945660615,-0.08348921714999927,0.017477164260241613,-0.04112713016017561,0.1266337418189509,0.0837746670572732,-0.03979129537818256,-0.018507652917258057,-0.08985828888921402,0.05904035297815053,-0.0226249938934346,0.12811117499360125,0.08262412827896477,-0.051839356710301626,-0.0638022532117995,-0.11325538102157057,0.017785623893186293,0.09338509532360652,0.16858448526277067,0.27524141908084276,-0.5789300382253624,-0.6203852406862037,-0.6174221407281284,-0.5118326868366034,0.12620527110850854,0.1698191245742231,1.0,0.20052163719014393,0.20604964046414104,0.17565276135339455,0.21524455092203465,0.15035512554374414,0.1704430085734586,0.2004861562104128,-0.48363569520526783,-0.5045320421423253,-0.5147569553836876,-0.4124132845610247,0.14552415779371597,0.1701279375297806,0.654677175344598,0.020331150506434473,0.03273868500656479,-0.004018208011757231,0.06942680209436182,-0.01926592349497099,0.16542291650924532,0.026514940909240454,-0.11681634747872538,-0.11975019907287404,-0.18908960006173742,-0.05136678595858332,0.08299375740211043,0.1701279375297806,-0.02629784009462829,-0.05400606334807179,-0.05890408902854365,-0.09459343691237321,-0.01374792292912159,0.08463800478045791,0.1701279375297806,0.10019949705153387,-0.10519461140875677,-0.10493999903548251,-0.1448358627880342,-0.06505343260237847,0.20332913289279506,0.1701279375297806,-0.06366519704367574,0.049206744482409186,0.020225685366370632,-0.06829820983052083,0.05450875759439968,0.010215701509542673,0.11996979107833017,-0.156003424302516,-0.030637131132358438,0.0756162422135865,0.09749203310886187,0.07695949606868195,-0.09085908764307997,0.13626701750770548,-0.007987547787044497,-0.15414391477221137,-0.11153685268499518,-0.0422458413518812,-0.0009602129468380757,0.004584865091039167,0.1281327445403853,0.19574154701337493,0.0403895715159808,0.041138887654213016,-0.0015282751751749272,0.10139854742038813,0.0016673236827076919,0.1256973012386429,0.11646611636600498
item_51277_last,0.04175142351992471,-0.013666290690359864,-0.14130536190163276,0.2157591519945043,0.13393382653890934,0.2531976983445131,0.16866158282948565,0.04582022496278851,-0.0003811870700236465,-0.09139472348381793,0.07325613334468452,0.02327127197348275,0.25191982974987287,0.08679602655448253,0.28110241545295045,0.24312760882485793,0.2135630427544019,0.25218903426176936,0.16022253430673278,0.2607700901064899,0.28898614262466804,-0.12998445205897743,-0.19676293466157105,-0.21844144952426617,-0.07957491025219908,-0.06308415280892495,0.2506096494947769,0.1668538247443919,0.3040562749741508,0.3231951632486553,0.3041839898780881,0.29502883165502725,0.1514064525117008,0.2629737381180929,0.33788959788771156,-0.1541533969426862,-0.22147674060519915,-0.202401430549829,-0.18776652006013367,-0.16718288368348933,0.225305478067357,0.09992603703755697,-0.06117709580732981,0.024976983483524538,-0.16711527779006788,0.09953843119658158,0.07970232572556508,0.26039520087988577,0.2808721323447892,0.23216739038692985,0.20125217512486357,0.09219735334542382,0.3155510989370116,0.13702049716683148,0.2603908460583029,0.28064306552876467,-0.17463929514637713,-0.18106869170186712,-0.2094075481559292,-0.07955980113580817,0.029359585023084868,0.26429103517535507,0.21341700430855254,-0.287745039819313,-0.35555084815510796,-0.3173088007421139,-0.3330109826873319,-0.29169642758936487,0.2706930451505893,0.20052163719014393,1.0,0.98533830413826,0.9751988595074602,0.8944320544609125,0.25687783398193964,0.2684778835126144,0.7950696003263912,-0.04635558356737165,-0.08369370732931218,-0.0963372389075213,-0.0441275529286573,-0.20105695419663278,0.26789372113463467,-0.07844119716536377,0.05450228623492548,0.005016564288582585,-0.040887242940561966,0.06165538142611278,0.05644451331959695,0.2595717231008422,-0.06244785126509056,-0.46069916433027747,-0.4616867764297691,-0.5145719389779867,-0.3657176005964691,-0.041006628865119556,0.26789372113463467,0.31537431429207025,-0.16282282520791283,-0.15808096141191924,-0.2108351202648084,-0.08934721234217378,0.18582528690507194,0.26789372113463467,0.26185245756993825,-0.35558064281187435,-0.3481985471706618,-0.3791199120865567,-0.3084957361441659,0.020026380754791757,0.26789372113463467,0.14121286226882157,0.053115136859387777,0.03221231338477045,-0.1892648412949946,0.15125827523228483,0.07938435676909195,0.27062828066554717,-0.1053276354981535,0.02008080240530408,0.02795478796469006,-0.026008476184144265,0.029324098626869008,-0.08059506369585921,0.2631060581486869,0.01666574279484179,0.001296180290529828,-0.005094915877583895,-0.12960097747210664,0.1682605702761945,0.06369529967837487,0.27274727550261274,0.05865786106645251,0.28177911839305875,0.2357893179541862,0.1003633137011921,0.33708008421437013,0.0673922278324251,0.26845572848643223,-0.01237632258909792
item_51277_mean,0.06529061282194823,0.011320838394354757,-0.1365389475254588,0.23703504530906241,0.1567439486454189,0.29189289163819054,0.18710686356094353,0.025110136620680176,-0.011996268752708816,-0.09929246575386884,0.05795832673554011,0.014557627919799705,0.29025928284956154,0.0935108182593983,0.3044705967141779,0.2557921923859288,0.2190531044747207,0.275266021898154,0.18495057725548245,0.29773206090232757,0.3050592301936234,-0.1389969162320553,-0.20780907442026172,-0.22546488114869637,-0.08927018333630195,-0.08271333043294192,0.28914399758041903,0.20766343760973047,0.35693139039159527,0.3570968651206202,0.3156009282745257,0.3517366021040929,0.21461785552333257,0.30023535380488536,0.37108469774665587,-0.18577004161451305,-0.23139746648617326,-0.2269141667559398,-0.1743069442971644,-0.12331550993096872,0.27787799364351357,0.10700345406076933,-0.10975032081958086,-0.004977556609410692,-0.19859100198021815,0.08659782387223094,0.09596817893431608,0.30071497768544864,0.30005711366812504,0.27876315604528457,0.24470168095179137,0.11240564229493902,0.36074866141660067,0.1698586400056003,0.30092929757297743,0.30047158856753325,-0.18734417941626952,-0.19919410281816705,-0.2271338598565969,-0.08072312561252387,0.029093646717582036,0.31387634005758314,0.23657449833990735,-0.3185159647618741,-0.365286291894068,-0.3429344959380922,-0.3294685090866427,-0.2616722433779576,0.32054774057310126,0.20604964046414104,0.98533830413826,1.0,0.9797059773360607,0.9375401161595949,0.33701451666144544,0.3075689454873224,0.799668492106848,-0.08184836477950165,-0.10030009971888731,-0.12454849190239424,-0.04926822539815816,-0.1763118791635882,0.30786948233759853,-0.07914624011708088,0.09149427359549044,0.04669989146557426,-0.008647134665285716,0.12015273934723934,0.11793200906861084,0.3083871527824845,-0.034898432549870205,-0.4596982257303503,-0.4520064576672662,-0.5161051454045472,-0.34269238080373765,-0.0149576807548435,0.30786948233759853,0.3156231425708317,-0.1421910872916899,-0.14858295896901508,-0.21120703788726905,-0.07011985892318945,0.23849826047872755,0.30786948233759853,0.2556127766371064,-0.3379782759505106,-0.334910582671892,-0.3715299937985887,-0.2866802773668908,0.053390226534007906,0.30786948233759853,0.13641775978847515,0.06337247439081231,0.028297080749387506,-0.19110737683021684,0.14252451752606346,0.07266458962753292,0.3113901503016137,-0.1095497329993286,0.03127712063884208,0.037639872407833584,-0.02077000313342585,0.02723190073117022,-0.08583959515011132,0.3002202250728988,0.045938403031589616,0.005329035674990524,0.008767278818327355,-0.13712795718648874,0.18707602442988142,0.08613965455419811,0.309914956806145,0.046310624027295216,0.32041941465292706,0.2634552923755647,0.10455028976983134,0.38021402094084794,0.11524845865287635,0.3058086233236251,-0.01113271820427706
item_51277_min,0.03632277405501197,0.00686452376645373,-0.07302850804353049,0.16714800793632764,0.12662766746709211,0.1446025480247368,0.18831595094372824,0.013809384954102418,-0.02082054946345332,-0.06342154051900639,0.014347361885914449,-0.01615112057127493,0.14318974617963084,0.09670741655434381,0.2845751255471674,0.24776210489172953,0.2306838958362816,0.2477757858636695,0.16310690892996157,0.15391120624928648,0.2812583940925013,-0.16862963700717254,-0.2259394845376145,-0.20521160966503318,-0.14129293940799567,-0.09951254181130777,0.14205453052642278,0.1912884814466762,0.29605600831133216,0.32416087040620595,0.3234074201005461,0.28157065931567815,0.1540679290549226,0.15624249976188018,0.3389746314650407,-0.10171169927227289,-0.16321386787840428,-0.11996111278867358,-0.17034946252666022,-0.1999603234337828,0.11556331074696989,0.06833484022783162,-0.06134872763577175,0.03261187021920381,-0.1152090547847363,0.06176777958409682,0.03595671764978511,0.15535096392716932,0.24354510336061064,0.2537445752323327,0.22038740778869703,0.14880305730797277,0.29807993476212935,0.12981432842548463,0.15529007387272192,0.25409371468126135,-0.12997784722271727,-0.12658850076365644,-0.1295402030641892,-0.07827690789913858,-0.019164159599959756,0.1573855602673453,0.1692159568639496,-0.23892205343815265,-0.31228762948592914,-0.24695554052167734,-0.3324305849384681,-0.3201234597049274,0.16398337906834143,0.17565276135339455,0.9751988595074602,0.9797059773360607,1.0,0.867542508522002,0.17012621815446125,0.15577524965986367,0.7723140777554585,0.021653268680814002,-0.018272188401845683,-0.008994605395428582,-0.015016780063363851,-0.22603854430925988,0.15555833300656405,-0.11230932848894057,0.09458205492113908,0.05079822462722422,0.016055260031149505,0.0899987625536952,0.09477550548733057,0.151994534522108,-0.04409365899649092,-0.48657671502208444,-0.5076866291316399,-0.520491737374341,-0.4392315734291595,-0.09818406212277236,0.15555833300656405,0.3518143172332815,-0.2012795954591002,-0.18659362594309534,-0.21799782482768262,-0.14153961273057405,0.10611693849345766,0.15555833300656405,0.2880720463334052,-0.39828801172313116,-0.391890291174775,-0.41051246890620485,-0.36290895307931714,0.0065575122716901675,0.15555833300656405,0.18378039606639937,0.058418626391510915,0.025403872303695816,-0.1391709196300748,0.10645019721276912,0.0668957365106844,0.1678077237994301,-0.11014964469559603,0.02006021297820696,0.02525296864246473,0.026523603789479534,-0.0025441204308836035,-0.0908441337009627,0.15307070639398587,0.05038208466231346,0.053822705210561976,0.04469488089622979,-0.07138039170480413,0.15617966053337476,0.05165818021571182,0.16715119323617217,0.003290220535159029,0.2989208055508604,0.25852753592030947,0.1612020724024475,0.2989846744091432,0.028165661194016763,0.1628229094176513,-0.026973859466787063
item_51277_max,0.10191279718067524,0.01087454259759588,-0.19409227895271533,0.2847585791785325,0.1625664469381364,0.4694142090238497,0.16311233820740859,0.03454705539660612,-0.009764238806558015,-0.13598580365020152,0.09065925215652032,0.04854199087418941,0.46771415505606057,0.08312484110442707,0.31819950745167863,0.2483165003030242,0.1916412341506345,0.2974474585217842,0.20504828556053006,0.47001687678782733,0.3223891702074925,-0.09656785635881451,-0.2012863445526935,-0.24865829554404986,-0.04350531795271828,-0.06485958025320386,0.46671961292232916,0.2211116233295886,0.4605300395840055,0.38612733800436416,0.2859549870537719,0.4617237660618378,0.3306837542753295,0.47283366951456907,0.3856410027508038,-0.2856527744606566,-0.2725301162627373,-0.3275974512499919,-0.13470490444257935,0.0024050767234641396,0.4926672185686658,0.13272719647420286,-0.19919970298095538,-0.05789993792609955,-0.28802364443235884,0.10387119697274416,0.1612572814872465,0.4784222139751409,0.34233304404432396,0.33845328337794783,0.30908185761749757,0.10582895829362626,0.45883072203450176,0.2317622739589363,0.4790320534012397,0.35909009071289855,-0.20425178006069789,-0.25060876161121926,-0.30177037321414296,-0.03541079383436742,0.08883836572133608,0.5107450392776943,0.28159419183678625,-0.40732232820959463,-0.3875331875917982,-0.4304846439125847,-0.29445048156683606,-0.1657543447271806,0.5221534681809844,0.21524455092203465,0.8944320544609125,0.9375401161595949,0.867542508522002,1.0,0.6307803498086814,0.4741699040352773,0.7524282118999154,-0.20854349400965067,-0.17405165875171502,-0.24424199710587374,-0.07927881220201348,-0.11084260960698322,0.4776137809598833,-0.06450299813576627,0.06843803038049848,0.046282982387868474,-0.03298829410464876,0.15227318442827906,0.14852694408737774,0.5093048236731367,-0.009164592959649238,-0.4335767513674363,-0.37207753607319943,-0.5041148171855493,-0.21109768814804322,0.10408602225728515,0.4776137809598833,0.25004764814297703,-0.05026462733994684,-0.09734533306129804,-0.1958962682845703,0.025680426610281686,0.4105525810192416,0.4776137809598833,0.2024800559986645,-0.2561271789783939,-0.25638692054135326,-0.31382596299220566,-0.17964587187474015,0.12337902149428318,0.4776137809598833,0.0805605258660432,0.07149798301466723,0.04221461658491051,-0.2296550206874627,0.17963154544546825,0.0879875953875012,0.4872598805117244,-0.09541473601868858,0.03695920652082565,0.045731525696438,-0.06103483574315282,0.05786433964754461,-0.06613110312932236,0.4749091979597022,0.03653344148556149,-0.01999098380962008,0.011371681769091634,-0.18149473960603227,0.2272374394309395,0.12741318375630262,0.4805225967653483,0.057713682005121524,0.3857391587552563,0.2683289735069851,0.028014673999321435,0.48633905363090896,0.26706868698257086,0.47850174113522675,-0.007643718417907844
item_51277_std,0.1371051260853903,0.007497743618512849,-0.19337664067382077,0.22117951543728243,0.11323026468708655,0.5993481184423476,0.04874723068937186,0.04429543796007816,0.01975734949495462,-0.10022228518377133,0.10055727375877999,0.10872365137728782,0.5980045926002048,0.069172136643011,0.2288713485682337,0.13820104710483683,0.09679977813968457,0.2001859972078534,0.1272423183039256,0.5819616478889622,0.19652306869318953,0.0853532233305323,-0.029635246762630442,-0.08114140810898282,0.08263735292062148,-0.004074282608046401,0.597658548572638,0.16039408551834156,0.4502550508253207,0.2686305605050545,0.12507694647896486,0.4407313311522005,0.3552710172487403,0.5842158605742451,0.2051414391863956,-0.45358487033615047,-0.3378209074032698,-0.46848696294421416,-0.11057464234136884,0.3008234157988938,0.6972043356128528,0.14253287333461961,-0.323957935350753,-0.20051824753676278,-0.326964308707795,0.008631872981636108,0.20365073305180065,0.599134855280754,0.3028708773864969,0.2563140484917386,0.2585774724661311,0.06694782078777377,0.3612256260771933,0.20146517485613968,0.6006910949627882,0.3077548252754308,-0.1750678882000232,-0.2802596242579409,-0.3595517504249993,0.03235906702081579,0.1777010050438224,0.6573380652503625,0.31702484599248604,-0.4891582503762759,-0.34209685022578934,-0.47355951293317977,-0.18927222083997833,0.1461806185001475,0.6695660680725036,0.15035512554374414,0.25687783398193964,0.33701451666144544,0.17012621815446125,0.6307803498086814,1.0,0.5828208498335374,0.3027649590270266,-0.5013712602733159,-0.37641258174347386,-0.47940329813791893,-0.25457020204071035,0.11538207552478465,0.5902946825890398,0.03722637827509213,-0.022221254043124198,0.006375756530465117,-0.058832809216202916,0.13201253783911096,0.12786227080269089,0.6617396710910607,0.003585700937032202,-0.12381837501768045,0.01632200573390176,-0.1857410163198418,0.20156539128086298,0.35911256850896633,0.5902946825890398,-0.047766621879472844,0.2567680476929203,0.14516390034495502,0.01049116000781056,0.307634376396491,0.6598762438279507,0.5902946825890398,-0.037149196374860666,0.13681442451919387,0.12357977385800481,0.04945070493621522,0.22059633635928788,0.26180634292280236,0.5902946825890398,-0.12348160299218074,0.03101851823541879,0.010399496450328038,-0.19482853593915864,0.14845407493880894,0.11255366152599178,0.5970751806472238,-0.05182373968046098,-0.04267639091443499,-0.010885541009613317,-0.10289080750851154,0.05401050050786549,0.0008140588929741198,0.5895033068836727,-0.04947853737682009,-0.14207594518803093,-0.06495676530488291,-0.17001056071687537,0.09763022727902768,0.12224591371580396,0.5748111817390061,0.09973714831755359,0.2958442520361518,0.1435127875597358,-0.09543485899691921,0.4323403146694149,0.4109594642240407,0.577656750111124,0.055790881465160265
item_51277_count,0.09765446799105613,0.01684607600036962,-0.4097758798829921,0.4864430053562658,0.31337355753691337,0.9166844452511472,0.07911081484251171,0.08616683419389909,0.04851700013221636,-0.2430724405984876,0.28121564345945727,0.2404077601088971,0.9166593846725998,0.05180992023797428,0.18123646908963217,0.10677632081223705,-0.034771842272874956,0.2367279877846042,0.23483959458739503,0.9203789259608218,0.261359904247985,0.05669467458538472,0.00996956856612494,-0.22846846650933736,0.2548559864535733,0.1687750743739634,0.9164107561616746,0.16858699749217043,0.439831246213836,0.3326837558816449,0.08672841828109207,0.5088402092559909,0.4514575816395887,0.9213116318141829,0.31354347738845423,-0.28064446710666024,-0.24680670696753523,-0.44406810492696003,0.0622798466341501,0.2753346130611807,0.9714420555844536,0.17527039972950023,-0.2179564073643158,-0.16560935867147725,-0.5144682272330572,0.20350297906857542,0.3899825039776435,0.9192973911497496,0.3219700932947185,0.2651074360101007,0.2468516114794094,-0.13822150405475025,0.4723235223054277,0.2830685012819694,0.9201361888642723,0.23752213695441035,-0.29181982998858513,-0.3385915135103781,-0.4893851634778966,0.0729530026801057,0.3269554377908005,0.989544853504799,0.30438545828307,-0.31456328205922185,-0.24917890840791304,-0.4608653118854158,0.03363626109382975,0.17376432735531744,0.9882710911050576,0.1704430085734586,0.2684778835126144,0.3075689454873224,0.15577524965986367,0.4741699040352773,0.5828208498335374,1.0,0.2542355310296576,-0.3035159792234412,-0.24347570905560248,-0.43340418619248744,0.01338031976176281,0.16716776748778198,0.9999286704579291,0.061644156274072874,-0.017464800875066654,-0.03833428042926472,-0.18098017829694782,0.15532099188303475,0.1439673834015227,0.9907445699249088,0.07650438083864056,-0.0874966392595053,0.025309751165461296,-0.2235818570009016,0.24657637522157166,0.2804885950397665,0.9999286704579291,-0.07095245551845625,0.12274448030172358,0.03420490400714789,-0.12221458415277606,0.2055765304814713,0.5555666879569874,0.9999286704579291,-0.060330704443232165,0.05438455953283023,0.03660574895451238,-0.0589750592235696,0.1362845010810509,0.15571257967899435,0.9999286704579291,-0.1455831257049244,0.039627287306246886,0.0558376588214664,-0.2884058407205318,0.20184094540943667,-0.020600944667305304,0.9182903767047762,0.014625333755139747,0.033039397273728656,0.09340730093420578,-0.2757891428566989,0.13304492485964076,-0.017198130103656707,0.9233836595762727,-0.048977998507920575,-0.16499761125805434,-0.1460201678578109,-0.4644501034923947,0.32223085947281804,0.3172039163303283,0.9198601429353027,0.17706517490098256,0.224967460684409,0.13702620371937818,-0.249745571464611,0.5636998186067702,0.4925265726847092,0.920317172284115,0.00458568553791459
item_51277_pct_abnormal,-0.038593768517764124,-0.06809881345769157,-0.17011605735917304,0.13368278407187995,0.12954141957622642,0.2471868035559465,0.1762386562884108,0.009746106403948289,0.023619553050747324,-0.01235911807324609,0.05971813522626458,-0.053104270484376395,0.2465797988892925,0.03779267625161243,0.2755091990856225,0.25967661201213826,0.19999851923198425,0.2933747269848827,0.2705681313770804,0.2536371827814902,0.263596249791005,-0.09862390777088001,-0.1259606692072507,-0.11395258441054049,-0.043767130925658496,-0.11967965116966973,0.24542784927573105,0.14002629923471585,0.2624981930598437,0.27135789220216455,0.19683807858923613,0.2903365098372525,0.2621608032890092,0.25730266227246407,0.31769625546170005,-0.2199691610842891,-0.2615103773190055,-0.24251140412620512,-0.2013199232147462,-0.11499857111178274,0.2306058317153343,0.16806106953019936,-0.072085467976999,-0.00085778324189561,-0.14811200890737816,0.09889939172666014,0.10270900383018366,0.2577018046012763,0.25921171745382027,0.18717192206239666,0.187694312235162,0.07245246619022402,0.26942942933199515,0.1349098616552523,0.25802097588294703,0.27417030666302095,-0.22526874316332365,-0.2101941526047504,-0.2099264599536672,-0.14700347596546826,-0.09862111705233743,0.2564838191867999,0.23245107489206399,-0.3039938669905525,-0.34414742017276695,-0.3101445288851634,-0.3034335246684276,-0.24523707992752403,0.2577068744017487,0.2004861562104128,0.7950696003263912,0.799668492106848,0.7723140777554585,0.7524282118999154,0.3027649590270266,0.2542355310296576,1.0,-0.12626179073915278,-0.14210520898536455,-0.14203119914281231,-0.09549821677070006,-0.20230106185702074,0.25424308633516746,0.0582636850010863,0.010628982650700102,-0.037630373248349815,-0.08918581644610939,0.03660276941122377,0.05570545922480177,0.2521744329453316,-0.1295778078971769,-0.33571169670457096,-0.33233370925811107,-0.4136274179423627,-0.2270494735441577,0.11132422416923991,0.25424308633516746,0.23409793725908967,-0.1336668196913486,-0.1411044695264373,-0.1934091300740209,-0.07094647715297422,0.2032938120454753,0.25424308633516746,0.13776238325544754,-0.27194484783705525,-0.2733183427893693,-0.31383880260263136,-0.22057870024780146,0.11933826659710423,0.25424308633516746,0.11211652886758872,0.034001644382869026,0.059204348248597286,-0.14953091579884903,0.15122992232547985,0.10103751060236585,0.26510814939039556,-0.083183071688227,0.05407784699593989,0.011194927164694855,-0.08783702992105002,-0.0007687557703673774,-0.05482838438556968,0.2559738290971993,0.07389609271229733,-0.09715124957334,-0.05976335859513163,-0.13278158153139424,0.10590871191839173,0.052577618723592214,0.2663744224953285,0.11334200914869648,0.18313288108079057,0.16037462473743924,0.031725003413614686,0.2868477296908817,0.11057008265765206,0.2626014461383078,-0.00604081901256238
item_51279_last,0.015631975305094862,-0.08618840782630473,-0.0038766346543674104,-0.03346175215819429,0.14283277578964707,-0.2127932258615325,-0.041119690117893376,0.0026382119258931925,0.014521232398890726,0.04717016201783827,0.0008193419905890954,0.01196629628599298,-0.2089386678555846,-0.07190688877285599,-0.1038796304235044,-0.08445580577786478,-0.12796349810927848,-0.0662162057842039,0.09445182944115814,-0.19662925397278128,-0.14917679109024418,-0.10885882653195186,-0.12921900886914645,-0.11841451792879949,-0.11370626862176646,0.07674980687605984,-0.20816194209971645,-0.1585661383113074,-0.17213549006514145,-0.12594321718830748,-0.13002347186144575,-0.14920593403601787,-0.0035928715980237075,-0.1980893650474085,-0.19897251831997773,0.8885790887834487,0.8467962527671206,0.839191051035914,0.6984304119265762,-0.23296124280658578,-0.36378511680203546,-0.5985572802422203,0.1482615338327412,0.2415968114500171,0.13614870753250152,0.18354103724333648,0.06668002023877524,-0.21154458258960368,-0.21904011786734595,0.058508792642798756,-0.0020877743734698554,0.0808204922564318,-0.01655992338491742,-0.036418229987458306,-0.2135061839065868,-0.20996529385947046,0.18504513212758267,0.18307423257295352,0.214039506294208,0.07403667077334575,-0.04207837239323076,-0.31686236631095605,-0.3017293511790812,0.8649817196500309,0.7750207125132352,0.8008089312904964,0.645288630046043,-0.21578205403734083,-0.31696668515085086,-0.48363569520526783,-0.04635558356737165,-0.08184836477950165,0.021653268680814002,-0.20854349400965067,-0.5013712602733159,-0.3035159792234412,-0.12626179073915278,1.0,0.9236613818271996,0.9164873751260655,0.8211684538304383,-0.1852699622510341,-0.30566896514319397,-0.541075132702816,-0.023043025663157263,-0.02026685079309269,0.012163291347349964,-0.10467973304502538,-0.09705858920608222,-0.3254212377731688,0.0651855006760265,-0.09382505325045325,-0.11880769578770475,-0.0031070221064908405,-0.20700217537287133,-0.2573552648263933,-0.30566896514319397,0.10025248248434021,-0.37260532536258245,-0.3598846550466168,-0.29009940838473597,-0.41547767127184304,-0.33027032691261216,-0.30566896514319397,0.059296872394681774,-0.33816403820668556,-0.341593574726797,-0.2802048332015637,-0.4025568179572084,-0.3873168974435379,-0.30566896514319397,0.14359330974849824,0.08279276200945046,0.10066264683011228,0.09643990777530694,0.09698616764507684,0.12610102192775866,-0.20292893406899504,0.10163584612002154,-0.09335095848541637,-0.091044185558703,-0.12327978416243372,-0.06419012642123945,0.05407054476189984,-0.20649212710849665,0.07109906447654517,0.20066898847790213,0.10807615036111894,0.010081340138039772,0.051550654055063934,0.07040190404837678,-0.19906986618853764,-0.16274403986099162,-0.050108379326619316,-0.0482982647304652,-0.013550600002205523,-0.13925010914144495,-0.0562860561202684,-0.19887706694340127,-0.09762376325160402
item_51279_mean,0.037718982454626925,-0.09569714153970778,-0.03655243144051081,-0.007770087913149938,0.1593842953850654,-0.1286588552832771,-0.09484366620666262,-0.013880522781347495,0.004377550986299481,0.01732066071447168,0.015414356631638907,0.039147039966067866,-0.12448310511886976,-0.1072394644351059,-0.11941282864915988,-0.10970226519891273,-0.16831317053674832,-0.07316537722868904,0.10684270997694564,-0.11855594816982064,-0.13978650989253774,-0.08830514053331445,-0.13577193123641937,-0.13320268941024374,-0.09473613344499372,0.07680073568646967,-0.12364636915610651,-0.1686822898467806,-0.16402225858393885,-0.14790131015069424,-0.17279149711433398,-0.13440113703294443,0.010549063692321158,-0.11956703430519179,-0.20546342228491368,0.8068546471561298,0.8962657568190139,0.8563480142178733,0.7839563005600119,-0.1606479406725462,-0.2795032781772886,-0.6216286890579573,0.1361300520693787,0.23685616101034926,0.11115711711333359,0.18630689562194683,0.07595923778142163,-0.1284237198192049,-0.23920793278814476,0.04600000034078877,0.019756025173640644,0.06747608183553143,0.039886893993535295,0.030457859786050482,-0.1307706727402199,-0.19636139055250998,0.18678802530075106,0.2074744240175077,0.23215443104750888,0.12450049312436942,-0.013843107177779295,-0.2392584777892892,-0.3238087018663728,0.7619652734077917,0.831801722913064,0.8139852158947634,0.7310397202044933,-0.11053178150027602,-0.23895866787756745,-0.5045320421423253,-0.08369370732931218,-0.10030009971888731,-0.018272188401845683,-0.17405165875171502,-0.37641258174347386,-0.24347570905560248,-0.14210520898536455,0.9236613818271996,1.0,0.9492241994130713,0.9253359328413037,-0.07747239447173794,-0.24412174078803187,-0.6138961992869648,-0.09303276562282663,-0.0654790989020691,-0.03968697530360269,-0.135256729654224,-0.11896642219935008,-0.2487616706813059,0.07089729178759795,-0.10199233018868,-0.08646850339388833,0.013324336444443512,-0.15237882314625598,-0.23286346687301993,-0.24412174078803187,0.11916952773885992,-0.4101403004716557,-0.4315821025886235,-0.3731192433050066,-0.4708434087479473,-0.2941373410323019,-0.24412174078803187,0.09332256610166226,-0.3712488018584465,-0.38269381490321736,-0.3279735261735444,-0.4305333221763153,-0.3778881749971476,-0.24412174078803187,0.1788344021128908,0.028998762740240852,0.06784458381225329,0.07787779339541274,0.05560693542623911,0.0746792055355807,-0.12483308425716531,0.12912535543530532,-0.08614660197430105,-0.08449404865343292,-0.1643878512639337,-0.03153494816763801,0.10186432687569652,-0.12051939048591366,0.05333698197328959,0.2589311478785915,0.18295212821809723,0.03689915798780427,0.13086875396276498,0.09822488142444584,-0.11744965285019228,-0.2142570693202221,-0.04022503055854984,-0.07075814704520478,-0.07227265354487385,-0.1005737708189475,0.0344965666275317,-0.1199749332263298,-0.1082885430915671
item_51279_min,-0.017291825822346132,-0.09860789866752757,0.07369341918006611,-0.13106650643844794,0.09500025887944774,-0.3112092455850844,-0.0828193284202885,-0.01925141788974812,-0.00405463400506416,0.09133683942556733,-0.06093877728885796,-0.013269476907305785,-0.30735417112519026,-0.07428946655897709,-0.12611894407880572,-0.09706287119416582,-0.11596029790460112,-0.09630501256235985,0.07630474720833563,-0.2997308554013948,-0.14520578261144837,-0.10556176428942617,-0.13332037517196074,-0.0472531158086656,-0.17037620472699852,0.008502423520097564,-0.3070900371232639,-0.17742093738489026,-0.2268270820121383,-0.17505049621506893,-0.13102698137794536,-0.21316057620737447,-0.06880911206602275,-0.3008796635531195,-0.22394412969336808,0.8033576724989654,0.8606715126799748,0.9242690938206799,0.6335050507180876,-0.36166169127351316,-0.47968665743328825,-0.6176819971808307,0.16663075121339643,0.22847801184797015,0.21846422378180658,0.07691504142720085,-0.029601877765228077,-0.3061189109375543,-0.27405652354509574,0.0028015482291486988,-0.008298316089058316,0.14014218987675015,-0.06502002837651143,-0.02380577795453218,-0.30831700115642124,-0.24079135094315798,0.23791434328151806,0.28425329549025147,0.35856877922356806,0.09857893685115231,-0.10079703506434942,-0.43106411482266305,-0.3549718967221294,0.7729318140194049,0.7973128094926764,0.886203369534637,0.594791030724773,-0.3070626264550283,-0.433867690697823,-0.5147569553836876,-0.0963372389075213,-0.12454849190239424,-0.008994605395428582,-0.24424199710587374,-0.47940329813791893,-0.43340418619248744,-0.14203119914281231,0.9164873751260655,0.9492241994130713,1.0,0.7805491503182622,-0.2812014423901491,-0.4344405532336445,-0.571935145884478,-0.08507686114348871,-0.06180893069614703,0.007174861593318892,-0.16629588899607892,-0.13694232197946948,-0.44152234989713596,0.023363021776667933,-0.08549039936022185,-0.11317327792684251,0.05069411833944989,-0.23641620369073776,-0.285674891370727,-0.4344405532336445,0.12068827365847506,-0.3868309088772596,-0.37787277663921287,-0.28285345380353233,-0.46244512831933277,-0.40215546155293697,-0.4344405532336445,0.0898770529429706,-0.344938134417607,-0.3519999595732996,-0.2765728098612818,-0.4233950049256988,-0.3758925823795969,-0.4344405532336445,0.228497434582667,0.012156432959077236,0.04463854924717804,0.16017763620809652,-0.0229399492963564,0.051317895946309484,-0.29947762903689157,0.08473035319051302,-0.12421670214924772,-0.11905859256543576,-0.06668561276292459,-0.09416983118700642,0.0636561698987713,-0.30575011924362716,0.0337006510151903,0.30413686142120844,0.22307231158692822,0.16287500615476402,0.06785750948596635,0.031301124082587665,-0.2957894344133274,-0.27267518849141287,-0.07906046789871318,-0.07381011444113805,0.02335231732564066,-0.20054383261351488,-0.06960558976886903,-0.2987417567422655,-0.10217559389799244
item_51279_max,0.0645223165757695,-0.08360884898367395,-0.166900626655104,0.1380221012090394,0.22694028687755619,0.11336982841220876,-0.0879529042011534,0.019379977924792516,0.04628115081001429,-0.07392039135736976,0.14399846271452837,0.1435526067799294,0.11802929032985973,-0.10422452258058057,-0.09374480520318625,-0.10862653199754708,-0.2078940446861692,-0.03259899208409277,0.13776568411272513,0.12922131912631368,-0.09289083551950622,-0.03867702772150744,-0.09000838045387552,-0.19874017708308464,0.033046726907831704,0.1585670447175764,0.11936163497294824,-0.11574986927973296,-0.08764200647141514,-0.09625274443176637,-0.19732260983490565,-0.031248500050752578,0.08741355912504098,0.12796884648979467,-0.14582906670926923,0.7026072051279522,0.812041507980607,0.6765826991932359,0.8670388882610717,0.10050192283360619,-0.01971317561799435,-0.5275396180989605,0.11438020687646813,0.23893777449973336,-0.027692694826003332,0.32163547451525687,0.23174355652449172,0.10939656777023805,-0.17349513933498975,0.05339274776107564,0.01374699583971126,-0.06277364602839806,0.13484284544877145,0.0938832575367084,0.1066282903451495,-0.1334622862631577,0.09030032883254999,0.0990704318866852,0.05528622703578046,0.1562604085340573,0.11845937962162462,0.008354146357885577,-0.24265921923642672,0.65810197673505,0.7532773763932846,0.6345132443122107,0.8130346436085589,0.14940057934074713,0.010764706172682693,-0.4124132845610247,-0.0441275529286573,-0.04926822539815816,-0.015016780063363851,-0.07927881220201348,-0.25457020204071035,0.01338031976176281,-0.09549821677070006,0.8211684538304383,0.9253359328413037,0.7805491503182622,1.0,0.19512023513763985,0.012296991154609119,-0.5721652597420195,-0.09344243945473979,-0.06881051523665158,-0.09903279583274817,-0.07908255251560459,-0.0682223233029223,0.0009554476521800566,0.08891804306870237,-0.09851996691560672,-0.06228886685096356,-0.047513046214100546,-0.04787283505527163,-0.1207026790077534,0.012296991154609119,0.12948298510081196,-0.3993496335551318,-0.44016715349151936,-0.43108154793038533,-0.4243165138817289,-0.1480709798442984,0.012296991154609119,0.09149902686261746,-0.3606641367906537,-0.3794116999202838,-0.3589657188450175,-0.39370520196400105,-0.32313315861559383,0.012296991154609119,0.11470090111376623,0.05148810788321467,0.08412181563963067,-0.021437607197663505,0.13361281306062117,0.08676597317570965,0.10668697150445701,0.1760243699060957,-0.030528168312781236,-0.03012194780523653,-0.25464972640320743,0.05145697533259236,0.13070526164060595,0.1344004231773229,0.05747155035018549,0.1684917279772117,0.09769128296692431,-0.12444370998613674,0.18272744405224584,0.17001656607737592,0.13229980209189532,-0.11360264239409901,-0.012506480797519814,-0.06023076008077067,-0.168313363930473,0.016759939237930968,0.12844131327661784,0.12896787064203905,-0.10913259365889579
item_51279_std,0.06661655863426055,0.05247004843098523,-0.040771538159722794,0.11775564560676258,0.06113466415673612,0.1679450856009065,-0.09074452258790706,0.020327679753700898,0.09380375037190607,-0.07043441353822762,0.15527530056177044,0.21709924927573107,0.17037873070783238,0.030170513611564042,-0.05241426747435343,-0.1152325108715392,-0.12315620412685034,-0.0890539067671849,-0.09549957007578537,0.1629922138201239,-0.054032994312223415,0.17123618985117264,0.21078524000080073,0.06813556464837062,0.24562922801102816,0.21239196678382924,0.1717307688101948,0.06927619458220878,0.004150104168745615,-0.057313376497599815,-0.1274073765085744,-0.006073562556043563,-0.00302628621729637,0.16183048400414748,-0.11066852114273609,-0.19040774518056264,-0.11211365630502572,-0.30724234057044825,0.1939652900162585,0.86571021533855,0.20383688161510327,0.12814109624071524,-0.025481014544241013,-0.011783138157739388,-0.10974927835144187,0.11048187197192433,0.18477434063674486,0.1560630429931947,-0.0019009714090444533,-0.1142247494857349,-0.14475455578016072,-0.21843775163635143,-0.06974478290166436,-0.000329473738539961,0.15508872248061978,0.02434371937552687,-0.09690824007002657,-0.10882484145853523,-0.20074568395281558,0.030290500301959,0.22318042086134704,0.16195537183839812,0.05455505145765955,-0.18268854090319195,-0.08473649063569708,-0.30138474526057235,0.2099138565181522,0.9539077265970355,0.16288348459218635,0.14552415779371597,-0.20105695419663278,-0.1763118791635882,-0.22603854430925988,-0.11084260960698322,0.11538207552478465,0.16716776748778198,-0.20230106185702074,-0.1852699622510341,-0.07747239447173794,-0.2812014423901491,0.19512023513763985,1.0,0.16693899593022993,0.026613973324028786,-0.03744057651186339,-0.019736485351706273,-0.0733125926358624,0.016958712455907906,0.07206543116751499,0.16298904711202925,0.025017622587810182,0.08032410397001216,0.09575228690965168,0.03103088620954395,0.1671972876023874,0.2042133940002488,0.16693899593022993,0.00539687034790667,-0.05089677622956442,-0.08190337817566178,-0.126340577352236,-0.029751591808585172,0.23417040546686668,0.16693899593022993,0.07388109652507657,0.0004185364903858829,-0.02324609683083527,-0.05322412623649572,0.005927510635320847,0.14053497523741965,0.16693899593022993,-0.14665606427049815,-0.01942469813733396,-0.060707192045670766,-0.05520637323338599,0.02879109387398419,0.11638272700905103,0.13542169841316493,0.21153146769908576,0.10038145767263151,0.053962868373485025,-0.10961332435188503,0.14571978314513215,0.1929205664612542,0.2082717362734732,-0.0027080405554759054,-0.21511471270765528,-0.17187639285882608,-0.1819007989406628,-0.0785007073367559,0.09409346471335671,0.1900432058176271,0.15854107049212296,-0.014469779058658146,-0.036345158560951614,-0.054524773549571345,0.0019609915535047655,0.06574034212470356,0.19257883867489042,-0.027167210016295233
item_51279_count,0.09827772418003276,0.016391303149097067,-0.4094208653143283,0.48507575192695646,0.3114466735089437,0.9175600723001948,0.07834315577304933,0.08585619785391213,0.04791834372177208,-0.24295275790060192,0.28008226253448115,0.23938171904746744,0.917526103884664,0.05114731371633349,0.1820116319591362,0.10700549531294744,-0.03433516486482985,0.2371913172831352,0.23477415716511776,0.9210567634246964,0.26175265542260084,0.05673214820572487,0.008532451781634047,-0.229043026468793,0.2535161246019251,0.16770330700006947,0.9172774701904974,0.1687357602815043,0.4429715868679902,0.33348260101390687,0.08718481034497008,0.5113212864670247,0.45380156088720724,0.9220020012942353,0.31363868486958973,-0.2827936991225873,-0.24700095665465188,-0.4449761663098468,0.06278992866201522,0.27705939181110284,0.9733409523574429,0.1750605268917256,-0.22072618136286437,-0.16680178400469675,-0.5151085624673645,0.20253967076900922,0.38987997142480924,0.9202933839559354,0.32234238753926275,0.26760806254618047,0.24955315049406074,-0.13584785145851708,0.4749081504389702,0.2845593648510664,0.9211404697922574,0.23956672570953522,-0.2905508262492718,-0.33845269151896745,-0.4889320227790404,0.07405129567733718,0.32656144582502067,0.990954482937632,0.3045608703708696,-0.3167530890619335,-0.24944832336203002,-0.4618772172504278,0.033130406744998675,0.17428754700132376,0.9899322985846825,0.1701279375297806,0.26789372113463467,0.30786948233759853,0.15555833300656405,0.4776137809598833,0.5902946825890398,0.9999286704579291,0.25424308633516746,-0.30566896514319397,-0.24412174078803187,-0.4344405532336445,0.012296991154609119,0.16693899593022993,1.0,0.06084174696241849,-0.017779211541231313,-0.037759725813556876,-0.18050607782420922,0.15554094533258975,0.1443106324484117,0.9922951433037885,0.07709686863637687,-0.0889441496128717,0.02550029970233787,-0.22415362375987116,0.24752002794357097,0.28229155448812904,1.0,-0.07120204009394726,0.12399139146246389,0.0344740059775946,-0.12226544540597696,0.20641606052494607,0.5579941460223565,1.0,-0.06032969965514681,0.05445339150850229,0.03690741533849168,-0.05879551854632958,0.13710521966331538,0.15697371570653307,1.0,-0.14551979325765774,0.04016515313021554,0.056220354378657335,-0.2883246625226024,0.20217876746403002,-0.019596913294072087,0.9193062916027174,0.014716926394162607,0.03358315161774356,0.09319728758140754,-0.27502282571101144,0.1329368073980339,-0.016984707335979267,0.924047412928113,-0.04884567219962465,-0.16356019345787648,-0.14338219420404616,-0.46250852545425436,0.3232488908965893,0.3168401076753054,0.920471998145262,0.17520223455095202,0.22804859071698813,0.137597898075772,-0.24996984348741727,0.5654571296055224,0.4950727247955471,0.9210114410876865,0.004541089170039249
item_51279_pct_abnormal,-0.05000342454576207,0.05482280866298789,0.002774096223992906,0.0024587277927929545,-0.07170609120173338,0.01065369263393158,0.08409370233775973,-0.08146395950903945,-0.06967076703461249,-0.08937890370085792,-0.058815266641387365,-0.0149505337797286,0.007732468774328156,0.036827287066309666,0.07322296216734447,0.08807933538347032,0.11244924165575855,0.07107117456951631,-0.012472464544934014,0.008213242779260837,0.07212588733443062,0.007509489467308015,0.07729096923175614,0.06214797215057256,0.0330754636030264,-0.08717341023875715,0.008436257278171391,0.006352369069512899,0.042364302754600944,0.06509276477190519,0.0659502741905319,0.05003092375817517,-0.013127937459582217,0.008972395814244772,0.10036785514411578,-0.4626203115503921,-0.5408677351522521,-0.5134522749855703,-0.4779003014343752,0.07478216227241945,0.07787000828493912,0.7106563839380805,-0.06748519273687306,-0.15272946809708887,-0.047460166061110545,-0.13909413177248503,-0.13891234157450918,0.012057126194866366,0.07922177174999223,-0.06036214750726919,-0.04201964931151663,-0.06724630451702665,-0.06666048817949367,-0.07531584041189929,0.013605738168747293,0.06640206409474028,-0.11351507726809057,-0.13238804533857673,-0.15952617007640102,-0.08311979824205792,0.04272621062685778,0.049229350408426145,0.27378602175431277,-0.39623233966625065,-0.45988854797631906,-0.4521143767022225,-0.3914138206877668,0.11820339957676637,0.04801366715018394,0.654677175344598,-0.07844119716536377,-0.07914624011708088,-0.11230932848894057,-0.06450299813576627,0.03722637827509213,0.061644156274072874,0.0582636850010863,-0.541075132702816,-0.6138961992869648,-0.571935145884478,-0.5721652597420195,0.026613973324028786,0.06084174696241849,1.0,0.08068963232399123,0.06458260556609627,0.03706996255665304,0.0916641550524632,0.11234399220162791,0.05200431523582318,0.026114835385240984,0.16835121390473057,0.16230131336564893,0.11762722199934189,0.18588333471922852,0.13638363696238212,0.060841746962418536,-0.18784585248816485,0.23737673586991592,0.25964839019173486,0.2402752612116009,0.2680607167763719,0.08488003241580172,0.060841746962418536,-0.07536326454472762,0.27712024256995144,0.28524953361733757,0.2657936278598377,0.2981536546583244,0.1403924773810315,0.060841746962418536,0.00728977847975035,0.1487186275299802,0.08981800892713114,0.0756291700016434,0.014044467089194544,-0.02390964997737842,0.007471896073591227,-0.030175047687780558,-0.013158308054605564,0.014114136626301309,0.02554147953369362,0.05004809169514889,-0.009279978979015004,0.008978516312682943,0.04430765054366996,-0.24978723596898667,-0.20240005463711366,-0.034754738132210444,-0.13707893756667763,-0.09272045320977305,0.005348066036747667,0.2545029652856736,-0.06438277989846689,-0.03170156637540277,0.0040697698816687024,-0.01655409385544737,-0.0687147818815761,0.0041992674838917995,0.15640242065219861
item_51301_last,0.03705861767105008,0.09565221694929046,0.07264052959977212,0.025892033225144453,-0.05465341964451692,-0.05598377670719446,0.07759371598377916,-0.053769815305586964,-0.03919490859167073,-0.08320123345678215,-0.04142138508802447,0.06061484054472883,-0.06005440121020943,-0.03936863485257834,0.023390406264347265,-0.029203149904072613,-0.020311222992115407,-0.01674575432874196,-0.004631549463918585,-0.06312487308767395,0.01620142590162543,0.04135380086910484,0.10593560360022367,0.06943103364936856,0.07810750655480736,0.03427403441493377,-0.059764706814911195,0.07057112022663209,0.013032468040731991,-0.03150831315874997,-0.03802823160598583,-0.022558115949933826,0.021618130874607785,-0.06389893319246409,0.018696874807502515,-0.001122395990440117,-0.06600331989779834,-0.056793271490773636,-0.07590103997992607,-0.080264646559268,-0.023906803897381482,0.02414455790513196,-0.27890226634649135,-0.25298263679323274,-0.18039601291316046,-0.23563969967066833,-0.05016205763197758,-0.05879701488427888,0.2114559835906079,0.14478898938104073,0.03352122787994135,0.060348034594633636,0.017150954967154387,0.0056807645173223165,-0.05820766767213409,-0.08104229294678077,0.0990692915748254,0.023656239473533326,0.000984586780857454,0.03882547735551842,0.09760348850380259,-0.019308638663395817,-0.0025489727121392695,0.004763635092009881,-0.07247609161685765,-0.0695985314701755,-0.07527583166629252,-0.057059267272039416,-0.014109140888366354,0.020331150506434473,0.05450228623492548,0.09149427359549044,0.09458205492113908,0.06843803038049848,-0.022221254043124198,-0.017464800875066654,0.010628982650700102,-0.023043025663157263,-0.09303276562282663,-0.08507686114348871,-0.09344243945473979,-0.03744057651186339,-0.017779211541231313,0.08068963232399123,1.0,0.9678588086300612,0.9201410536060967,0.9418029976147085,0.8238348466399467,-0.020890547768414817,0.3958580058337581,0.035142154977722176,-0.04594189622060032,-0.04530923097707417,-0.01157792399578193,0.07395932775291049,-0.017779211541231302,0.07933934634396758,0.02986627882851151,0.0764227013426036,0.05978600451395659,0.07063680997516537,0.04601024126619318,-0.017779211541231302,-0.08821502706985276,0.03990168009587991,0.029040407725074747,0.04342948445764913,0.01194274315677057,-0.1412967051983636,-0.017779211541231302,-0.1426625082853795,0.2520183932474788,0.08395415375668883,0.04979507810183876,0.0957047041380186,0.12017758327839263,-0.05654933923894832,-0.16369385842362222,-0.025159642992398257,-0.05225488288164312,-0.11509088899215454,0.02059393128318768,0.06967023220539353,-0.061372878605100725,0.17334952099840636,-0.17316910162477728,-0.12539523670831676,-0.09175260777725065,-0.10189732651052168,-0.034876626681661096,-0.061807214322708255,0.10855893249278475,-0.03902935491322754,-0.055172771528909925,-0.03997764262782123,-0.02147953937391349,-0.001957439524274252,-0.060611924876338305,-0.1330949278858761
item_51301_mean,0.06632169137524371,0.14655723187021782,0.12104000309619657,0.048540569647894966,-0.041454822897986326,-0.06706180247966585,0.055902818319835776,-0.0870525240851184,-0.06265983793255356,-0.0960821088748673,-0.059938812886604693,0.060552190152901746,-0.0718522736229736,-0.026860931736128132,0.04125663154051238,-0.011454399038141772,-0.0061244086606364045,-0.0007166592492167268,0.012166635534648048,-0.07506241994494207,0.016066944136745902,0.0063695436913636695,0.0689000115209545,0.04165596226211321,0.048284305954466616,0.03415528491819908,-0.07100303863593004,0.0315887469311377,0.025816002395938713,-0.027027471012160326,-0.04257393923097574,-0.007023434033755177,0.04716636008709458,-0.07510120376399164,0.006581845016131918,-0.006991864916244727,-0.03910131143474113,-0.038069824561455315,-0.04737936412808136,-0.052018749940422444,-0.028825182738206417,0.029688407255746854,-0.2836815780853061,-0.2638535589641364,-0.18632053578209395,-0.24829462932653124,-0.05616258783496257,-0.07060491545442006,0.18950684652130254,0.17229257322600594,0.08447806435999132,0.11459901662401313,0.056816959551173336,0.015122515483065972,-0.07046761759224811,-0.05476272713192716,0.1122136570813923,0.05509999948322647,0.042426344797503436,0.05101816697547362,0.060438752835792475,-0.03202215247713827,-0.028974276718287385,-0.0030623648645000945,-0.05199484206398908,-0.0541669675352113,-0.058335637220154446,-0.03396682427910591,-0.02448748112035234,0.03273868500656479,0.005016564288582585,0.04669989146557426,0.05079822462722422,0.046282982387868474,0.006375756530465117,-0.03833428042926472,-0.037630373248349815,-0.02026685079309269,-0.0654790989020691,-0.06180893069614703,-0.06881051523665158,-0.019736485351706273,-0.037759725813556876,0.06458260556609627,0.9678588086300612,1.0,0.9690619447437625,0.9442945209344398,0.8060517236753104,-0.0314808229427392,0.4685406308662463,0.008905258884364747,-0.06280848978839632,-0.053989780646123156,-0.03302040040053677,0.056566989740462315,-0.037759725813556876,0.08650404015987186,0.025118925866052688,0.06835572134540537,0.05386702237873547,0.06063544594937425,0.03742608013940157,-0.037759725813556876,-0.08530052524669605,0.020559176599058957,0.012231702055831127,0.02725285182724029,-0.003680866521541551,-0.14908465816160543,-0.037759725813556876,-0.14830159170289245,0.23217830482770407,0.09732930072020486,0.103551688282134,0.07159959030432346,0.09199597369497856,-0.07132456351007818,-0.13238065886937128,-0.022873113922173435,-0.01836691947545144,-0.0860096814575044,0.06690982385078335,0.1256531639787208,-0.07014972309863986,0.17184686710010635,-0.16308169487131896,-0.1039180806915881,-0.08001360835846931,-0.10729612361170093,-0.020946521019620377,-0.0731194226974362,0.08357957043453025,0.005368091194267587,-0.020623401614814102,-0.010280073802340884,-0.015581681719489444,-0.0037160261942434593,-0.07207489131979536,-0.12665951808930362
item_51301_min,0.05762979549322728,0.1480915640936243,0.20408539883021654,-0.02863538893283135,-0.07327052539135637,-0.20019602725472296,0.04047118938118189,-0.09042972299987846,-0.06207342635930466,-0.036408715287254804,-0.10823511713632868,0.03169221443291052,-0.2045190813425876,-0.037000280889827826,-0.008012871568776241,-0.04075770546691953,0.0013171574220238265,-0.061845432950370156,-0.06411971246313478,-0.20782414333817528,-0.045337215707043604,0.0055773311597343105,0.0651549535712977,0.09584899705538139,-0.006311223233297459,-0.0005635328308390736,-0.20375038450384647,-0.019437367277150883,-0.06215308744769301,-0.09610753434703646,-0.05321064995634993,-0.11189564627557155,-0.06688070994475738,-0.20798021527853675,-0.059304392257548924,0.02319893870192181,-0.014776596457470296,0.03276267470892743,-0.09339456410661395,-0.12310926018400362,-0.17112840270986526,-0.007898937361704531,-0.21598934419046448,-0.21133495595315221,-0.07606586752035122,-0.2677467265442584,-0.11493187438528096,-0.20235977685937187,0.09113690215183276,0.09770517219630374,0.032158693064937106,0.13919204642660668,-0.04106178271974384,-0.045105780198318506,-0.20233929255896316,-0.11269673314188368,0.1867159016873139,0.1504638457474385,0.1660881483978505,0.07212617713336116,0.021368578726368055,-0.17556682874212415,-0.09089963419804586,0.0276516622810681,-0.02913275916606185,0.017680177478760082,-0.09577233157483939,-0.08768656596398722,-0.16780473902900506,-0.004018208011757231,-0.040887242940561966,-0.008647134665285716,0.016055260031149505,-0.03298829410464876,-0.058832809216202916,-0.18098017829694782,-0.08918581644610939,0.012163291347349964,-0.03968697530360269,0.007174861593318892,-0.09903279583274817,-0.0733125926358624,-0.18050607782420922,0.03706996255665304,0.9201410536060967,0.9690619447437625,1.0,0.8599402470793324,0.6851439189855547,-0.1740637549133655,0.43254011018124844,0.011511011014764844,-0.0778461775872225,-0.02251702546834556,-0.08976692333470031,0.02389265860275188,-0.18050607782420922,0.11314549263355926,0.008486584540211351,0.062291315071554915,0.07399506002934964,0.025529830470460545,-0.04123791430332063,-0.18050607782420922,-0.08166878386810802,0.008316266696126133,-1.5212212488031452e-05,0.03272765188720797,-0.03580866873559176,-0.17416173671628016,-0.18050607782420922,-0.1201140265335776,0.19240734490346711,0.0688108637294134,0.1666695824582076,0.009117923175254332,0.07670546148748894,-0.20132628638696512,-0.12155597739307626,-0.05571873658381454,-0.06447050326467524,-0.035845754123109835,0.014632562101047592,0.11295872878345349,-0.20425299578220846,0.15673354162168834,-0.10742837260790257,-0.05696994652288422,0.024915804122810005,-0.1555671579720456,-0.0920486618018592,-0.20700600738007524,0.024943424334281383,-0.0441627605408419,-0.04698562853157253,0.03191442459512965,-0.12279385676503993,-0.0921473252453495,-0.2058176547246016,-0.12703992117593493
item_51301_max,0.06136748311804221,0.1494577549592956,0.01819570048814106,0.1349969350915611,0.013179868986192975,0.12088835061814368,0.07342743756302737,-0.06084696798586177,-0.05128308500207066,-0.16734790416794007,0.004669962433106736,0.11967877398001914,0.11715847678367777,0.002931903106034851,0.08628650578180157,0.024166267970135175,-0.017686206362605178,0.07345846120696504,0.09444389864338731,0.115478181188311,0.08572242853821499,0.01141314972004073,0.06974927965068647,-0.030628777062696812,0.11119305520911807,0.08448078354410421,0.117894210556175,0.10518655103849646,0.12583360139807181,0.06396731267944344,-0.040411973850119964,0.1379704457243027,0.1965361708817139,0.1155797405398959,0.09081308029007847,-0.07772342983662626,-0.10275082302730587,-0.13863935346304965,-0.04132650940157531,0.005367764242567277,0.15585316990545364,0.07052569403856877,-0.30334755710194317,-0.28790188351900703,-0.27701562410909364,-0.19609336958359125,0.009352436723335262,0.11923697822726838,0.2721797212042694,0.22123723836066012,0.1307408864856513,0.06586273106337859,0.15328450080277964,0.08099116329779711,0.11939621956669437,0.014287394448530125,0.014385675830052798,-0.060231558133915154,-0.09966902237240141,0.024269578749932887,0.10675799726522842,0.1595441802197993,0.06212617878052969,-0.07651398764919086,-0.11019879959537067,-0.15273234501599425,-0.05413834192597078,0.0029101049649241403,0.16265623376854435,0.06942680209436182,0.06165538142611278,0.12015273934723934,0.0899987625536952,0.15227318442827906,0.13201253783911096,0.15532099188303475,0.03660276941122377,-0.10467973304502538,-0.135256729654224,-0.16629588899607892,-0.07908255251560459,0.016958712455907906,0.15554094533258975,0.0916641550524632,0.9418029976147085,0.9442945209344398,0.8599402470793324,1.0,0.9123905850681517,0.1565090805308079,0.45286560574109114,0.008867931080346123,-0.03771963357955518,-0.08614472297634393,0.036842343299942446,0.10552247481475704,0.15554094533258978,0.05754016208753891,0.08424684630364931,0.10141021236682282,0.04919193682783708,0.1326876539912323,0.19178675022657968,0.15554094533258978,-0.08403042286784287,0.07036315745166043,0.05254811769914373,0.04170958497120647,0.06529046284363142,-0.06829737265328972,0.15554094533258978,-0.14626372812273933,0.22530466616817782,0.09341475813772254,-0.010268081135749528,0.12696006432191895,0.10743097431303023,0.1160056533400356,-0.1540803265443789,-0.004642842841500938,0.02161611791374821,-0.13562277240208148,0.11633347854513298,0.13040601046982672,0.12097657379880819,0.17867768918732443,-0.20447351466241026,-0.16203545626833354,-0.1961226520870838,-0.05840375651176993,0.06367611891115645,0.1216376090442083,0.14606592908899438,0.05158340086945635,0.034229687875409434,-0.06851782419737205,0.15170463077195356,0.1819263315340287,0.12133913258271838,-0.10499289832992294
item_51301_std,0.0439084667865255,0.1289046749638368,0.01004576107865777,0.107216742080722,0.031019189176080753,0.12124806843749827,0.09621756313322569,-0.011955184001266236,-0.02126558846086366,-0.1754030639665212,0.02795993922693554,0.15895871990717336,0.11916199638873849,0.08338294994505897,0.1270048754012153,0.06462832053034899,0.0042639855102388205,0.12222209851025986,0.1536688526631096,0.12022959785466884,0.17049764343093454,0.03531287791201644,0.0974052040816173,-0.014959628819172332,0.12346817694060086,0.10757232533638314,0.11922912309592246,0.20777330105267164,0.18903037104012388,0.1485758615200249,0.021182677383123828,0.21851528184993207,0.26757271680000655,0.1204153285050355,0.127925232941208,-0.05696542215790189,-0.0708946480077533,-0.08938612815976493,-0.01300269926899851,0.04633462570998628,0.13949646844766989,6.731190727652467e-05,-0.3319629003126081,-0.33498265527885407,-0.29628340469864056,-0.25658778199666576,0.027894056528859915,0.12424895890386785,0.336937352550893,0.25783545859090523,0.15987135269121683,0.1107225804142721,0.1649055315081199,0.11042742604911755,0.12431512830111666,0.03438283738379163,-0.0483259059347656,-0.1521825668196253,-0.18928948156638,-0.036800876916816216,0.13025382721444043,0.1518161400893911,0.10110318747404735,-0.057522664094593626,-0.08269004768516965,-0.11279212413190147,-0.0349530817239588,0.05504961312667236,0.15147070167569776,-0.01926592349497099,0.05644451331959695,0.11793200906861084,0.09477550548733057,0.14852694408737774,0.12786227080269089,0.1439673834015227,0.05570545922480177,-0.09705858920608222,-0.11896642219935008,-0.13694232197946948,-0.0682223233029223,0.07206543116751499,0.1443106324484117,0.11234399220162791,0.8238348466399467,0.8060517236753104,0.6851439189855547,0.9123905850681517,1.0,0.14647500375673897,0.3784160165966558,-0.0026389998364340123,-0.04503269261748038,-0.08104722514132891,0.0236650023010899,0.12342453218046472,0.1443106324484117,-0.007016419855496443,0.12316237668946149,0.13895695915003953,0.09051194896927638,0.1653404799592412,0.239196547985406,0.1443106324484117,-0.04273534054586214,0.10132986102767959,0.08231010054260839,0.07621204238448737,0.09331151879409703,-0.04754592169121823,0.1443106324484117,-0.08304985764928714,0.2773504799946931,0.08752852453904793,-0.06530189571022506,0.1406098774724713,0.17842402881523467,0.12029861022690988,-0.21308654109365183,-0.025034199198142985,0.04006920169947545,-0.10206269812755324,0.10925399865233028,0.11974058571654844,0.12672578796759706,0.10823111369442176,-0.21860137518554665,-0.1812595763009939,-0.2187066228782867,-0.06516284849014073,0.10597472297464673,0.13436128448184242,0.16772783658828733,0.08094746620121106,0.07530001214051657,-0.015557566127519276,0.19852917057574865,0.22433136598830564,0.13347683502759386,-0.11227073541869223
item_51301_count,0.10391301701799663,0.011535384685126058,-0.40228072184220415,0.466796457103956,0.2886289161663153,0.9188946260369771,0.0697184033660268,0.08190883565217356,0.041303638290445414,-0.23965957022403483,0.2659601234210721,0.2265385112318126,0.9187685407668017,0.0438419663325065,0.1885155847219146,0.1084791544754598,-0.029515423992740167,0.23999454706980916,0.2318864249513217,0.920310056670646,0.2636163396327493,0.05664178300219992,-0.006447253704164585,-0.2330688942800141,0.23747644103236612,0.15506376649723627,0.9185219529620943,0.16885398573728497,0.4718065009524509,0.3389530781336165,0.09118284792469333,0.5327402615802403,0.47371144402041726,0.921377310641324,0.31197769148605103,-0.30270020794733266,-0.24693009922822706,-0.4506380383070039,0.06755091802068248,0.2922489428644526,0.9848191378483102,0.17140510432158904,-0.2475939079945414,-0.17776257140951623,-0.51740097681122,0.19083657699323284,0.3851477533470388,0.922853446194994,0.32348219882761864,0.2912879332810985,0.2754696174156572,-0.11007802378496653,0.4977087917758276,0.297261254378136,0.9237793537937434,0.25875278033943555,-0.27492647992317854,-0.3341440343628054,-0.48008787422983407,0.08481459646032417,0.31938661167055477,0.9972086066670017,0.3038085239837735,-0.33679371503227984,-0.25013651070703735,-0.4684735688990851,0.027603246280192277,0.17802211017536101,0.998804750261078,0.16542291650924532,0.2595717231008422,0.3083871527824845,0.151994534522108,0.5093048236731367,0.6617396710910607,0.9907445699249088,0.2521744329453316,-0.3254212377731688,-0.2487616706813059,-0.44152234989713596,0.0009554476521800566,0.16298904711202925,0.9922951433037885,0.05200431523582318,-0.020890547768414817,-0.0314808229427392,-0.1740637549133655,0.1565090805308079,0.14647500375673897,1.0,0.08259185922681402,-0.1032085023252408,0.027261573387986744,-0.22819180677956732,0.255218573366585,0.29819357649234457,0.9922951433037885,-0.07318977148366529,0.1358789013154816,0.036974357419567845,-0.12176053993797561,0.21338162359375976,0.5777086806603173,0.9922951433037885,-0.05980980565308672,0.05470755968946651,0.03972501776986495,-0.05643657312391271,0.14446096049494395,0.16848267270488534,0.9922951433037885,-0.14363394385210992,0.04540541352882544,0.05971540362494294,-0.2850477380267391,0.20397574352101064,-0.009057487783276665,0.9220813475545072,0.015542763577137715,0.03893870990080271,0.090229598773538,-0.26474494692324346,0.13068943147050807,-0.014621112462007228,0.923105602470271,-0.0470594276789651,-0.14726513436131264,-0.11480546478603096,-0.4384515385118871,0.3310698345865746,0.3099704216069884,0.9190204564119271,0.1543948699039464,0.25807526524377833,0.14236204100767252,-0.2501784152292122,0.5788942485351596,0.5163681934640831,0.9204101538022467,0.00404004847358244
item_51301_pct_abnormal,0.08668717070148033,0.11858338232739946,0.0025675194843317833,0.11498593083927197,0.09602612094599562,0.06684404029071062,0.15945800348848888,-0.16484704450455662,-0.17860869729668208,-0.2740301722761762,-0.10513207707150599,0.10717764574173957,0.0646660470154971,0.007110022493541852,0.03495583527561688,-0.005184728010428269,-0.05785327933430089,0.03627472112494226,0.08589907080090979,0.057403259184484565,0.0018763443232990655,-0.1586425110207105,-0.13103994239394798,-0.19085824087916092,-0.08325218313079082,0.03511511837948661,0.06664126721654846,-0.1462481123541859,0.1347773241227852,0.08627477668934155,0.018451938912181578,0.11868767301584045,0.1399269355466314,0.057795330960784576,0.006422140300652216,0.06229550391544342,0.07331594218669442,0.011430850684706017,0.105498798135307,0.06003982856281873,0.08738078796243423,0.021546855533412887,-0.19337457348566808,-0.21957311955689748,-0.18076259792206592,-0.19854656444496885,-0.11102685289772274,0.06354391369875961,0.08326154997233637,0.23195550464041917,0.20281000971392765,0.1376274124472536,0.159890270286332,0.07951366621104922,0.06286991327629882,0.015289852007324831,0.02185855289440454,0.0023866031868017444,-0.01920909318587349,0.02398439217271228,0.06016649822044271,0.08762570937047612,0.05163564826992265,0.05430625581143564,0.06346482273503222,0.007321551593274851,0.07877943131961972,0.03992077273727987,0.08630650117205942,0.026514940909240454,-0.06244785126509056,-0.034898432549870205,-0.04409365899649092,-0.009164592959649238,0.003585700937032202,0.07650438083864056,-0.1295778078971769,0.0651855006760265,0.07089729178759795,0.023363021776667933,0.08891804306870237,0.025017622587810182,0.07709686863637687,0.026114835385240984,0.3958580058337581,0.4685406308662463,0.43254011018124844,0.45286560574109114,0.3784160165966558,0.08259185922681402,1.0,0.016931519311791886,0.03007481644738331,0.01650714845718569,0.06431236481989917,0.036077704259410835,0.07709686863637683,-0.06628141242671116,-0.03429964352430155,-0.04491379650477277,-0.07176650796537218,-0.03751562255165233,0.02869949891932464,0.07709686863637683,-0.07610743205675277,-0.020078785321311025,-0.03028971446275462,-0.02856029570958939,-0.026293035602365854,-0.12043860369265856,0.07709686863637683,-0.20288243551659862,0.1536129148916796,0.11386520839584433,0.12405739934559794,0.06430741719932492,-0.011542481826780762,0.05789574462133535,0.09357883603267872,0.14140913543947473,0.17245205860364143,-0.03543539864473768,0.20799646639543146,0.2399331354919907,0.062455948871397216,0.20540890253905442,-0.0459166805402153,-0.04808666337652359,-0.1271852841327399,0.01826079903567061,0.06958510734655513,0.05513326494765325,0.07662942041474255,0.09415165192989654,0.0657896986677645,-0.028417641513859223,0.14128674313797826,0.21372548340829173,0.055673826537793285,-0.011700823474927551
item_51249_last,0.01641020665317667,-0.006438171564102027,0.05960894130780619,-0.10581635359835208,-0.1528345664131,-0.14156735283465052,-0.17299550983550435,-0.13087824591785543,-0.12499907909231353,-0.03229735176388068,-0.13697187769122415,-0.13941022051194463,-0.1419563212349296,0.025859546222113873,-0.15453857148212574,-0.18375305319812138,-0.1409070673137706,-0.20049893318022027,-0.22658442659075245,-0.16272140626467238,-0.25549512870068947,0.05712129002154886,0.10490883259532846,0.1705863612104707,0.030981511270990473,-0.1225094314409176,-0.14269263169909388,-0.06606582696752479,-0.20480694474384883,-0.23640300219008942,-0.19665130052463436,-0.2485970864980295,-0.2423681697252895,-0.16538223617331677,-0.24487192826609092,-0.005863436570663747,-5.264504011703133e-05,0.0036715399122134534,-0.022207640837367218,-0.03775611850412638,-0.07559180060947716,0.04071328857067982,-0.09314860750259955,-0.16487946437932455,-0.0010405964636626239,-0.24797545163732182,-0.1706339251192494,-0.15730576673278243,-0.1150753951070472,-0.10881401798560626,-0.12357231197025448,-0.07589890208930809,-0.17460746976392608,-0.0869523655909453,-0.155599737878733,-0.0734410240934463,-0.2629328654414612,-0.2622912743900335,-0.21598628043403587,-0.318404198220433,-0.21118687710075348,-0.09986714344704035,0.17968125495051998,0.24201984907578838,0.2595627970549448,0.21757405094951449,0.2723419816780695,0.1467614601778839,-0.10969050203262654,-0.11681634747872538,-0.46069916433027747,-0.4596982257303503,-0.48657671502208444,-0.4335767513674363,-0.12381837501768045,-0.0874966392595053,-0.33571169670457096,-0.09382505325045325,-0.10199233018868,-0.08549039936022185,-0.09851996691560672,0.08032410397001216,-0.0889441496128717,0.16835121390473057,0.035142154977722176,0.008905258884364747,0.011511011014764844,0.008867931080346123,-0.0026389998364340123,-0.1032085023252408,0.016931519311791886,1.0,0.9224272281438023,0.911350419442185,0.839218462914269,0.05959626358094024,-0.08894414961287167,-0.39164774080960996,0.12890809412335466,0.16682660114952225,0.1801917363596759,0.12794676247689574,-0.1458269887376292,-0.08894414961287167,-0.21590962586475448,0.6102118782627275,0.5884488510122462,0.5923264534587516,0.5728576302212495,0.05861684018421251,-0.08894414961287167,-0.08724242101170598,0.038054346026421014,0.007100977357019989,0.21150895491635852,-0.14069968273599226,-0.19166448092529564,-0.16129785760924875,0.18434523632866232,0.058991161482573655,-0.07683691030462841,-0.041576384906232576,-0.07970101015756073,-0.027273379883537598,-0.1653040504567065,0.05556015198939335,-0.062427883754586994,-0.03529279403100915,0.07459192677611894,-0.07623234862199585,-0.06308045280351562,-0.16937638769947047,0.013026053797620018,-0.17012951541154475,-0.14171205930739741,-0.029439464892945768,-0.1730801343701893,-0.08513729789473765,-0.17058206512831878,0.014687337534416159
item_51249_mean,0.045183502022211074,-0.036075287626813085,-0.047413706166507925,-0.0656544080400225,-0.13008674260206507,0.0017151507927643229,-0.19830805990075184,-0.16114393860909643,-0.16618819482016997,-0.08164641839515016,-0.14487117887027207,-0.15839152717675345,-0.0007317218130407847,0.008337901895085147,-0.09993085202555228,-0.14081967307768456,-0.12786423459779148,-0.13402813386964343,-0.17005741126878426,-0.02209250728961917,-0.2070863811006061,0.02320502844482977,0.042029722442773344,0.056903703811816066,0.025912817909619697,-0.06000309661944327,-0.0009522630781848137,-0.09750580990746686,-0.06838169944363641,-0.13554468324853153,-0.1458540757957708,-0.11191646190004777,-0.1296790117068351,-0.02453623408048838,-0.1962932441794831,-0.012051671264482042,0.019207370968078584,-0.031281362917618676,0.04723751291243805,0.039596396991935186,0.057995075108454544,0.03075204475705075,-0.14521470770498823,-0.19490872181443442,-0.09934095112116179,-0.17684230476438492,-0.060073353057090155,-0.014317536333360971,-0.10090362498008339,-0.038375825702548806,-0.048086840010222516,-0.07473787866523915,-0.061117325159025605,-0.020343942538080098,-0.011540788478291477,-0.02135402411153574,-0.27141876741447274,-0.32428070852474755,-0.3046169384359472,-0.30420389471517856,-0.14553162268343792,0.033402888107269074,0.2056064367202283,0.21248991035486983,0.29429967400378326,0.19539432404563936,0.33610918578256294,0.19065834780800994,0.023147831729161406,-0.11975019907287404,-0.4616867764297691,-0.4520064576672662,-0.5076866291316399,-0.37207753607319943,0.01632200573390176,0.025309751165461296,-0.33233370925811107,-0.11880769578770475,-0.08646850339388833,-0.11317327792684251,-0.06228886685096356,0.09575228690965168,0.02550029970233787,0.16230131336564893,-0.04594189622060032,-0.06280848978839632,-0.0778461775872225,-0.03771963357955518,-0.04503269261748038,0.027261573387986744,0.03007481644738331,0.9224272281438023,1.0,0.9361554226897044,0.952582617248647,0.1416113745732455,0.025500299702337977,-0.44023332252137765,0.18179038187410407,0.1546678041621809,0.14001082041183854,0.14831250443582195,0.0003472300020759026,0.025500299702337977,-0.24705934037408947,0.6143107633159829,0.6215533121626028,0.6110597638840104,0.6236426390740226,0.09634524099598027,0.025500299702337977,-0.09212559108066712,0.07306412802796837,0.05655789577112662,0.16547813382812965,-0.030741047046791804,-0.11453182625209474,-0.017242339834791842,0.2155278409767035,0.1363841170828978,-0.014684843584806628,-0.04796904030189773,-0.059692693984552826,-0.03999087441188619,-0.023595492866922557,0.08679516516808831,-0.005583855353817595,0.01755021535542551,0.0582119365607112,0.019000586801294777,-0.033162877480882244,-0.03305371248929351,-0.04586212957003992,-0.10677983565262912,-0.13438032710989825,-0.10886510664789827,-0.0600006678303815,0.08681615801093444,-0.031135734514729306,0.10578837929203277
item_51249_min,0.014749002801914574,-0.024272424548939277,0.09123932653973249,-0.1961090554779404,-0.1863821428467319,-0.25021563780343326,-0.22450217146943482,-0.16865024926291233,-0.17706403239736085,0.0006457655891142756,-0.23264766787582938,-0.2232155168457796,-0.2519905405520164,-0.003901496590711353,-0.13360281873620386,-0.1476556771769142,-0.09457562863255986,-0.1793856136432005,-0.20887155049830608,-0.2698146760939581,-0.264439709563354,-0.003270156289884528,0.041069039984228124,0.15360435397929023,-0.06177977104089643,-0.14079386996945467,-0.2523248920056641,-0.144915819397628,-0.1740775072789203,-0.19754963421151642,-0.1312204672775248,-0.23523840162771278,-0.23466559880918772,-0.272659986495426,-0.2575073258623802,0.0884183867053213,0.11865099590845224,0.13571346487364422,0.03808580043460139,-0.05803395459856317,-0.20453544292894163,-0.04243557535025908,-0.05802704636844728,-0.14877438372928367,0.07135931171621611,-0.28204382452897125,-0.23486521829102536,-0.262834803046395,-0.21003364162071503,-0.10534270987037973,-0.11600871955675812,-0.004260383813850276,-0.21791946690495084,-0.1377428745385965,-0.2606432124714823,-0.1265317553520538,-0.18689403192681275,-0.20245706731610894,-0.13006027338667658,-0.3104717576199218,-0.23810400644968835,-0.22203292333779698,0.10251160394930738,0.3199287520656553,0.3800788378227834,0.35692036080449185,0.3237723849500787,0.10914658578994176,-0.23367286635748388,-0.18908960006173742,-0.5145719389779867,-0.5161051454045472,-0.520491737374341,-0.5041148171855493,-0.1857410163198418,-0.2235818570009016,-0.4136274179423627,-0.0031070221064908405,0.013324336444443512,0.05069411833944989,-0.047513046214100546,0.03103088620954395,-0.22415362375987116,0.11762722199934189,-0.04530923097707417,-0.053989780646123156,-0.02251702546834556,-0.08614472297634393,-0.08104722514132891,-0.22819180677956732,0.01650714845718569,0.911350419442185,0.9361554226897044,1.0,0.8014498987903108,-0.12027544048780899,-0.22415362375987108,-0.4279837711350265,0.14291330896794702,0.14824083569189772,0.18915005093780013,0.07516942571526297,-0.22682503899546358,-0.22415362375987108,-0.2008377948378271,0.5775500177380174,0.5866609016382316,0.6100047773556061,0.5511433145950934,0.01709263128462099,-0.22415362375987108,-0.014517093560231944,0.04749735430455773,-0.0038542766301848173,0.2608189662800697,-0.18444085460521842,-0.20278450513231366,-0.2650657133576895,0.19003597704000347,0.0846209118952614,-0.04944105967389267,0.040538198897176705,-0.11020861703353994,-0.03907743729709796,-0.277625269802253,0.07557760524359863,0.057802828230100585,0.06314443463194247,0.18580942352856236,-0.08727665181625434,-0.13870212390995174,-0.2807001451810415,-0.114635212370865,-0.15753262573709154,-0.1480868119856302,0.002452848192781732,-0.22711425675673133,-0.09708542164360155,-0.28113352820847354,0.08187932509893989
item_51249_max,0.0661628791628471,-0.048644380741691993,-0.17225287359621072,0.05092370840178749,-0.06205825122266352,0.22599392059992054,-0.1532327849179222,-0.1164660538392091,-0.12237328116109841,-0.1443375492493825,-0.03266579365487938,-0.0606450069732153,0.22336553400045703,-0.001409566114928706,-0.052655224000764826,-0.11822432785382893,-0.1469779350243553,-0.07234627923454763,-0.10291340701936516,0.20470777028733658,-0.13050754174174464,0.05882733651790314,0.05844321116920487,-0.015932579569481495,0.11942040107661017,0.019604736132148897,0.22326797865662412,-0.039793529288613155,0.04438493127407372,-0.05981873391476066,-0.13879126392910077,0.015505143083730058,-0.016453485520976852,0.20287255446820346,-0.11049006389028349,-0.10297334232109005,-0.061638063740393746,-0.16949068152196498,0.06640525551350948,0.1432320371519198,0.286954433282134,0.09032046103038066,-0.19890824387001563,-0.22161522142334691,-0.23886620138743847,-0.09099624567085934,0.07247147410797146,0.20921033563597183,0.003346460398080654,0.02110325221114361,0.010043628574955369,-0.12592526141509133,0.07406277273060304,0.07152751682066501,0.21202501818593056,0.05672930826117268,-0.3101776608562424,-0.3895624564301877,-0.42024080919928286,-0.2565322158073211,-0.03425780599398516,0.25882253063191224,0.27482087092961294,0.09303912843487179,0.19684910247330242,0.037739537440805694,0.3299494461539999,0.2684596285278119,0.2524232181196609,-0.05136678595858332,-0.3657176005964691,-0.34269238080373765,-0.4392315734291595,-0.21109768814804322,0.20156539128086298,0.24657637522157166,-0.2270494735441577,-0.20700217537287133,-0.15237882314625598,-0.23641620369073776,-0.04787283505527163,0.1671972876023874,0.24752002794357097,0.18588333471922852,-0.01157792399578193,-0.03302040040053677,-0.08976692333470031,0.036842343299942446,0.0236650023010899,0.255218573366585,0.06431236481989917,0.839218462914269,0.952582617248647,0.8014498987903108,1.0,0.3618212626490243,0.24752002794357117,-0.4000981542118116,0.1813879647861801,0.12895359787820357,0.06644136028116847,0.1765760195522243,0.18714211222935465,0.24752002794357117,-0.26115843202213085,0.571539609016512,0.5752515696028011,0.5359353017977967,0.6109566074775779,0.15982773444663453,0.24752002794357117,-0.15425232372238035,0.11031704260432759,0.08595885593278528,0.06986865204090788,0.056398182707007645,-0.08114983187804048,0.2046992149623087,0.22340063088679332,0.16757793941827903,0.020199902780611005,-0.12802789735840572,-9.428311814323942e-05,-0.02312545919224191,0.20891184844348606,0.08524412371800208,-0.061773065818605186,-0.03237023375149526,-0.07465998130154453,0.09871951742992195,0.06869820883504807,0.19648206021640227,0.028860504725593282,-0.053646681015546926,-0.11688349632685571,-0.197845519393032,0.07785342938102328,0.22249872589505512,0.1984317288141784,0.10733995808440909
item_51249_std,-0.02033091800806257,-0.11676725784885997,-0.2397554571218649,0.078786605579235,0.13300327994955033,0.33154265894972496,0.186758998417276,0.08664269997093933,0.11897627277792369,-0.040506416920292575,0.19867507904444076,0.2568126679461531,0.3295628978569956,0.052006967559686486,0.012048456900706772,-0.0704677120220079,-0.1125135123985291,-0.01192464094027851,0.024179158152173964,0.32375322085887304,0.1025288447310287,0.15540986777093538,0.1211486979250234,-0.049918222794348995,0.2147369910113241,0.292314202439698,0.3299938869820336,0.12549657723998398,0.14654670514875495,0.05642235215841287,-0.02068198363368423,0.12189014708577522,0.09930658636591008,0.324683568831395,-0.0028620695003707284,-0.23596125699401502,-0.25322530155507583,-0.301367872666536,-0.11465922846873311,0.21944594708413978,0.32204338221573814,0.10648993655157399,-0.19925258599921183,-0.14037574776026968,-0.2970594254975276,0.11094131724093069,0.3960649380091857,0.32120470896512204,0.21442763023268716,0.07239927938697832,0.09002425005741765,-0.06583679489889273,0.19002460370592344,0.22584549048362887,0.3227380280030156,0.14491374224614453,-0.05696452575060826,-0.11552150319732692,-0.20410404018300135,0.07018511073702387,0.2594878994208026,0.29444330373736666,0.2285866799076637,-0.25136857741151974,-0.2193882265199375,-0.29203350119960964,-0.07169004585338636,0.26247247659819567,0.29789713731228795,0.08299375740211043,-0.041006628865119556,-0.0149576807548435,-0.09818406212277236,0.10408602225728515,0.35911256850896633,0.2804885950397665,0.11132422416923991,-0.2573552648263933,-0.23286346687301993,-0.285674891370727,-0.1207026790077534,0.2042133940002488,0.28229155448812904,0.13638363696238212,0.07395932775291049,0.056566989740462315,0.02389265860275188,0.10552247481475704,0.12342453218046472,0.29819357649234457,0.036077704259410835,0.05959626358094024,0.1416113745732455,-0.12027544048780899,0.3618212626490243,1.0,0.28229155448812904,0.030274016912007966,-0.014260393134038506,-0.05734677173453104,-0.1531731441892045,0.05016261217622325,0.5107543147245432,0.28229155448812904,-0.1620571177586832,0.02157905806495372,0.010685403194819454,-0.04267417620627512,0.07128283432441125,0.24764719774595328,0.28229155448812904,-0.24114338353548878,0.09768853853292911,0.11558485852954314,-0.06551759642825884,0.2594479697597692,0.27256226456662025,0.3179450282765359,0.17941132416605943,0.09355258277450351,0.020911868560010833,-0.1257951067350402,0.0442642790546285,0.06147627177577654,0.32715747162194314,-0.016819318336236403,-0.15872128847235492,-0.11702171633970937,-0.16396240936064674,0.08708448164197605,0.2625188934267872,0.3071925641463918,0.14712818889735335,-0.02785092648882472,-0.07950557511357699,-0.1692183874149521,0.13092528584559693,0.3195450221956361,0.3117251887581179,0.05675918891067199
item_51249_count,0.09827772418003276,0.016391303149097067,-0.4094208653143283,0.48507575192695646,0.3114466735089437,0.9175600723001948,0.07834315577304933,0.08585619785391213,0.04791834372177208,-0.24295275790060192,0.28008226253448115,0.23938171904746744,0.917526103884664,0.05114731371633349,0.1820116319591362,0.10700549531294744,-0.03433516486482985,0.2371913172831352,0.23477415716511776,0.9210567634246964,0.26175265542260084,0.05673214820572487,0.008532451781634047,-0.229043026468793,0.2535161246019251,0.16770330700006947,0.9172774701904974,0.1687357602815043,0.4429715868679902,0.33348260101390687,0.08718481034497008,0.5113212864670247,0.45380156088720724,0.9220020012942353,0.31363868486958973,-0.2827936991225873,-0.24700095665465188,-0.4449761663098468,0.06278992866201522,0.27705939181110284,0.9733409523574429,0.1750605268917256,-0.22072618136286437,-0.16680178400469675,-0.5151085624673645,0.20253967076900922,0.38987997142480924,0.9202933839559354,0.32234238753926275,0.26760806254618047,0.24955315049406074,-0.13584785145851708,0.4749081504389702,0.2845593648510664,0.9211404697922574,0.23956672570953522,-0.2905508262492718,-0.33845269151896745,-0.4889320227790404,0.07405129567733718,0.32656144582502067,0.990954482937632,0.3045608703708696,-0.3167530890619335,-0.24944832336203002,-0.4618772172504278,0.033130406744998675,0.17428754700132376,0.9899322985846825,0.1701279375297806,0.26789372113463467,0.30786948233759853,0.15555833300656405,0.4776137809598833,0.5902946825890398,0.9999286704579291,0.25424308633516746,-0.30566896514319397,-0.24412174078803187,-0.4344405532336445,0.012296991154609119,0.16693899593022993,1.0,0.060841746962418536,-0.017779211541231302,-0.037759725813556876,-0.18050607782420922,0.15554094533258978,0.1443106324484117,0.9922951433037885,0.07709686863637683,-0.08894414961287167,0.025500299702337977,-0.22415362375987108,0.24752002794357117,0.28229155448812904,1.0,-0.07120204009394726,0.12399139146246389,0.0344740059775946,-0.12226544540597696,0.20641606052494607,0.5579941460223565,1.0,-0.06032969965514681,0.05445339150850229,0.03690741533849168,-0.05879551854632958,0.13710521966331538,0.15697371570653307,1.0,-0.14551979325765774,0.04016515313021554,0.056220354378657335,-0.2883246625226024,0.20217876746403002,-0.019596913294072087,0.9193062916027174,0.014716926394162607,0.03358315161774356,0.09319728758140754,-0.27502282571101144,0.1329368073980339,-0.016984707335979267,0.924047412928113,-0.04884567219962465,-0.16356019345787648,-0.14338219420404616,-0.46250852545425436,0.3232488908965893,0.3168401076753054,0.920471998145262,0.17520223455095202,0.22804859071698813,0.137597898075772,-0.24996984348741727,0.5654571296055224,0.4950727247955471,0.9210114410876865,0.004541089170039249
item_51249_pct_abnormal,-0.03442060753112945,0.04930421505186984,0.09867824847956158,0.057997578386984,-0.010399783959921862,-0.06670074673586605,0.1147928857850456,0.06008637077765035,0.008495758043588708,-0.015691554486655643,-0.009522512656214432,-0.007528829995689978,-0.06420283683809475,0.0375801999207786,0.07266169908505382,0.1217754057346936,0.10742415443315217,0.12061199989497841,0.15325375024703725,-0.0516227606178868,0.06531358424102834,-0.0017739930967956487,-0.09363255718115031,-0.09352336696627939,-0.059130452000494056,0.0547966961700059,-0.0647248923329711,0.069497350351213,-0.09160832644958869,-0.047108368182513606,-0.03660926167953949,-0.05485873892993751,-0.022437353186114832,-0.050707979703899675,0.0664371120391407,0.034720522373272236,0.027217779861296858,0.06025328623200254,0.011283366661152507,-0.03032210328155752,-0.0892931311879125,-0.10078949804909407,0.1427716803931919,0.18924044836180084,0.08373972049816429,0.1692947494215288,0.07834657015745772,-0.05763328757818766,0.09554448700908902,-0.09437313358878656,-0.07267950269744998,-0.06741540436434103,-0.019180939118020407,0.0386708941050726,-0.06023560222479798,0.028289794639289594,0.056886663362911156,0.06742777381452603,0.0702186271203338,0.04356281699061553,0.007949756035416259,-0.07465551112898579,-0.06066169891161655,-0.08861417369638835,-0.0996104856344626,-0.05084278918766767,-0.11113068236337105,-0.09353382646462846,-0.07022189981642774,-0.02629784009462829,0.31537431429207025,0.3156231425708317,0.3518143172332815,0.25004764814297703,-0.047766621879472844,-0.07095245551845625,0.23409793725908967,0.10025248248434021,0.11916952773885992,0.12068827365847506,0.12948298510081196,0.00539687034790667,-0.07120204009394726,-0.18784585248816485,0.07933934634396758,0.08650404015987186,0.11314549263355926,0.05754016208753891,-0.007016419855496443,-0.07318977148366529,-0.06628141242671116,-0.39164774080960996,-0.44023332252137765,-0.4279837711350265,-0.4000981542118116,0.030274016912007966,-0.07120204009394726,1.0,-0.20526200433326106,-0.18877029961266023,-0.19227985781571455,-0.17176412352062337,0.05622983656531463,-0.07120204009394725,0.1729260866251624,-0.3621696441222095,-0.3711571031024499,-0.36955741866361086,-0.36410629139071793,-0.005901582959914086,-0.07120204009394725,0.11002540342618601,-0.07663279602507501,-0.044904027761571805,-0.09869552063054163,-0.003220346995139523,0.01321183916167177,-0.051838941372018964,0.024712593907690556,-0.07670327729624044,-0.015695640195873717,-0.021060024218841317,-0.019145779486987553,-0.028894338461976258,-0.03717942346086667,-0.04381245794997945,-0.05177115810163761,-0.011331599153271954,-0.0712715258480912,0.011272529449274109,0.08040157382228225,-0.029970374683307075,0.05392652781818314,0.007337811781067328,0.033968830119521176,-0.002350828455241609,-0.0019515547007492183,-0.06296344019130487,-0.03003972395926884,0.03613723227626863
item_51250_last,0.09359927849298577,0.1351122545636012,0.05573860271832418,0.06192026705370314,0.004855068733966016,0.132926501690094,0.02332820865457332,-0.00042750273651422175,-0.005524303736025388,-0.02888593766665881,-0.009585511943080221,0.0017289732392584687,0.13066794752906563,0.17156700529655633,0.14683691980557786,0.16464924087899585,0.1601771855852836,0.15627676461090642,0.07295405409046615,0.12222821216823607,0.20146625321248882,-0.02985156372532577,0.0024878993893650385,0.002952835621534618,0.012471323864728785,0.0003656954863858464,0.13102735348784095,0.09466735115403972,0.22421595812121273,0.21822197773461988,0.16955115146652705,0.2387686842558168,0.2122481181451541,0.12279684048507476,0.1787970357833996,0.018778709044522047,0.004395815397249598,-0.058144353579029515,0.05463802080174926,0.11166106813981459,0.15018263139050889,-0.02411350909922222,0.025549883191385812,-0.05479882975660474,-0.03543309557047868,0.005609393741012382,0.08751287229751199,0.1293314894781073,0.03982715716102193,0.023837339982644666,0.06488973674607108,-0.019857483820680016,0.026299657608600847,0.12360889136625129,0.13000946769117344,0.13094362670256252,-0.22518825481571805,-0.26917674199319885,-0.28993565718557773,-0.15476884039758734,0.05130998119332576,0.13233297672664462,0.15440771850275642,0.03816430046470939,0.05396817930912032,-0.014505767667775355,0.08881172185038826,0.07683149088507776,0.12979053562323906,-0.05400606334807179,-0.16282282520791283,-0.1421910872916899,-0.2012795954591002,-0.05026462733994684,0.2567680476929203,0.12274448030172358,-0.1336668196913486,-0.37260532536258245,-0.4101403004716557,-0.3868309088772596,-0.3993496335551318,-0.05089677622956442,0.12399139146246389,0.23737673586991592,0.02986627882851151,0.025118925866052688,0.008486584540211351,0.08424684630364931,0.12316237668946149,0.1358789013154816,-0.03429964352430155,0.12890809412335466,0.18179038187410407,0.14291330896794702,0.1813879647861801,-0.014260393134038506,0.12399139146246389,-0.20526200433326106,1.0,0.9741149015184443,0.9338002716961878,0.9740801597375779,0.25916757602036067,0.123991391462464,-0.195499243087294,0.8619992591353075,0.8601142830040546,0.8485436152358483,0.8520084119254425,0.06779900631581535,0.123991391462464,-0.021104246739233706,-0.13854433605074806,-0.20010842113732857,-0.10827699849619685,-0.16273534888789382,-0.21585532123938858,0.12324956752179055,-0.11459993146637455,0.07598387259077574,0.1359257928887639,0.09440682826453185,0.07261233352083275,-0.004023864640777737,0.12296160962357759,-0.030988664539474627,-0.041970066428693206,-0.002764674250786312,-0.047778080041071216,0.009538481949556865,0.04208926209398624,0.11448150639508141,-0.052206376023017975,0.06790872772830213,0.12581910657029433,0.06854699437804446,0.1393171614148725,0.10864614594301948,0.11732851611756728,0.1399271440278869
item_51250_mean,0.06903569696216434,0.15952150223487926,0.12813399027184108,0.02254959088076455,-0.030412994299578267,0.01963427342526894,0.01801969445123163,0.017318250917221466,0.01628506089874678,0.007911602654691307,-0.008940407938427729,-0.002890146410184239,0.01762775106289893,0.1847699593298979,0.1281573375132364,0.14793354746667864,0.17103470616084446,0.11735338344565124,0.01770245131334646,0.012456625911356005,0.17618710350006284,-0.008443159405355711,0.042060282285108844,0.07244663350678344,0.013005351283199174,-0.03963960206744657,0.017861470107408923,0.10019523225377949,0.1478636308608976,0.1682632971922687,0.1655952120334554,0.15366313757396743,0.11684895445854131,0.012829727377819308,0.14984467696970877,0.02401891469125585,-0.010800525674717981,-0.03865617770759949,0.000631556553118048,0.05034662566535389,0.04736994483797048,-0.014240193594583919,0.043845234482679546,-0.055483047783140026,0.01523380837838849,-0.05221557060739698,0.01102291037030948,0.015182458594144242,0.03421603587738502,-0.015829673731254858,0.026897591947875128,0.0013501000409114766,-0.04533859209579745,0.05643669710270378,0.015217794944713777,0.10342707298818615,-0.2335928179401987,-0.24424066394161792,-0.24883543355291604,-0.1725597592387456,0.011604166868081805,0.02895892911816207,0.14459162413841675,0.05942770992325688,0.03749151264241935,0.0038960592932679606,0.04895504525230287,0.04111026786134762,0.02909991101066493,-0.05890408902854365,-0.15808096141191924,-0.14858295896901508,-0.18659362594309534,-0.09734533306129804,0.14516390034495502,0.03420490400714789,-0.1411044695264373,-0.3598846550466168,-0.4315821025886235,-0.37787277663921287,-0.44016715349151936,-0.08190337817566178,0.0344740059775946,0.25964839019173486,0.0764227013426036,0.06835572134540537,0.062291315071554915,0.10141021236682282,0.13895695915003953,0.036974357419567845,-0.04491379650477277,0.16682660114952225,0.1546678041621809,0.14824083569189772,0.12895359787820357,-0.05734677173453104,0.0344740059775946,-0.18877029961266023,0.9741149015184443,1.0,0.9806415497930311,0.9745606822940256,0.15082991022861458,0.03447400597759469,-0.18706275841385953,0.8608337405997386,0.8652681693825686,0.8627911954089987,0.8437675948867661,0.04707572527616276,0.03447400597759469,-0.023753465875920553,-0.1658412853069718,-0.227977392601469,-0.08867363007807683,-0.22117499351594774,-0.2522970772264955,0.009227627781357245,-0.1342796731753028,0.07598475781648739,0.13325659315352886,0.12496210857616047,0.06481377465089934,-0.0011520676588913652,0.012762479371750618,-0.026088036186351242,-0.060920221421807794,-0.014596607544851467,-0.02033378180625872,-0.04615326515223892,0.0017860220453079982,0.007368744122784771,-0.04100407282240872,0.027333034332274676,0.12278145043237226,0.1273864193816714,0.05950030489692697,-0.01065045346123129,0.008700363933958658,0.11940398268085121
item_51250_min,0.05602679138575942,0.15785261971982745,0.20047237338349408,-0.05500438229041461,-0.07099977460198678,-0.12934856270676504,0.01115076015733221,0.008032031016551382,0.01077796728647898,0.05745850094374418,-0.053242184660828015,-0.04059231847759873,-0.1312942726588536,0.17343895710847973,0.0872124958714448,0.11977309122767449,0.17057689309470406,0.06568107503608613,-0.032764810147632446,-0.13691906605123746,0.1273967019195883,-0.018053844627466228,0.04385022265460529,0.12327170905736588,-0.033430742243703473,-0.07868363765084262,-0.13118307861264422,0.07111877114428992,0.0640570194754469,0.10839175332714335,0.1572568745473712,0.05912615403613173,0.02628300706653119,-0.13689888247807874,0.08863018690065813,0.080790009161785,0.040531645218508196,0.054051967135865915,-0.01148354974036665,-0.019637326849372007,-0.11340943733783164,-0.04407656769629506,0.08742480344677889,-0.023329689847307065,0.1139693994960632,-0.09432933606874568,-0.07170964292343977,-0.13423642226066537,-0.023436329513550208,-0.06066578811233256,-0.019937553370953254,0.0323916138890965,-0.13981557346446483,-0.018085735536926138,-0.13442806311600577,0.03735217156000543,-0.17451774846448095,-0.16538179778973244,-0.14363594284213035,-0.1649731207285434,-0.0336995285088528,-0.12924452999557318,0.08341592239942403,0.12528387420779852,0.08961875490227053,0.0988936411512326,0.04578739802981096,-0.007019906700596514,-0.1303698627763575,-0.09459343691237321,-0.2108351202648084,-0.21120703788726905,-0.21799782482768262,-0.1958962682845703,0.01049116000781056,-0.12221458415277606,-0.1934091300740209,-0.29009940838473597,-0.3731192433050066,-0.28285345380353233,-0.43108154793038533,-0.126340577352236,-0.12226544540597696,0.2402752612116009,0.05978600451395659,0.05386702237873547,0.07399506002934964,0.04919193682783708,0.09051194896927638,-0.12176053993797561,-0.07176650796537218,0.1801917363596759,0.14001082041183854,0.18915005093780013,0.06644136028116847,-0.1531731441892045,-0.12226544540597696,-0.19227985781571455,0.9338002716961878,0.9806415497930311,1.0,0.9173227020639003,-0.024653986507817867,-0.12226544540597696,-0.17580600947067515,0.8351670086125486,0.843093214051343,0.859832284255916,0.8013577826487686,0.007834659040792388,-0.12226544540597696,0.005757195039993599,-0.17559263863510657,-0.24033681522665115,-0.025591909182584863,-0.27372832157314414,-0.27592775454362095,-0.1386312931484674,-0.13859999660979516,0.06121365011866723,0.1029104226698003,0.17363384867661555,0.019799611798521157,-0.02081715615505791,-0.13813759669225217,-0.04484439214935729,-0.008851890350970953,0.025444492471136892,0.06745462025332828,-0.08553066177137478,-0.06073465420135084,-0.14093850824557808,-0.08789044205324349,-0.01913442984028364,0.09367538932391986,0.1717101885864833,-0.04672702857905701,-0.11400420582278548,-0.14025432300731155,0.10272110808630337
item_51250_max,0.09595402227245277,0.16007379583646397,0.0408313291117467,0.12396226992192837,0.035730516751568395,0.1923488052977787,0.030315768688394508,0.016974527680384408,0.019916837383062772,-0.05087889456051618,0.045751037086604836,0.04486882957137996,0.19051155548728224,0.1953166154773488,0.1746846739280685,0.17421994235853486,0.165944616652826,0.17374625023285928,0.0760091522275421,0.18519084184054732,0.22238194001321954,-0.0026911642933796108,0.032772770051860134,0.0020070986404176045,0.06331362544319108,0.011541654463972614,0.19061562338571597,0.12796180002173452,0.2402675449155668,0.23026825846565815,0.17139571421318853,0.2585457367546229,0.2141925418192307,0.18597419962354256,0.2102375965296349,-0.03411152240757545,-0.06404702451632034,-0.13685085790093326,0.019635902950153494,0.12628307472424258,0.226119239873867,0.021656512094878906,-0.012078655004665116,-0.08229408019209927,-0.09573439252372759,0.015573198594174439,0.11679516991340298,0.1872929276934359,0.10474742407351802,0.040371838901313774,0.08044506227801018,-0.03721755626242444,0.06983695249461593,0.14016000071037343,0.18758745371767058,0.17510845757248814,-0.27720177305892574,-0.3150928849074034,-0.35132505723565294,-0.16091643494999475,0.0751070414839852,0.20541945933252015,0.2000195128282663,-0.01577120012094574,-0.021381273235534685,-0.10154573942782985,0.05230749049199791,0.09195838798613261,0.20741860549035646,-0.01374792292912159,-0.08934721234217378,-0.07011985892318945,-0.14153961273057405,0.025680426610281686,0.307634376396491,0.2055765304814713,-0.07094647715297422,-0.41547767127184304,-0.4708434087479473,-0.46244512831933277,-0.4243165138817289,-0.029751591808585172,0.20641606052494607,0.2680607167763719,0.07063680997516537,0.06063544594937425,0.025529830470460545,0.1326876539912323,0.1653404799592412,0.21338162359375976,-0.03751562255165233,0.12794676247689574,0.14831250443582195,0.07516942571526297,0.1765760195522243,0.05016261217622325,0.20641606052494607,-0.17176412352062337,0.9740801597375779,0.9745606822940256,0.9173227020639003,1.0,0.33755993772073284,0.20641606052494613,-0.1812587581822741,0.8407455415078015,0.8415856125306974,0.8181870755441599,0.8451561956858156,0.08885040339598638,0.20641606052494613,-0.0465639060466042,-0.13931355467472162,-0.18469770100227567,-0.16131333715387566,-0.11558982681710384,-0.17921306892941163,0.1815747114264971,-0.12841516099263411,0.07029632493041456,0.14448205448837448,0.05800164136164227,0.0969621668403598,0.0028302122828851545,0.18862570562653058,-0.02464572310045975,-0.11838170157843646,-0.06423675533267265,-0.12046167597257496,0.0016924033080402267,0.07113601403781603,0.17883427846674413,0.017540931839279895,0.0852315073872062,0.14990562407618369,0.0645067729809247,0.18561804885710348,0.1208997635783094,0.18122483292768418,0.12411324429528954
item_51250_std,0.05881042990103407,0.01589794742068052,-0.2436013062469716,0.2682008719942075,0.23031185372281535,0.5640321819568432,0.00951835154833661,0.02014609285341155,0.02863879542879084,-0.1390977204938494,0.1322948922682874,0.1633851726008585,0.5642936690744295,0.16494857932013904,0.2743818600641662,0.20424349390274224,0.11099671603924807,0.2808360307077932,0.2492621160489121,0.5642153724163277,0.27850759094645433,0.05310019197567973,0.010367093782211432,-0.16058821246945215,0.1624577988654214,0.21321498723662016,0.5644784163215344,0.1440021549277145,0.43476036838675697,0.33650052030886096,0.1370479526686788,0.45409079053021767,0.41335702169432165,0.5660467177142724,0.2586589376164229,-0.2433727096628069,-0.23436544175285762,-0.3687613980968362,-0.010839143722078762,0.3724802944037929,0.5906988316103037,0.011612188206367514,-0.26823788038549035,-0.2395435650448788,-0.4452905748657631,0.08913677534033022,0.4052910005700694,0.568705215693574,0.30082703553276036,0.22547133803893143,0.27123204181254146,-0.026047378738744045,0.4156117214726718,0.3931074728081523,0.5705732521181809,0.36569391129950585,-0.24207157682111022,-0.37150915307140464,-0.47134352481706837,-0.07912282283854963,0.2087716405184672,0.5791260144658831,0.3003200977528284,-0.3107354890746617,-0.26167817833236734,-0.394857449889993,-0.08538078344826695,0.26804816505636914,0.5832183822410447,0.08463800478045791,0.18582528690507194,0.23849826047872755,0.10611693849345766,0.4105525810192416,0.6598762438279507,0.5555666879569874,0.2032938120454753,-0.33027032691261216,-0.2941373410323019,-0.40215546155293697,-0.1480709798442984,0.23417040546686668,0.5579941460223565,0.08488003241580172,0.04601024126619318,0.03742608013940157,-0.04123791430332063,0.19178675022657968,0.239196547985406,0.5777086806603173,0.02869949891932464,-0.1458269887376292,0.0003472300020759026,-0.22682503899546358,0.18714211222935465,0.5107543147245432,0.5579941460223565,0.05622983656531463,0.25916757602036067,0.15082991022861458,-0.024653986507817867,0.33755993772073284,1.0,0.5579941460223565,-0.01649964530002758,0.13505939305425116,0.1181826546841328,0.04891893730129595,0.19823803839395898,0.20954054564246105,0.5579941460223565,-0.08806126355285694,0.08174955931531606,0.09868510027952922,-0.24455276775096102,0.30819309730560057,0.29499612354531835,0.5649416757321323,0.01366158414160249,-0.08775684675082081,0.044357002870468135,-0.16283740674778685,0.08961654385472897,0.05570626432501218,0.5689371158288409,0.03662813560074718,-0.31163315628085014,-0.2461659613890156,-0.33671300508467034,0.03750336319414687,0.2853926566467033,0.5502757157341263,0.2189425399628158,0.2631584328171918,0.1939996313897834,-0.06516400042581928,0.47823541552646703,0.4891046023228158,0.5578676424480042,0.14918157700583626
item_51250_count,0.09827772418003276,0.016391303149097067,-0.4094208653143283,0.48507575192695646,0.3114466735089437,0.9175600723001948,0.07834315577304933,0.08585619785391213,0.04791834372177208,-0.24295275790060192,0.28008226253448115,0.23938171904746744,0.917526103884664,0.05114731371633349,0.1820116319591362,0.10700549531294744,-0.03433516486482985,0.2371913172831352,0.23477415716511776,0.9210567634246964,0.26175265542260084,0.05673214820572487,0.008532451781634047,-0.229043026468793,0.2535161246019251,0.16770330700006947,0.9172774701904974,0.1687357602815043,0.4429715868679902,0.33348260101390687,0.08718481034497008,0.5113212864670247,0.45380156088720724,0.9220020012942353,0.31363868486958973,-0.2827936991225873,-0.24700095665465188,-0.4449761663098468,0.06278992866201522,0.27705939181110284,0.9733409523574429,0.1750605268917256,-0.22072618136286437,-0.16680178400469675,-0.5151085624673645,0.20253967076900922,0.38987997142480924,0.9202933839559354,0.32234238753926275,0.26760806254618047,0.24955315049406074,-0.13584785145851708,0.4749081504389702,0.2845593648510664,0.9211404697922574,0.23956672570953522,-0.2905508262492718,-0.33845269151896745,-0.4889320227790404,0.07405129567733718,0.32656144582502067,0.990954482937632,0.3045608703708696,-0.3167530890619335,-0.24944832336203002,-0.4618772172504278,0.033130406744998675,0.17428754700132376,0.9899322985846825,0.1701279375297806,0.26789372113463467,0.30786948233759853,0.15555833300656405,0.4776137809598833,0.5902946825890398,0.9999286704579291,0.25424308633516746,-0.30566896514319397,-0.24412174078803187,-0.4344405532336445,0.012296991154609119,0.16693899593022993,1.0,0.060841746962418536,-0.017779211541231302,-0.037759725813556876,-0.18050607782420922,0.15554094533258978,0.1443106324484117,0.9922951433037885,0.07709686863637683,-0.08894414961287167,0.025500299702337977,-0.22415362375987108,0.24752002794357117,0.28229155448812904,1.0,-0.07120204009394725,0.123991391462464,0.03447400597759469,-0.12226544540597696,0.20641606052494613,0.5579941460223565,1.0,-0.06032969965514681,0.05445339150850229,0.03690741533849168,-0.05879551854632958,0.13710521966331538,0.15697371570653307,1.0,-0.14551979325765774,0.04016515313021554,0.056220354378657335,-0.2883246625226024,0.20217876746403002,-0.019596913294072087,0.9193062916027174,0.014716926394162607,0.03358315161774356,0.09319728758140754,-0.27502282571101144,0.1329368073980339,-0.016984707335979267,0.924047412928113,-0.04884567219962465,-0.16356019345787648,-0.14338219420404616,-0.46250852545425436,0.3232488908965893,0.3168401076753054,0.920471998145262,0.17520223455095202,0.22804859071698813,0.137597898075772,-0.24996984348741727,0.5654571296055224,0.4950727247955471,0.9210114410876865,0.004541089170039249
item_51250_pct_abnormal,-0.08565487440746619,-0.0060763397202475145,0.00859724767322772,0.011332247634579965,0.0313822728004989,-0.04065317203868596,-0.0633317669043874,-0.1157174606882692,-0.12358548216231469,-0.0857316063432491,-0.12099509842238171,0.02779526374569651,-0.042227888794509345,-0.06265414135349458,0.019550750590606982,0.024186849694274634,0.04575085294513788,0.020430766554008502,-0.024382595468376202,-0.030921026756894295,-0.012799937301194676,-0.10891001309480752,-0.14794543804878543,-0.10222755295888879,-0.13987775361725438,-0.02391734534215632,-0.043068664731337754,-0.01007326584566418,-0.018820363078558656,-0.006125173085270213,0.010394687652229543,-0.018366169137929968,-0.05202114312325422,-0.034483971404267295,-0.03356602857053192,-0.07875982208132722,-0.056460394775251256,-0.02425881231995627,-0.06024552292337268,-0.004174144688555719,-0.07966334848539876,0.046301434014893686,-0.000910924279530444,0.05598148277934378,0.05834760507207677,-0.010861464297149332,-0.12933152297170816,-0.03421757016307495,0.08617052262666662,0.0239391986782222,0.025395199996228274,0.07203392655862628,0.01973950039395144,-0.06641969705687488,-0.03300290757381816,0.0229368820161563,0.08310563906779761,0.11395712673091303,0.13379739745819264,0.08910644561206217,-0.008505572372443333,-0.05395642344297052,-0.025669129098965574,-0.11199969590108909,-0.10699226544426943,-0.0697931854732432,-0.1267560811592527,-0.0003336732213638799,-0.056365001856164325,0.10019949705153387,0.26185245756993825,0.2556127766371064,0.2880720463334052,0.2024800559986645,-0.037149196374860666,-0.060330704443232165,0.13776238325544754,0.059296872394681774,0.09332256610166226,0.0898770529429706,0.09149902686261746,0.07388109652507657,-0.06032969965514681,-0.07536326454472762,-0.08821502706985276,-0.08530052524669605,-0.08166878386810802,-0.08403042286784287,-0.04273534054586214,-0.05980980565308672,-0.07610743205675277,-0.21590962586475448,-0.24705934037408947,-0.2008377948378271,-0.26115843202213085,-0.1620571177586832,-0.06032969965514681,0.1729260866251624,-0.195499243087294,-0.18706275841385953,-0.17580600947067515,-0.1812587581822741,-0.01649964530002758,-0.06032969965514681,1.0,-0.26148470545821906,-0.2701122242753728,-0.27275296809894345,-0.26773489906961406,0.030897958195881037,-0.06032969965514682,0.5595090216632085,0.052044308566500545,0.0037742913159248695,0.0074720777239856255,0.00767421600695976,0.07538087298329052,-0.03194152063650336,0.0060487856996281775,-0.1686454165336206,-0.1311553463931476,-0.06352006646508482,-0.07736874353768969,-0.03997457310758125,-0.04475206815905511,-0.04476643225726915,-0.049032454634322,-0.022588564265142608,0.017315454899314985,-0.045061518390356325,0.01656079489032858,-0.03136345268023451,0.09726499639825464,0.041930557709377765,0.04223420575202177,0.07111548576541736,0.0068337669828717595,-0.08016282864210234,-0.033455570806425916,-0.014603325589521099
item_51248_last,0.08077385285698364,0.09525807350621288,0.06429430146609019,-0.0034565255663262856,-0.06624048551322918,0.03546211423715727,-0.06807206159335902,-0.07027293391071163,-0.07066886301553273,-0.03967295262084112,-0.07979670278963512,-0.07397656545306999,0.03333476780189588,0.14615223977613928,0.03655139880384004,0.034930262934275765,0.05359757554486552,0.01896734242900281,-0.0630002266349132,0.01615475410408481,0.0368398534706992,0.0021322562097870553,0.05246513623226296,0.08826279016045303,0.022557425824969887,-0.0691800945077221,0.033276408428921274,0.04589288247479727,0.07192028484139415,0.05408494111808285,0.03580131591007168,0.0616052479258721,0.04206271746266091,0.01548268972156644,0.01846141352792873,0.020207560331679673,0.01073807154120633,-0.03739304516658632,0.03713109480534495,0.06815923258451935,0.07998770238507046,-0.0025895277819919463,-0.02799844024770142,-0.12479397236491568,-0.029935095057513825,-0.12056745664316182,-0.018537726014415747,0.024228486825730564,-0.030258767211177467,-0.03343844888142088,-0.012078492058057165,-0.05616618153316201,-0.06610507002627315,0.057792758946910945,0.025743824598855627,0.06193929326716441,-0.31835982489283504,-0.353217443405441,-0.34540481611113566,-0.29165485372093436,-0.07250144687066934,0.05453103677229344,0.21964475609468806,0.16025313767691804,0.18235102171858267,0.10635218359109247,0.21644859061601418,0.13788177112808805,0.04727497682468857,-0.10519461140875677,-0.35558064281187435,-0.3379782759505106,-0.39828801172313116,-0.2561271789783939,0.13681442451919387,0.05438455953283023,-0.27194484783705525,-0.33816403820668556,-0.3712488018584465,-0.344938134417607,-0.3606641367906537,0.0004185364903858829,0.05445339150850229,0.27712024256995144,0.03990168009587991,0.020559176599058957,0.008316266696126133,0.07036315745166043,0.10132986102767959,0.05470755968946651,-0.020078785321311025,0.6102118782627275,0.6143107633159829,0.5775500177380174,0.571539609016512,0.02157905806495372,0.05445339150850229,-0.3621696441222095,0.8619992591353075,0.8608337405997386,0.8351670086125486,0.8407455415078015,0.13505939305425116,0.05445339150850229,-0.26148470545821906,1.0,0.987364269800855,0.9805127497587481,0.9723890938165022,0.08756601492523544,0.05445339150850229,-0.046260629700163855,-0.09058555572268259,-0.16076156976394665,0.017944831840348813,-0.20197232292713038,-0.2720342472778701,0.01769785460249519,-0.0018996630746871096,0.09397009836496166,0.06885773431411742,0.05142906111850346,0.015886617154190687,-0.01727919012247045,0.017164262624193818,0.006362117839808895,-0.055590552558183556,-0.014640573405327631,0.0027500583482980836,-0.02416890130956754,0.0014196493752864645,0.008835540650093326,-0.04068968932753014,-0.03355311493260863,0.028023848259153203,0.037830535687738136,0.02390935101522448,0.04688370121262382,0.010181290927003801,0.12959833847075622
item_51248_mean,0.07070215542611807,0.09388626748552265,0.06782781523073776,-0.022701205449126575,-0.0981289538412126,0.014200082788868338,-0.08706517607421506,-0.06647478637785079,-0.06917544259872335,-0.02904710941224673,-0.08149594427930812,-0.09138714040194885,0.011281630707891994,0.1406430519311754,0.048684928760544185,0.04342616876603572,0.0691635171529059,0.02179911899611672,-0.07769463805381539,-0.0034165011225307552,0.03737035359949343,0.00481268825887726,0.05531474575692154,0.09008201064186237,0.0220675239028563,-0.07204087289552857,0.011355959436055992,0.04452213849225536,0.08435048893250593,0.06671561391603649,0.060177532525047275,0.06610662784376307,0.02815173285247931,-0.004202141604698007,0.023273696832520417,0.014511348365974112,0.0020372423512217,-0.04432860403185839,0.022612757716186895,0.0560246728254245,0.06354309242629698,0.0023081056745839737,-0.03806580110875171,-0.13552525304231544,-0.03301129189529773,-0.12744938301252817,-0.027466104177415053,0.0027002208259808277,-0.03192167746706221,-0.03032251980018287,-0.008933852182684972,-0.04032768742873777,-0.07045141793256846,0.030485163402791258,0.00419135873703885,0.06505380466806138,-0.32400313206437736,-0.35970529767696624,-0.3509917256162576,-0.2945793658700784,-0.0761851834118689,0.03714834521232605,0.2141040905043673,0.15359002323364943,0.17746096147641768,0.10215838534631937,0.20578004861847432,0.12673882543044285,0.032847880722405555,-0.10493999903548251,-0.3481985471706618,-0.334910582671892,-0.391890291174775,-0.25638692054135326,0.12357977385800481,0.03660574895451238,-0.2733183427893693,-0.341593574726797,-0.38269381490321736,-0.3519999595732996,-0.3794116999202838,-0.02324609683083527,0.03690741533849168,0.28524953361733757,0.029040407725074747,0.012231702055831127,-1.5212212488031452e-05,0.05254811769914373,0.08231010054260839,0.03972501776986495,-0.03028971446275462,0.5884488510122462,0.6215533121626028,0.5866609016382316,0.5752515696028011,0.010685403194819454,0.03690741533849168,-0.3711571031024499,0.8601142830040546,0.8652681693825686,0.843093214051343,0.8415856125306974,0.1181826546841328,0.03690741533849168,-0.2701122242753728,0.987364269800855,1.0,0.9898179640884733,0.987220629099061,0.1430669003461106,0.03690741533849172,-0.03544812656629963,-0.09793787874777606,-0.1621477296286238,0.006260363648429559,-0.1937540469598813,-0.2635888871843135,-0.0031522366797819322,-0.009828461424410335,0.12875688591453563,0.09570305685164639,0.07817387054227011,0.016288541234039458,-0.028923604570083743,-0.003675137054320129,0.024433192174127986,-0.04071697020569837,0.00613910881296565,0.020893117688832234,-0.021434118126946695,-0.020254167003349,-0.0123401287962279,-0.06798878378680465,-0.028952321472437054,0.029656236421738022,0.047864205319965526,0.015785745169589954,0.029383549577464058,-0.010452879747977893,0.14851188250226727
item_51248_min,0.06981855021022856,0.09552174775610676,0.11204875272738492,-0.05975990064757703,-0.10162943806221575,-0.07468657563806089,-0.09360047025237689,-0.07471190342355026,-0.07862313549990727,-0.011141844576717972,-0.1110155555486364,-0.10014017554279678,-0.07731663062209633,0.1446911747793801,0.029081710633460465,0.03185489426019946,0.07228226131895152,-0.004435397390402312,-0.1000793398259205,-0.09360388949679686,0.01730101098078396,0.001558104475375759,0.051363497458551934,0.11074736167003219,-0.008024776570247557,-0.07725846984637483,-0.07719051604431182,0.019246036874810937,0.04120904063324773,0.03726444773344177,0.06117566580147507,0.014857091346814502,-0.017982381159016292,-0.09447333671321073,-0.006765691159144178,0.07542530598018944,0.060645436658110424,0.035434419473983424,0.04024897970132262,0.017064191058328456,-0.03355327555952939,-0.04007276610526073,-0.02556022009224627,-0.12705400393209093,0.01501360920066029,-0.15902236246083407,-0.06584374750428221,-0.08615982377322294,-0.06890201884436395,-0.048968260391401904,-0.026224809477794646,-0.014677583111112825,-0.11588280259443878,0.004848660207036903,-0.08480871675062648,0.025293764878828638,-0.2793832846059149,-0.3140305706870007,-0.2902084548857559,-0.29131036494054585,-0.09259177392815314,-0.05830598500963045,0.17300175862597023,0.2167208060558041,0.23243893516887473,0.18173531897383982,0.22179744464018664,0.09130703862123585,-0.06351008556618495,-0.1448358627880342,-0.3791199120865567,-0.3715299937985887,-0.41051246890620485,-0.31382596299220566,0.04945070493621522,-0.0589750592235696,-0.31383880260263136,-0.2802048332015637,-0.3279735261735444,-0.2765728098612818,-0.3589657188450175,-0.05322412623649572,-0.05879551854632958,0.2657936278598377,0.04342948445764913,0.02725285182724029,0.03272765188720797,0.04170958497120647,0.07621204238448737,-0.05643657312391271,-0.02856029570958939,0.5923264534587516,0.6110597638840104,0.6100047773556061,0.5359353017977967,-0.04267417620627512,-0.05879551854632958,-0.36955741866361086,0.8485436152358483,0.8627911954089987,0.859832284255916,0.8181870755441599,0.04891893730129595,-0.05879551854632958,-0.27275296809894345,0.9805127497587481,0.9898179640884733,1.0,0.9567328817370812,0.030377883876749195,-0.05879551854632952,-0.028025435868177503,-0.09750920319538428,-0.16168931893174152,0.04802546880105212,-0.2120038008361699,-0.25785866850380246,-0.09094196109635921,-0.010369388373372685,0.10858665492872517,0.06648542813419177,0.09215174061897495,-0.0075280880959109515,-0.0260412519185656,-0.09381015233821022,0.02012858194868644,-0.020766945891258284,0.02298551626606278,0.06652466866582145,-0.049196716101200605,-0.0496184613687692,-0.10196921315931891,-0.09251276629348075,-0.05257864221139671,0.014204630060053871,0.07362199175176243,-0.04312444356192252,-0.018733537972782276,-0.09984842009167158,0.15233953207664008
item_51248_max,0.07441003959973001,0.0905117782652805,0.020633369707273204,0.017758131292180967,-0.09559379593166269,0.11031905933300733,-0.0787601942498802,-0.055971297708130245,-0.05841081840102748,-0.04911632506663242,-0.047987635448674494,-0.0809072264425139,0.10760571005781298,0.13049253301700914,0.06978980676995616,0.05269576051494166,0.061351300977872406,0.04892348410647777,-0.05375283183677044,0.09280663038609144,0.06251161285899981,0.010515417311250663,0.05806247075197678,0.06495153086100905,0.05560495166583286,-0.06374478907407351,0.1075841267638983,0.07093543674325978,0.13625255514458653,0.09559261754440837,0.05366940362358788,0.12539589320942457,0.0853073969773087,0.0922371850932666,0.05472254610425482,-0.05425039325225844,-0.05825248579115547,-0.1269815612514601,0.005780977971192771,0.09758052243171,0.16896123068217234,0.0465517497604454,-0.06102067857564654,-0.15309986872614925,-0.08874203167325691,-0.10308801137467222,0.006801498347731196,0.09956250911414773,0.012615046218951232,-0.002151225704291882,0.020732434762338357,-0.05847481594018028,-0.012135097732784038,0.06085729738039022,0.10107673478895172,0.11462735102904831,-0.36591344937590015,-0.40490181539940656,-0.4101795107349251,-0.2956618417683007,-0.06156349325520108,0.14152555966137445,0.25442176430576824,0.08058266558295199,0.11801576419100505,0.01709120926737245,0.18462753333276988,0.16078285631893255,0.138062221378502,-0.06505343260237847,-0.3084957361441659,-0.2866802773668908,-0.36290895307931714,-0.17964587187474015,0.22059633635928788,0.1362845010810509,-0.22057870024780146,-0.4025568179572084,-0.4305333221763153,-0.4233950049256988,-0.39370520196400105,0.005927510635320847,0.13710521966331538,0.2981536546583244,0.01194274315677057,-0.003680866521541551,-0.03580866873559176,0.06529046284363142,0.09331151879409703,0.14446096049494395,-0.026293035602365854,0.5728576302212495,0.6236426390740226,0.5511433145950934,0.6109566074775779,0.07128283432441125,0.13710521966331538,-0.36410629139071793,0.8520084119254425,0.8437675948867661,0.8013577826487686,0.8451561956858156,0.19823803839395898,0.13710521966331538,-0.26773489906961406,0.9723890938165022,0.987220629099061,0.9567328817370812,1.0,0.26333917702684867,0.13710521966331532,-0.04501147522596124,-0.09038642444405993,-0.15446760808968904,-0.04436740411387718,-0.16328263101589807,-0.2531681835492183,0.09251971710258194,-0.009388941164187977,0.14342060143726507,0.11361254149483545,0.05186121619353826,0.03724296722431122,-0.03120353322232079,0.0928897963549779,0.024682047793171617,-0.05741686718590974,-0.00878608757971066,-0.030564004909751908,0.015370120381324669,0.02084984324401312,0.0843216345479153,-0.04244942353091186,0.0022294369943262784,0.046069467950106885,0.015613431547835368,0.08965756452632156,0.09677910428978302,0.08610023887365216,0.14562511272088302
item_51248_std,-0.0755896425376772,-0.0660211572915433,-0.04983384506874145,-0.0742857075531542,-0.1467994176239551,0.1359809521150364,0.04154055874189591,0.06630863866855255,0.11256233806986177,0.14405539951922067,0.05790787852989484,-0.04647417990662933,0.1349113681818942,-0.06575779046439996,0.06573297069452232,0.03333813858960417,0.03756077742824414,0.04963471323691321,0.004418085350039826,0.13370527470696733,0.03297874034061547,0.06952812109395452,0.13034281087649116,0.15565798935787342,0.10198793945877342,-0.07292311667589468,0.1338841364078239,0.21111935759077735,0.12699976010716027,0.06760310413685196,0.012835554238958496,0.11467100555265106,0.1026966745125624,0.13359443868334525,0.05152912802228591,-0.36991281362384626,-0.38913460725054944,-0.3858005022630609,-0.3201902976096261,0.14440213373688557,0.18011413953711777,0.24503869438327305,-0.04574988830458578,-0.06871617787981396,-0.051370832807525864,-0.050789904057219504,-0.0014095611899513254,0.13804355034470595,0.07992180158610378,0.004850172982486628,0.0022767822991817542,-0.02177949798139273,0.0031801851086066665,-0.019431074548750028,0.13926450255427603,0.11354856454318457,-0.1790971490991978,-0.13846699423321032,-0.13065038086006037,-0.07696327131278756,-0.03406368703108764,0.1668363512180484,0.16921236856069002,-0.3662602458205602,-0.34715329061486633,-0.37156447403957676,-0.2674183069710247,0.20207508040325178,0.17198974533379985,0.20332913289279506,0.020026380754791757,0.053390226534007906,0.0065575122716901675,0.12337902149428318,0.26180634292280236,0.15571257967899435,0.11933826659710423,-0.3873168974435379,-0.3778881749971476,-0.3758925823795969,-0.32313315861559383,0.14053497523741965,0.15697371570653307,0.1403924773810315,-0.1412967051983636,-0.14908465816160543,-0.17416173671628016,-0.06829737265328972,-0.04754592169121823,0.16848267270488534,-0.12043860369265856,0.05861684018421251,0.09634524099598027,0.01709263128462099,0.15982773444663453,0.24764719774595328,0.15697371570653307,-0.005901582959914086,0.06779900631581535,0.04707572527616276,0.007834659040792388,0.08885040339598638,0.20954054564246105,0.15697371570653307,0.030897958195881037,0.08756601492523544,0.1430669003461106,0.030377883876749195,0.26333917702684867,1.0,0.15697371570653304,0.11500954090098378,-0.08163518448659342,-0.12032017569865798,-0.1334519725079676,-0.0651855826923981,-0.03703848843503548,0.13295851861313787,-0.05347195529952208,0.08642972137244277,0.11543399347101613,0.10751050635994017,0.01298436408787518,-0.04768839113958667,0.13216701288338373,-0.026249474945051417,-0.013259300072188687,-0.001493938463192917,-0.015740493967072392,0.027940798743891444,0.04837110084544453,0.1358500040554576,-0.0245582174272675,0.0641573500463151,0.06605603977066885,0.055634542605710366,0.1253747944624443,0.05778852100101256,0.13456545101107176,-0.05215661312893715
item_51248_count,0.09827772418003276,0.016391303149097067,-0.4094208653143283,0.48507575192695646,0.3114466735089437,0.9175600723001948,0.07834315577304933,0.08585619785391213,0.04791834372177208,-0.24295275790060192,0.28008226253448115,0.23938171904746744,0.917526103884664,0.05114731371633349,0.1820116319591362,0.10700549531294744,-0.03433516486482985,0.2371913172831352,0.23477415716511776,0.9210567634246964,0.26175265542260084,0.05673214820572487,0.008532451781634047,-0.229043026468793,0.2535161246019251,0.16770330700006947,0.9172774701904974,0.1687357602815043,0.4429715868679902,0.33348260101390687,0.08718481034497008,0.5113212864670247,0.45380156088720724,0.9220020012942353,0.31363868486958973,-0.2827936991225873,-0.24700095665465188,-0.4449761663098468,0.06278992866201522,0.27705939181110284,0.9733409523574429,0.1750605268917256,-0.22072618136286437,-0.16680178400469675,-0.5151085624673645,0.20253967076900922,0.38987997142480924,0.9202933839559354,0.32234238753926275,0.26760806254618047,0.24955315049406074,-0.13584785145851708,0.4749081504389702,0.2845593648510664,0.9211404697922574,0.23956672570953522,-0.2905508262492718,-0.33845269151896745,-0.4889320227790404,0.07405129567733718,0.32656144582502067,0.990954482937632,0.3045608703708696,-0.3167530890619335,-0.24944832336203002,-0.4618772172504278,0.033130406744998675,0.17428754700132376,0.9899322985846825,0.1701279375297806,0.26789372113463467,0.30786948233759853,0.15555833300656405,0.4776137809598833,0.5902946825890398,0.9999286704579291,0.25424308633516746,-0.30566896514319397,-0.24412174078803187,-0.4344405532336445,0.012296991154609119,0.16693899593022993,1.0,0.060841746962418536,-0.017779211541231302,-0.037759725813556876,-0.18050607782420922,0.15554094533258978,0.1443106324484117,0.9922951433037885,0.07709686863637683,-0.08894414961287167,0.025500299702337977,-0.22415362375987108,0.24752002794357117,0.28229155448812904,1.0,-0.07120204009394725,0.123991391462464,0.03447400597759469,-0.12226544540597696,0.20641606052494613,0.5579941460223565,1.0,-0.06032969965514682,0.05445339150850229,0.03690741533849172,-0.05879551854632952,0.13710521966331532,0.15697371570653304,1.0,-0.14551979325765774,0.04016515313021554,0.056220354378657335,-0.2883246625226024,0.20217876746403002,-0.019596913294072087,0.9193062916027174,0.014716926394162607,0.03358315161774356,0.09319728758140754,-0.27502282571101144,0.1329368073980339,-0.016984707335979267,0.924047412928113,-0.04884567219962465,-0.16356019345787648,-0.14338219420404616,-0.46250852545425436,0.3232488908965893,0.3168401076753054,0.920471998145262,0.17520223455095202,0.22804859071698813,0.137597898075772,-0.24996984348741727,0.5654571296055224,0.4950727247955471,0.9210114410876865,0.004541089170039249
item_51248_pct_abnormal,-0.13603839199290949,-0.11528205193415147,-0.02620229329338023,-0.12876319063682026,-0.01747096477026011,-0.12221606546909605,-0.09606316476241962,-0.10078832966244597,-0.10565864797269024,-0.0018274510541413927,-0.16371554916160427,-0.1036486189418764,-0.12325057909596839,-0.092969198527155,-0.06625526393801955,-0.03230391198110559,-0.0063355559928688285,-0.042082349111326176,-0.03682582529474177,-0.1086928221466789,-0.05073103566376312,-0.1327834516298649,-0.14122426439566854,-0.042362998925732476,-0.18332445799823266,-0.12079709737276383,-0.1244082242697572,-0.04470194174517443,-0.10844839588165996,-0.07937847316436931,-0.053387417897765084,-0.08227843159423662,-0.05384513757688522,-0.11139448213937371,-0.07032575144990282,0.11206652573210028,0.150919206190491,0.21581543013488147,0.07225425919906452,-0.19538468376286053,-0.17322118034329914,-0.092494830845688,0.07985722316740994,0.13173905745465514,0.16312117310555813,0.03173537703432926,-0.04808245011984121,-0.10935226571534258,-0.14134120802389147,0.010608530950212703,-0.020538135758194798,0.05581507776547562,-0.055423532342415684,-0.01522730204808466,-0.10802120155518878,-0.08483478612449528,0.041999795605078855,0.08343227899251812,0.13857433201297203,0.019579830028916057,-0.11916518311513614,-0.13937877719736813,-0.02769096959670297,0.10542703301682094,0.13942275701853205,0.20492723070375932,0.05918488036286476,-0.16936888352808868,-0.1407569561056427,-0.06366519704367574,0.14121286226882157,0.13641775978847515,0.18378039606639937,0.0805605258660432,-0.12348160299218074,-0.1455831257049244,0.11211652886758872,0.14359330974849824,0.1788344021128908,0.228497434582667,0.11470090111376623,-0.14665606427049815,-0.14551979325765774,0.00728977847975035,-0.1426625082853795,-0.14830159170289245,-0.1201140265335776,-0.14626372812273933,-0.08304985764928714,-0.14363394385210992,-0.20288243551659862,-0.08724242101170598,-0.09212559108066712,-0.014517093560231944,-0.15425232372238035,-0.24114338353548878,-0.14551979325765774,0.11002540342618601,-0.021104246739233706,-0.023753465875920553,0.005757195039993599,-0.0465639060466042,-0.08806126355285694,-0.14551979325765774,0.5595090216632085,-0.046260629700163855,-0.03544812656629963,-0.028025435868177503,-0.04501147522596124,0.11500954090098378,-0.14551979325765774,1.0,0.045119684765264866,-0.04994028116908307,0.07983707254684029,-0.0834326842052814,-0.03300934476279606,-0.10331813147486472,0.006047916119863524,-0.126447884526349,-0.15990078148503165,-0.021767543672392843,-0.15325019242733573,-0.06972412921161576,-0.13351384723468698,-0.06361101685665041,0.07995959722214144,0.09071478038717605,0.1578596761619947,-0.028562169609497246,-0.11529206183687994,-0.1173626736648474,-0.08725773625347968,0.025403912099638395,0.031496494876610666,0.10316917273970073,-0.04889923662979196,-0.09274644348296249,-0.11812453009821106,-0.0035351352391099077
item_50931_last,0.16117973847880085,0.08857302599076416,-0.007998232722535888,0.10626401334865028,0.08992761107353937,0.05844455905129989,0.014818715333645337,-0.13260154570213165,-0.09940703104872439,-0.17128739470722806,-0.048557224814416544,0.07706036070336345,0.0536970441574786,0.027419311686513684,-0.015458883766948588,-0.05363897168836159,-0.06187617020930626,-0.03087936503979749,-0.03626416829623278,0.07026874972255992,0.013200145559638768,-0.15961720262628465,-0.09846045537957104,-0.10455910249723775,-0.09964013734207973,-0.10311982573670211,0.05405764502059525,-0.08680011164718401,0.10776052351556369,0.0634610102354795,0.05874438906250532,0.05516173683207616,-0.039534995764199284,0.06963482755124066,-0.057599847960654094,0.029993250283225054,-0.03196810623451099,-0.032368575723536894,0.005375360532759203,-0.09504465114422977,0.04298901511621535,0.05079407564339438,-0.12858432739419828,-0.05277556855715357,-0.10101453700062588,-0.009574533702059285,0.020819043286678763,0.06232231489414652,-0.011074641863522257,0.2014189294322589,0.06552402862629457,0.03962032433964259,0.0589374798196809,-0.054381199159131095,0.06420635180604878,-0.1158556536792372,0.15984212182101767,0.027536153799089014,-0.024036268536874992,0.09224582393100028,0.19354910504420947,0.04912858910820296,0.01952569901078782,0.04862240256266168,-0.013867263132157592,-0.024842373602495683,0.016478706081889234,-0.01801695918198772,0.054400341706902715,0.049206744482409186,0.053115136859387777,0.06337247439081231,0.058418626391510915,0.07149798301466723,0.03101851823541879,0.039627287306246886,0.034001644382869026,0.08279276200945046,0.028998762740240852,0.012156432959077236,0.05148810788321467,-0.01942469813733396,0.04016515313021554,0.1487186275299802,0.2520183932474788,0.23217830482770407,0.19240734490346711,0.22530466616817782,0.2773504799946931,0.04540541352882544,0.1536129148916796,0.038054346026421014,0.07306412802796837,0.04749735430455773,0.11031704260432759,0.09768853853292911,0.04016515313021554,-0.07663279602507501,-0.13854433605074806,-0.1658412853069718,-0.17559263863510657,-0.13931355467472162,0.08174955931531606,0.04016515313021554,0.052044308566500545,-0.09058555572268259,-0.09793787874777606,-0.09750920319538428,-0.09038642444405993,-0.08163518448659342,0.04016515313021554,0.045119684765264866,1.0,0.739697398309513,0.4708046572239659,0.47825009332529034,0.3707479983172076,0.07417064659142845,0.3655192046043439,-0.1708830560865762,-0.1400103924928623,-0.08798939279775667,-0.1287033936475353,-0.11939898363248029,0.04863789863942904,-0.00015079281591875694,-0.028710425072984724,-0.05169461923160862,-0.03742849105762057,-0.007129058274272854,-0.036097525226504557,0.050777702691617285,0.04279453031503631,0.0572394312162889,-0.028025892407618547,-0.0690388337607961,0.05081951828176384,0.07880139105060731,0.05120492471528586,-0.11899590126533265
item_50931_mean,0.17004047997945237,0.2044557755879298,0.04339326168511131,0.22190189582581665,0.19997365881322685,0.0874722806336666,0.0552825778711921,-0.1176642838567082,-0.11298208035920412,-0.25918362266131617,0.025547801238254557,0.21935514787905724,0.08425448347795815,0.19531610111400757,0.021658106412924885,-0.006735883700896824,-0.052827614925152304,0.027591891473601804,0.04234722777243188,0.09835213661691745,0.06708855377576137,-0.09239249297862856,-0.10432507692688157,-0.2182665818505309,-0.032374700426209234,0.09694111577174735,0.08413938866567558,-0.032080106513210846,0.11348987988305118,0.09091190230614164,0.04307400069021543,0.09756336284876635,0.04300647555184511,0.09876234644802258,0.02719144068156769,0.025743215980958176,-0.015753830761665935,-0.021867783099556302,0.020265622679235713,-0.0618105093952177,0.045943426850407025,0.035966157672172185,-0.1712734152207699,-0.17469737415282452,-0.2788883500118874,-0.014218723229540866,0.17854597459469515,0.09595696792263307,0.12338751697065824,0.16563529474304736,0.19553034527240426,0.07111056974017353,0.22873216671055044,0.09804786407336599,0.09532566938937448,0.006917411255302745,0.1196620517450741,0.02132560014337672,-0.017478486606391352,0.05650301644141356,0.09699345893387085,0.059140183811556495,-0.08475555988205752,0.04075054625498895,0.001311537801995066,-0.012464315146193049,0.021862356847063436,-0.06444159727900359,0.06238281717160502,0.020225685366370632,0.03221231338477045,0.028297080749387506,0.025403872303695816,0.04221461658491051,0.010399496450328038,0.0558376588214664,0.059204348248597286,0.10066264683011228,0.06784458381225329,0.04463854924717804,0.08412181563963067,-0.060707192045670766,0.056220354378657335,0.08981800892713114,0.08395415375668883,0.09732930072020486,0.0688108637294134,0.09341475813772254,0.08752852453904793,0.05971540362494294,0.11386520839584433,0.007100977357019989,0.05655789577112662,-0.0038542766301848173,0.08595885593278528,0.11558485852954314,0.056220354378657335,-0.044904027761571805,-0.20010842113732857,-0.227977392601469,-0.24033681522665115,-0.18469770100227567,0.09868510027952922,0.056220354378657335,0.0037742913159248695,-0.16076156976394665,-0.1621477296286238,-0.16168931893174152,-0.15446760808968904,-0.12032017569865798,0.056220354378657335,-0.04994028116908307,0.739697398309513,1.0,0.5576479120851121,0.7493699188508296,0.6396399053007598,0.10877958028629388,0.45149694376469607,-0.13204932101535377,-0.02928381942754103,-0.1297521287732843,-0.004186620695673089,0.006979041395155175,0.08561654744285933,0.0832799769879577,-0.09036401561675249,-0.11082420103348795,-0.1813723231013792,-0.00916043691022496,0.11845515900383691,0.08221543977123004,0.09745219439962922,0.04678666906494546,0.032205756027284316,-0.06775194402025327,0.13350791966461856,0.1566075141881228,0.08599777846510866,-0.035430307695589615
item_50931_min,0.13753749771711676,0.22532506812133507,0.3811811755302939,-0.0430879466022653,-0.008416482872431059,-0.3096782548649508,0.061533217052805296,-0.20847839147160807,-0.21765177874047886,-0.015959620912392964,-0.30497912444102343,-0.102803337760691,-0.31729014334972827,0.11636047297747512,-0.0795842246321517,-0.06745691078416592,0.005963225779082923,-0.12310176257686412,-0.14357495683967897,-0.3184713014619888,-0.09120388663552784,-0.17098631071760145,-0.13609780224332013,0.08076586320695373,-0.3029878643904502,-0.27442373109422397,-0.31740656116751775,-0.13236116168871373,-0.1006634975467991,-0.06865605387614351,0.06217560914275619,-0.1645310927494753,-0.23744420293889343,-0.318930515155041,-0.17980918128609294,0.06027075942098395,0.05466580645435416,0.15376860133315046,-0.07102127573993387,-0.1305979871680745,-0.2865086157176954,-0.058642308519783456,-0.07242165543562355,-0.10047750912487714,0.10819320431814809,-0.2669812829397475,-0.17775738851117978,-0.3106805022536549,-0.07764600021331783,0.08396210895588166,0.06370301100209386,0.2610040193958213,-0.12706160775154565,-0.16782051220342867,-0.30751034223499807,-0.14568493906200858,0.05443971712018701,0.05050408903790048,0.12408620006323655,-0.10354228049617907,-0.1453649464298263,-0.2823633153791419,-0.06044247153877477,0.13016219462137657,0.10766498136782401,0.18864182243476188,-0.0012765419434114895,-0.02301150530146819,-0.2861668974454971,-0.06829820983052083,-0.1892648412949946,-0.19110737683021684,-0.1391709196300748,-0.2296550206874627,-0.19482853593915864,-0.2884058407205318,-0.14953091579884903,0.09643990777530694,0.07787779339541274,0.16017763620809652,-0.021437607197663505,-0.05520637323338599,-0.2883246625226024,0.0756291700016434,0.04979507810183876,0.103551688282134,0.1666695824582076,-0.010268081135749528,-0.06530189571022506,-0.2850477380267391,0.12405739934559794,0.21150895491635852,0.16547813382812965,0.2608189662800697,0.06986865204090788,-0.06551759642825884,-0.2883246625226024,-0.09869552063054163,-0.10827699849619685,-0.08867363007807683,-0.025591909182584863,-0.16131333715387566,-0.24455276775096102,-0.2883246625226024,0.0074720777239856255,0.017944831840348813,0.006260363648429559,0.04802546880105212,-0.04436740411387718,-0.1334519725079676,-0.2883246625226024,0.07983707254684029,0.4708046572239659,0.5576479120851121,1.0,0.039465817481772025,-0.08617791741439587,-0.3078793712809919,0.5131095873485096,-0.15614465059387908,-0.12168710023463263,0.11142330140417836,-0.18465735245049053,-0.05777854947895787,-0.32804808592677226,0.09462870564409162,0.03724552348317559,0.039545471477657274,0.25801041753852855,-0.18779787384156563,-0.24537925766635765,-0.32356321128491977,-0.03406126055526825,0.026127502074762627,0.0295001972972729,0.2176047410289429,-0.1665117278856751,-0.15334204456105385,-0.32308049177093806,-0.011344256033713324
item_50931_max,0.1312460098115329,0.058270627502959506,-0.2231721314297561,0.28680325529040135,0.2973080317537255,0.27603051169987974,0.12000675085940052,-0.0967980915162747,-0.07592605412302891,-0.33096775514269994,0.13966641241726271,0.30776036897157016,0.27575017946139135,0.15865553030620538,0.08412946641316338,0.03020784778251811,-0.06229603743133038,0.10662223829276661,0.14156831191446015,0.28427884331687236,0.11605720984129353,-0.02806469876964189,-0.07665445760861367,-0.38327940848165365,0.10409797866678797,0.34799886900584054,0.2754944976733522,0.04769555394498878,0.16344686011588747,0.125214112991445,0.015619820660391968,0.1849075098534167,0.1460338773575122,0.28497856574309677,0.10663186846039406,0.039234283856666524,-0.037812339137041566,-0.09916245330406681,0.07574686051267038,0.07031799691662585,0.18591993389294215,0.0339016102124516,-0.25025095209865283,-0.1567723367415836,-0.4268299743071038,0.208011838999744,0.4205050208941534,0.2818874112569334,0.21809036675355728,0.17900872059331796,0.1626870611524797,-0.11638414665339628,0.35996238272573555,0.27107271141322814,0.28115255565389635,0.11446227388658836,0.07222084006029311,-0.05797535377812328,-0.13322406017655622,0.05582305662854894,0.15479149308565238,0.2082986823775592,-0.05493093433588873,-0.002712276159499795,-0.051070510191791006,-0.11522102137332564,0.03562835159380607,-0.002471195775709928,0.21394386470245613,0.05450875759439968,0.15125827523228483,0.14252451752606346,0.10645019721276912,0.17963154544546825,0.14845407493880894,0.20184094540943667,0.15122992232547985,0.09698616764507684,0.05560693542623911,-0.0229399492963564,0.13361281306062117,0.02879109387398419,0.20217876746403002,0.014044467089194544,0.0957047041380186,0.07159959030432346,0.009117923175254332,0.12696006432191895,0.1406098774724713,0.20397574352101064,0.06430741719932492,-0.14069968273599226,-0.030741047046791804,-0.18444085460521842,0.056398182707007645,0.2594479697597692,0.20217876746403002,-0.003220346995139523,-0.16273534888789382,-0.22117499351594774,-0.27372832157314414,-0.11558982681710384,0.30819309730560057,0.20217876746403002,0.00767421600695976,-0.20197232292713038,-0.1937540469598813,-0.2120038008361699,-0.16328263101589807,-0.0651855826923981,0.20217876746403002,-0.0834326842052814,0.47825009332529034,0.7493699188508296,0.039465817481772025,1.0,0.9435682599384215,0.29369065381658743,0.1862467628764358,-0.033628017213187394,0.013086171618859572,-0.2119269182580985,0.08638536662570123,0.03418512140365714,0.28242177346326985,0.023623603506476,-0.17444922852909756,-0.20426989774261042,-0.32898184239748074,0.04679477322509542,0.18877249057110648,0.2683251804538394,0.158807459637772,0.04094525338700447,-0.003479074950827178,-0.2191816716540532,0.2660329382010608,0.29962866195624377,0.2799885123269429,0.027794346162824744
item_50931_std,0.0760548551105835,0.0390490545366657,-0.12555881500929122,0.14048256785997146,0.2499474356217746,0.05999097253396697,0.12053641142338566,-0.05089280543678121,-0.016485902755679325,-0.2234956917004203,0.10742683790293152,0.29297929536802214,0.062097328074254735,0.13973980641671058,0.02017378789511286,-0.0011718144443101791,-0.06316092116661882,0.04746817049162831,0.11402304517294269,0.06755203386230038,0.014845796439369084,0.05044678886497361,-0.009498850892232158,-0.27921974225984314,0.08999467361999786,0.3670152663377552,0.06215227552062674,0.005528692134979688,0.03949695740033715,0.020451868565388612,-0.02161478129933798,0.05198935387942076,0.07463500647236165,0.06796003854211155,0.001683154603173207,0.0392354209175915,-0.0330629602012107,-0.03279223799495842,0.007050391622015658,0.09920312396246721,-0.027576356344242374,-0.005971696187941478,-0.21178093329350264,-0.13311754731878603,-0.31454576352376223,0.1672558370337875,0.38085556945933596,0.0718704432113222,0.13969464110276508,0.07310868802345692,0.09665128548254151,-0.08057523766799274,0.23543994460358297,0.23970577428030504,0.07064221064746436,0.052034587581688545,0.18112758529126619,0.0777098904753219,0.04680521953948298,0.08835769260734774,0.13503185311097687,-0.005729378362457396,-0.12380574164870975,0.001782236739133949,-0.06412800836127612,-0.05994149760333964,-0.05310371551917049,0.055325306907236846,0.00012936950425201203,0.010215701509542673,0.07938435676909195,0.07266458962753292,0.0668957365106844,0.0879875953875012,0.11255366152599178,-0.020600944667305304,0.10103751060236585,0.12610102192775866,0.0746792055355807,0.051317895946309484,0.08676597317570965,0.11638272700905103,-0.019596913294072087,-0.02390964997737842,0.12017758327839263,0.09199597369497856,0.07670546148748894,0.10743097431303023,0.17842402881523467,-0.009057487783276665,-0.011542481826780762,-0.19166448092529564,-0.11453182625209474,-0.20278450513231366,-0.08114983187804048,0.27256226456662025,-0.019596913294072087,0.01321183916167177,-0.21585532123938858,-0.2522970772264955,-0.27592775454362095,-0.17921306892941163,0.29499612354531835,-0.019596913294072087,0.07538087298329052,-0.2720342472778701,-0.2635888871843135,-0.25785866850380246,-0.2531681835492183,-0.03703848843503548,-0.019596913294072087,-0.03300934476279606,0.3707479983172076,0.6396399053007598,-0.08617791741439587,0.9435682599384215,1.0,0.08270236169008917,0.08352232282983271,-0.06751312442718112,-0.031456895662541874,-0.11828729890695384,0.018194642665879765,0.03461527281353916,0.06713770045508335,0.0010650774415253928,-0.13527594827429057,-0.148070177432296,-0.20919028237043835,-0.026176938632514066,0.1863874129068462,0.054534115146351425,0.08190891540440201,-0.021736787554328556,-0.014487381963016056,-0.10691646036313336,0.13584057055052876,0.20175807187149425,0.06840135330109806,0.00843008913855282
item_50931_count,0.10176724821375713,-0.01306860084953541,-0.4604531607200813,0.499560824741234,0.3463433258142041,0.9937286537602007,0.07846716471092184,0.10680113104523618,0.07555571872976684,-0.27815516012068164,0.3402114613858275,0.34221520909597103,0.9941599763378496,0.10570127566364185,0.2240615950565482,0.14277779979317742,-0.020545954196973564,0.2847465567767505,0.2929910637066428,0.9933643833847928,0.32097038082919105,0.051120849999065125,-0.011910498483248141,-0.29778119580684775,0.27811666817872893,0.25690563495195406,0.9936823974894993,0.201158380180839,0.5028779443199468,0.3796776364295339,0.08179730656726256,0.5870192254093414,0.5653826693268351,0.9936151812437167,0.3478521373533724,-0.1713388404744348,-0.1261160165099282,-0.3124931447309006,0.16696055690377454,0.2611785622626806,0.9001147035446959,0.11178039799293316,-0.18843253437045887,-0.14615110175588525,-0.5425774424587908,0.23848288054864245,0.43933257643663043,0.9981592326819945,0.3146971027043199,0.2672629195818753,0.2870034906082973,-0.13083836081647712,0.5347743072197565,0.3398951483425492,0.9983609532367363,0.26136031292228074,-0.19985283073160273,-0.25365394418948906,-0.41538475136737385,0.17331102519476194,0.4108818751192549,0.9269645617492978,0.2161507762919584,-0.23027441952575053,-0.14586202922216185,-0.3405405522765344,0.11310028947146054,0.14597741473271567,0.9214389696490736,0.11996979107833017,0.27062828066554717,0.3113901503016137,0.1678077237994301,0.4872598805117244,0.5970751806472238,0.9182903767047762,0.26510814939039556,-0.20292893406899504,-0.12483308425716531,-0.29947762903689157,0.10668697150445701,0.13542169841316493,0.9193062916027174,0.007471896073591227,-0.05654933923894832,-0.07132456351007818,-0.20132628638696512,0.1160056533400356,0.12029861022690988,0.9220813475545072,0.05789574462133535,-0.16129785760924875,-0.017242339834791842,-0.2650657133576895,0.2046992149623087,0.3179450282765359,0.9193062916027174,-0.051838941372018964,0.12324956752179055,0.009227627781357245,-0.1386312931484674,0.1815747114264971,0.5649416757321323,0.9193062916027174,-0.03194152063650336,0.01769785460249519,-0.0031522366797819322,-0.09094196109635921,0.09251971710258194,0.13295851861313787,0.9193062916027174,-0.10331813147486472,0.07417064659142845,0.10877958028629388,-0.3078793712809919,0.29369065381658743,0.08270236169008917,1.0,0.013746749679608285,0.04009929021717971,0.10670674768519373,-0.2978242982346914,0.17915284281095376,0.02018182619245808,0.9911882792847898,-0.049091531763519616,-0.08854915799347308,-0.07132010491067609,-0.46139782631546933,0.4420471181440197,0.39937970317196375,0.9900887071962942,0.0947874316500051,0.22571008188835728,0.13897244790603192,-0.3017939779566594,0.6214320211753189,0.5892130961362672,0.9912998811495064,-0.007752611190594201
item_50931_pct_abnormal,0.1063201757082881,0.09266553644604388,0.06126954157390088,0.046411300463564974,0.028473942155217164,0.020646614553652326,0.08344799604244017,-0.06792747836463403,-0.03791700336545959,-0.05815294872538461,-0.010783644941620077,0.03387981376795953,0.019340233138582012,0.15236576575546523,-0.10499901581407459,-0.13999999178506747,-0.14285391942054904,-0.12378317607340704,-0.14548969384934324,0.018628025155365057,-0.1534588935894807,-0.05299787796089561,-0.03615093196636963,-0.05415481051601719,-0.027082691806492372,0.016468643819181557,0.01984026858477549,-0.05647127137132225,0.002994220010139387,-0.01539624632569794,-0.002179651086124584,-0.02505372019018318,-0.1298325529862739,0.017225449762538605,-0.10299381993567967,0.0777690657148843,0.10295823840710705,0.05482843270366313,0.1586863605873537,0.17438279966824527,0.028350023397355012,-0.13505693228667368,0.022328818825361012,0.031005954931422646,0.009029048563936113,0.03495654721347919,0.029993863853395017,0.01609181140974969,-0.12444921279665853,0.010009707745603271,0.001997031553367286,-0.015295565413312413,-0.009211520443981946,-0.04869383002255379,0.016435289763586287,-0.05874586908782272,-0.10006622054693909,-0.1347540008465656,-0.1418749945544589,-0.09622627333863126,0.01252524727343456,0.014125232201291945,-0.0385338822813879,0.1273707669622657,0.1592705925457805,0.10378003776994214,0.21480210625361737,0.25593177431573516,0.01209030459202816,-0.156003424302516,-0.1053276354981535,-0.1095497329993286,-0.11014964469559603,-0.09541473601868858,-0.05182373968046098,0.014625333755139747,-0.083183071688227,0.10163584612002154,0.12912535543530532,0.08473035319051302,0.1760243699060957,0.21153146769908576,0.014716926394162607,-0.030175047687780558,-0.16369385842362222,-0.13238065886937128,-0.12155597739307626,-0.1540803265443789,-0.21308654109365183,0.015542763577137715,0.09357883603267872,0.18434523632866232,0.2155278409767035,0.19003597704000347,0.22340063088679332,0.17941132416605943,0.014716926394162607,0.024712593907690556,-0.11459993146637455,-0.1342796731753028,-0.13859999660979516,-0.12841516099263411,0.01366158414160249,0.014716926394162607,0.0060487856996281775,-0.0018996630746871096,-0.009828461424410335,-0.010369388373372685,-0.009388941164187977,-0.05347195529952208,0.014716926394162607,0.006047916119863524,0.3655192046043439,0.45149694376469607,0.5131095873485096,0.1862467628764358,0.08352232282983271,0.013746749679608285,1.0,0.01349088949874438,0.0009436653078693144,0.05542305115872199,-0.09328763046019713,-0.0872993691427931,0.00934148313912206,0.04620180006372447,-0.012820632400342242,-0.04698884742281193,-0.03669142871585473,-0.06682960777583928,0.005789088237852367,0.0035084969546177584,0.03480526940092492,-0.023102148215739093,-0.02500966212967391,-2.8723143611851384e-05,-0.020514542690871784,0.07141060195324157,0.0019421201747218159,-0.022166593918138102
item_50960_last,0.1378523696619113,0.1354440688911974,0.010341962278953854,0.16795037319030434,0.10624120872485841,0.057586359140457864,0.18029192267753333,-0.020023490587124347,-0.010423111918879376,-0.0225328616061155,0.005617391679091361,-0.14485721962724826,0.05439919520685804,0.1381003482720827,0.16189310538884952,0.16651305471616046,0.12904530814867138,0.16035756687213357,0.11416898337068769,0.0487411209401076,0.1927721264919668,-0.06738415524303222,-0.08783842706256882,-0.11306024735792289,-0.04335307356651268,-0.07435502978891971,0.05615997493316877,0.25087265249096957,0.30279783961219187,0.3274319916099922,0.2831283228606013,0.29303961300925674,0.1909739886134689,0.04933533584846978,0.3299990634881032,-0.05465263055714624,-0.0508015486318822,-0.09279438679776318,-0.007774922570833226,0.03202995696582688,0.03888643620822242,0.03477234029919138,-0.07557594277668707,-0.06048538365255512,-0.07998439703990361,-0.026569658897716075,-0.0766919456319716,0.05272359415030935,0.11180288059821077,0.1722105589407667,0.20579427312409182,0.13482571214463565,0.18827757444170706,0.038327729437997844,0.052610998061410334,0.18693772950491222,-0.19074275702613006,-0.17694986575610092,-0.1634851760726136,-0.15619433125255433,-0.14451331641620035,0.04155726832757512,0.03917596726250117,-0.049757318143190024,-0.017896391706982945,-0.08569454346894176,0.05508763148990412,0.164953469711745,0.04198996796052496,-0.030637131132358438,0.02008080240530408,0.03127712063884208,0.02006021297820696,0.03695920652082565,-0.04267639091443499,0.033039397273728656,0.05407784699593989,-0.09335095848541637,-0.08614660197430105,-0.12421670214924772,-0.030528168312781236,0.10038145767263151,0.03358315161774356,-0.013158308054605564,-0.025159642992398257,-0.022873113922173435,-0.05571873658381454,-0.004642842841500938,-0.025034199198142985,0.03893870990080271,0.14140913543947473,0.058991161482573655,0.1363841170828978,0.0846209118952614,0.16757793941827903,0.09355258277450351,0.03358315161774356,-0.07670327729624044,0.07598387259077574,0.07598475781648739,0.06121365011866723,0.07029632493041456,-0.08775684675082081,0.03358315161774356,-0.1686454165336206,0.09397009836496166,0.12875688591453563,0.10858665492872517,0.14342060143726507,0.08642972137244277,0.03358315161774356,-0.126447884526349,-0.1708830560865762,-0.13204932101535377,-0.15614465059387908,-0.033628017213187394,-0.06751312442718112,0.04009929021717971,0.01349088949874438,1.0,0.7646291783610483,0.458017593449914,0.3914780317236023,0.27731914883936093,0.03823317485713679,0.41378436966399973,0.16265749495202061,0.15846873931626201,0.045664331515876656,0.15314858425344963,0.008840739897137753,0.034827282130831194,-0.18772103885298044,0.2612539016390863,0.25874540363011095,0.19069602512034112,0.2112831299231732,0.15672232968396227,0.03650925507386607,0.12926512080309716
item_50960_mean,0.2032140983773088,0.3225031774150555,0.08729748935131823,0.3329433601703463,0.25877811200113776,0.13077751502385282,0.1515854238784984,0.03673950363759355,0.01346826287649456,-0.14424445660964685,0.09839601704737237,0.07118373346298884,0.12915955869070728,0.2335665113723061,0.24505354092061618,0.29817166791326427,0.19984953791901716,0.32959162776587253,0.3696372505553048,0.12664687238127081,0.30262312932934904,-0.06695993426235379,-0.08423635149331864,-0.21455360547713778,0.01976251490333523,0.1022861505112096,0.13036519873989472,0.24460513808687778,0.3744194086891223,0.44304354133610474,0.3560159953673555,0.4271415268092553,0.34770167664163015,0.12773734048924257,0.39997856648527036,-0.029472783682460365,-0.03170512471146207,-0.08460358593348895,0.012365511980324739,0.036355782283420554,0.09534623192071222,0.09370085778376652,-0.014838857140875546,-0.05950958517177219,-0.11863666193574772,-0.006788731788140593,-0.054706911172887604,0.12587630153442392,0.1253505013454855,0.18775572776869948,0.26554669766307437,0.17408918980889274,0.24747784032342007,0.020563759346560632,0.12373647026635888,0.15468284183079795,-0.15492463600058326,-0.11953911559848726,-0.14032958056056474,-0.056189933195060736,0.0012740997387826597,0.0914218790239532,0.01142481733377813,-0.06637384044344367,-0.04435045721151875,-0.10074861872330755,0.02807750105610172,0.10792125084115851,0.09235506248515725,0.0756162422135865,0.02795478796469006,0.037639872407833584,0.02525296864246473,0.045731525696438,-0.010885541009613317,0.09340730093420578,0.011194927164694855,-0.091044185558703,-0.08449404865343292,-0.11905859256543576,-0.03012194780523653,0.053962868373485025,0.09319728758140754,0.014114136626301309,-0.05225488288164312,-0.01836691947545144,-0.06447050326467524,0.02161611791374821,0.04006920169947545,0.090229598773538,0.17245205860364143,-0.07683691030462841,-0.014684843584806628,-0.04944105967389267,0.020199902780611005,0.020911868560010833,0.09319728758140754,-0.015695640195873717,0.1359257928887639,0.13325659315352886,0.1029104226698003,0.14448205448837448,0.044357002870468135,0.09319728758140754,-0.1311553463931476,0.06885773431411742,0.09570305685164639,0.06648542813419177,0.11361254149483545,0.11543399347101613,0.09319728758140754,-0.15990078148503165,-0.1400103924928623,-0.02928381942754103,-0.12168710023463263,0.013086171618859572,-0.031456895662541874,0.10670674768519373,0.0009436653078693144,0.7646291783610483,1.0,0.5776930633196413,0.6551206581886309,0.45694358295897736,0.11997274106277984,0.3958325701348908,0.06380622581613274,0.10030558428600893,-0.07814893465511405,0.19200099992199865,0.2835734558587423,0.10376553036575321,-0.13711681858950434,0.2970459543641571,0.3504911248725458,0.2502010802623611,0.30026684193801567,0.22058875487786292,0.10259394266286563,0.14728006043147845
item_50960_min,0.21750721160393102,0.3086389277149531,0.41104638847125863,0.029865259941085565,-0.09448651016261303,-0.2796311641320433,0.0605859949256414,-0.08754392118581587,-0.0983460709709253,0.13459831364087407,-0.2563600926361779,-0.33683965307697417,-0.2884175779896931,0.03585866738272483,0.07467094102316632,0.14595860629399562,0.1936784107798593,0.08104034812976177,0.04430562789290432,-0.29536290027112083,0.07592683428089414,-0.18600871665046514,-0.20920552479098317,-0.007916756342412554,-0.3262979789930654,-0.25848286007429666,-0.2871251415100424,0.059854423384327796,0.07436348875737947,0.18296134391025928,0.3409204887185774,0.044245038091599256,-0.16676130782605378,-0.2939072393203383,0.15698994320812745,-0.10484324681446931,-0.14163945038751058,-0.04408606028609508,-0.2624198471822413,-0.16842904554672614,-0.24535897231231787,0.10376878878892609,0.15564759526920852,0.17215379999671182,0.33509879006739474,-0.04382461344350754,-0.27127564251806646,-0.29365944184135845,-0.18574739945238955,0.0033369719247328972,0.024617514678586843,0.2116618762055866,-0.11856809573211384,-0.23327658884841,-0.28933368343225135,-0.01303836830027798,0.018795587549474496,0.029037496454234254,0.08822139847683348,-0.10707444477372022,-0.1665419208217753,-0.2618836726351251,0.0077340196995965395,-0.1134436811110704,-0.14929514512225425,-0.04953671307044268,-0.24147458640665365,-0.09281118079240486,-0.2582295021115246,0.09749203310886187,-0.026008476184144265,-0.02077000313342585,0.026523603789479534,-0.06103483574315282,-0.10289080750851154,-0.2757891428566989,-0.08783702992105002,-0.12327978416243372,-0.1643878512639337,-0.06668561276292459,-0.25464972640320743,-0.10961332435188503,-0.27502282571101144,0.02554147953369362,-0.11509088899215454,-0.0860096814575044,-0.035845754123109835,-0.13562277240208148,-0.10206269812755324,-0.26474494692324346,-0.03543539864473768,-0.041576384906232576,-0.04796904030189773,0.040538198897176705,-0.12802789735840572,-0.1257951067350402,-0.27502282571101144,-0.021060024218841317,0.09440682826453185,0.12496210857616047,0.17363384867661555,0.05800164136164227,-0.16283740674778685,-0.27502282571101144,-0.06352006646508482,0.05142906111850346,0.07817387054227011,0.09215174061897495,0.05186121619353826,0.10751050635994017,-0.27502282571101144,-0.021767543672392843,-0.08798939279775667,-0.1297521287732843,0.11142330140417836,-0.2119269182580985,-0.11828729890695384,-0.2978242982346914,0.05542305115872199,0.458017593449914,0.5776930633196413,1.0,-0.03926181215882263,-0.32330363384299404,-0.30692377594598835,0.06995671330619861,0.24908120191540534,0.2668279161268284,0.4321896283337384,-0.017495570367850932,-0.2258757110133285,-0.3119056813536994,-0.3178886983377185,0.26521327068618045,0.3447955759780218,0.5024039845950532,0.050387282505217075,-0.10366405279988164,-0.3128194970690137,0.056151931511717545
item_50960_max,0.02014106454083846,0.09625417096587421,-0.17138404227081905,0.23193193299139123,0.2817015822472835,0.197271946665809,0.09756277232360928,0.09765168680947904,0.10035830955325115,-0.31939429674147823,0.29742061282384924,0.4503933182747031,0.2035090016902668,0.2764179851545855,0.0915376845377033,0.11668291272120233,0.032249022115614,0.16267356695525634,0.19510731874721776,0.1983732150772887,0.15458020178433896,0.1115451371405544,0.14023003975998702,-0.19752249659592083,0.2750587804839257,0.3559090281465844,0.20381932282353715,0.20265071656620415,0.20864073609725495,0.2267555374375493,0.0758370435241021,0.29392500976081665,0.3416457320284059,0.19893147299944464,0.22251493752653445,-0.025340228138155618,0.0012841520367808275,-0.07681795937779066,0.09257545468512675,0.1747958238242615,0.12458858285219516,0.07588248840025061,-0.1253191223498719,-0.1976205858569799,-0.2746410737349386,-0.07743977503980529,0.01250251760222769,0.20615726699750173,0.2953807115529482,0.10114219902762699,0.17040153383136755,0.04132824495179809,0.23140199401748318,0.09840799639979506,0.19908177043436745,0.10176130220768005,-0.08211510994105654,-0.036252527951721035,-0.07529815766389317,0.051248342685606824,0.09511399342745147,0.13123839162248666,-0.059830012896074,-0.06037787620276165,-0.023877643256617148,-0.10232457810185809,0.07046305270496693,0.16172803489559948,0.13025967199485444,0.07695949606868195,0.029324098626869008,0.02723190073117022,-0.0025441204308836035,0.05786433964754461,0.05401050050786549,0.13304492485964076,-0.0007687557703673774,-0.06419012642123945,-0.03153494816763801,-0.09416983118700642,0.05145697533259236,0.14571978314513215,0.1329368073980339,0.05004809169514889,0.02059393128318768,0.06690982385078335,0.014632562101047592,0.11633347854513298,0.10925399865233028,0.13068943147050807,0.20799646639543146,-0.07970101015756073,-0.059692693984552826,-0.11020861703353994,-9.428311814323942e-05,0.0442642790546285,0.1329368073980339,-0.019145779486987553,0.07261233352083275,0.06481377465089934,0.019799611798521157,0.0969621668403598,0.08961654385472897,0.1329368073980339,-0.07736874353768969,0.015886617154190687,0.016288541234039458,-0.0075280880959109515,0.03724296722431122,0.01298436408787518,0.1329368073980339,-0.15325019242733573,-0.1287033936475353,-0.004186620695673089,-0.18465735245049053,0.08638536662570123,0.018194642665879765,0.17915284281095376,-0.09328763046019713,0.3914780317236023,0.6551206581886309,-0.03926181215882263,1.0,0.9181408621494906,0.21113103441706546,0.3009781541653816,-0.14334472259834302,-0.08032446105860275,-0.25652306175176887,0.1721342329480225,0.28476439020830097,0.18929477865970376,0.07343711160583677,0.05674858784088499,0.05821677487201306,-0.08043378571455846,0.15587753537131765,0.1314075887563721,0.18824029442418697,0.12776780194916482
item_50960_std,-0.09742849049904037,0.003971704593682692,-0.15021384024636464,0.07395858147127997,0.27664807796896085,0.02758257670439228,0.12582541841523173,0.10626494420723186,0.12704978160054028,-0.2526849808045781,0.2528321201823992,0.4215512046406654,0.03666599384011043,0.27322628246226593,0.037252239588948646,0.0775477424110053,0.015252849670351952,0.10360398764765637,0.16767004867530005,0.031620221113618785,0.052445110309899706,0.15899629734174053,0.21979873280847545,-0.06124248188868179,0.27356264607505054,0.3455821136012007,0.0365791203386722,0.12046710512381237,0.1074428803906192,0.12206004746057668,-0.0228308253992925,0.1794255860172542,0.3250126275470248,0.031671713688330085,0.05382945604527529,0.06977466198149465,0.12616560461707693,0.08114972828940248,0.15306264605904157,0.17387903669688703,-0.028626986673412905,-0.08320109035637073,-0.16685578739832296,-0.28789441279906497,-0.26177896826241237,-0.22134827346754676,0.01982372069224802,0.045681994591192265,0.29150305819179617,0.08276745278173644,0.16812546086453928,0.11479027099077622,0.1651689668383968,0.16061585489723776,0.03805043700274758,0.06287566305453558,-0.020470443337365828,0.04977108277148565,0.05671410711340995,0.05375828854648749,0.04886549867811906,-0.015222327743661307,-0.1579302303217276,0.05816965128890943,0.10952630336889937,0.05894510154376746,0.14215537868200026,0.20740304383600716,-0.017972038183530825,-0.09085908764307997,-0.08059506369585921,-0.08583959515011132,-0.0908441337009627,-0.06613110312932236,0.0008140588929741198,-0.017198130103656707,-0.05482838438556968,0.05407054476189984,0.10186432687569652,0.0636561698987713,0.13070526164060595,0.1929205664612542,-0.016984707335979267,-0.009279978979015004,0.06967023220539353,0.1256531639787208,0.11295872878345349,0.13040601046982672,0.11974058571654844,-0.014621112462007228,0.2399331354919907,-0.027273379883537598,-0.03999087441188619,-0.03907743729709796,-0.02312545919224191,0.06147627177577654,-0.016984707335979267,-0.028894338461976258,-0.004023864640777737,-0.0011520676588913652,-0.02081715615505791,0.0028302122828851545,0.05570626432501218,-0.016984707335979267,-0.03997457310758125,-0.01727919012247045,-0.028923604570083743,-0.0260412519185656,-0.03120353322232079,-0.04768839113958667,-0.016984707335979267,-0.06972412921161576,-0.11939898363248029,0.006979041395155175,-0.05777854947895787,0.03418512140365714,0.03461527281353916,0.02018182619245808,-0.0872993691427931,0.27731914883936093,0.45694358295897736,-0.32330363384299404,0.9181408621494906,1.0,0.04329939158202434,0.4137134673017265,-0.19190889254266338,-0.12451660517165083,-0.2279789317258971,0.0482582411716174,0.24053927370689765,0.030610476681978326,0.13728831814793752,-0.0274838428328596,-0.03315553967782556,-0.09521634778923531,0.01249356784884656,0.10216514674810984,0.031465688568925954,0.12304218367716575
item_50960_count,0.08108472317713453,-0.0184528712069384,-0.47633128436234573,0.49501878651811454,0.34535255209125754,0.9905138889726594,0.07034684420487639,0.11048757314111253,0.08003801820675245,-0.29921187415453226,0.36060135794258114,0.3713308641211894,0.9915020418825304,0.1030118768088577,0.21300674867123293,0.13445136539043642,-0.029070246947839024,0.27686195975551303,0.28331696220850855,0.9965285063008394,0.32208887782099954,0.04894297284274474,-0.008972717048922182,-0.316734197755022,0.29387921016266716,0.2873101870093811,0.9912940028870545,0.19046116158755572,0.49269602700885895,0.38159889623976806,0.08393464188255106,0.5837439284686511,0.5500286120925121,0.9968284783385198,0.3523791935355973,-0.1760530463865691,-0.12127999463082123,-0.31899996779547746,0.191704869597666,0.3123974438876367,0.9052131245951947,0.1232383844758255,-0.15078857401452683,-0.1175923972342949,-0.5328469402985055,0.27556908089021975,0.45755721207054406,0.9920618299538673,0.3012276441709213,0.2397947195631716,0.26246709264704665,-0.15826043421753266,0.525538324751109,0.3289511121347755,0.9917418182283388,0.2509211706728323,-0.20197620015363346,-0.25868208077283833,-0.4318560300877584,0.18181789810419138,0.44346644209515584,0.9243619398314659,0.20657427480213433,-0.23547883663831262,-0.14353099074373096,-0.34904404319002125,0.14012204505622353,0.21157534287414806,0.9225796932593295,0.13626701750770548,0.2631060581486869,0.3002202250728988,0.15307070639398587,0.4749091979597022,0.5895033068836727,0.9233836595762727,0.2559738290971993,-0.20649212710849665,-0.12051939048591366,-0.30575011924362716,0.1344004231773229,0.2082717362734732,0.924047412928113,0.008978516312682943,-0.061372878605100725,-0.07014972309863986,-0.20425299578220846,0.12097657379880819,0.12672578796759706,0.923105602470271,0.062455948871397216,-0.1653040504567065,-0.023595492866922557,-0.277625269802253,0.20891184844348606,0.32715747162194314,0.924047412928113,-0.03717942346086667,0.12296160962357759,0.012762479371750618,-0.13813759669225217,0.18862570562653058,0.5689371158288409,0.924047412928113,-0.04475206815905511,0.017164262624193818,-0.003675137054320129,-0.09381015233821022,0.0928897963549779,0.13216701288338373,0.924047412928113,-0.13351384723468698,0.04863789863942904,0.08561654744285933,-0.32804808592677226,0.28242177346326985,0.06713770045508335,0.9911882792847898,0.00934148313912206,0.03823317485713679,0.11997274106277984,-0.30692377594598835,0.21113103441706546,0.04329939158202434,1.0,-0.05764551778392054,-0.10323063580738916,-0.09016691083616746,-0.47283224456923645,0.42130865114823685,0.39066731002195404,0.9956756534422658,0.11338587090843866,0.20972513536828896,0.1319326054108668,-0.3142995887226889,0.6038850928068061,0.5795667180734904,0.9950053173751924,-0.014568876790124903
item_50960_pct_abnormal,0.09989325837624936,0.23149012790876425,0.1329114472994477,0.17068284954775098,0.17929400555268796,-0.04938079749397162,0.10544208870916418,-0.06568281977944762,-0.04752749805052921,-0.05734175687964569,-0.03941023015958457,-0.052850424321638736,-0.04981613198085788,0.07597890347330001,0.13302743702326003,0.15159403086726478,0.09435751845572475,0.16724085107948466,0.20038367901533377,-0.048954635493122685,0.09771716968710294,-0.08233250908137688,-0.04880360643384113,-0.04616435145328762,-0.04097243531060454,-0.07767523430740275,-0.048868128151934864,0.12893397872121357,0.2113394672120994,0.21387219161452947,0.14253521518001888,0.22032770982346322,0.25189900388290776,-0.04915750283823965,0.10002406612326929,0.05630718447039602,0.06464142091282526,0.03231091139578291,0.07878769570002725,-0.011441546221956877,-0.035699082625019384,-0.010738709804914053,-0.08988618283471034,-0.14567460213377678,-0.11190591890994785,-0.14171532294082,-0.10610345500448465,-0.042783661705537816,0.11875699268297363,0.17119324350185375,0.23442944579778194,0.19382517853164086,0.18933269165574648,0.1188271458337414,-0.04426756219676183,0.19334680198619364,-0.1516927553081,-0.14959118255308781,-0.12921037136705957,-0.14391924121611785,-0.09205942727920127,-0.049024399201378015,0.030741056112548126,0.07863295995886328,0.0783274587863869,0.041188592714603366,0.08971894076114617,0.053865956820316495,-0.043128307463183004,-0.007987547787044497,0.01666574279484179,0.045938403031589616,0.05038208466231346,0.03653344148556149,-0.04947853737682009,-0.048977998507920575,0.07389609271229733,0.07109906447654517,0.05333698197328959,0.0337006510151903,0.05747155035018549,-0.0027080405554759054,-0.04884567219962465,0.04430765054366996,0.17334952099840636,0.17184686710010635,0.15673354162168834,0.17867768918732443,0.10823111369442176,-0.0470594276789651,0.20540890253905442,0.05556015198939335,0.08679516516808831,0.07557760524359863,0.08524412371800208,-0.016819318336236403,-0.04884567219962465,-0.04381245794997945,-0.030988664539474627,-0.026088036186351242,-0.04484439214935729,-0.02464572310045975,0.03662813560074718,-0.04884567219962465,-0.04476643225726915,0.006362117839808895,0.024433192174127986,0.02012858194868644,0.024682047793171617,-0.026249474945051417,-0.04884567219962465,-0.06361101685665041,-0.00015079281591875694,0.0832799769879577,0.09462870564409162,0.023623603506476,0.0010650774415253928,-0.049091531763519616,0.04620180006372447,0.41378436966399973,0.3958325701348908,0.06995671330619861,0.3009781541653816,0.4137134673017265,-0.05764551778392054,1.0,-0.08463689132645288,-0.02955988130336619,-0.09478210595829716,-0.011986104490132033,0.10094824911396069,-0.05496423909551734,0.06225416540344031,0.2893092189457435,0.3188863667267448,0.2832505112396461,0.2144405195235111,0.10857513729846983,-0.054663282562886266,0.21986987017006382
item_50893_last,0.10714135409951557,-0.014725919926501642,0.0865442626172704,-0.07745328346685401,-0.09208266333520307,-0.08244545637693806,-0.1116606282981386,0.08373497763388667,0.08374792788076015,0.17949662627947122,-0.007062872354329962,-0.1563376220590167,-0.08089994149326364,0.02380289631755467,-0.0059218695644631175,-0.002091944951030006,0.04083544748894285,-0.043153994934369055,-0.09291196054236432,-0.09427603254745354,0.05803900431416498,-0.1287736830825572,-0.1683909817267147,-0.03982383659285329,-0.1997077928619035,-0.1788970758060615,-0.07969671844974373,-0.021231274968173015,0.06850608999563586,0.09309577089341607,0.19327169439606512,0.023249910075774073,-0.09348322472127134,-0.0942827601578034,0.07404271660339387,0.18381778874034704,0.24333482224664355,0.29393242597118774,0.13206438580399382,-0.24539932862543265,-0.1467556117880375,-0.23783604978428938,0.15058891758012555,0.2575542603965798,0.28321533530670817,0.12547023782329186,-0.1057082703234455,-0.09032115437574152,-0.31395241769431814,0.16327187000088164,0.12963850284842718,0.2603375775711068,0.0038970581764848876,-0.169885245465827,-0.09046225321086429,-0.10032851010679186,0.19016999582142832,0.19758292180523834,0.22329363262064836,0.13493488432969444,-0.011798573652493068,-0.13712416453811876,-0.029282911705875814,0.16726232666129726,0.23689965125084816,0.2964212734758361,0.12665268972330748,-0.26858398769382913,-0.13683119317053719,-0.15414391477221137,0.001296180290529828,0.005329035674990524,0.053822705210561976,-0.01999098380962008,-0.14207594518803093,-0.16499761125805434,-0.09715124957334,0.20066898847790213,0.2589311478785915,0.30413686142120844,0.1684917279772117,-0.21511471270765528,-0.16356019345787648,-0.24978723596898667,-0.17316910162477728,-0.16308169487131896,-0.10742837260790257,-0.20447351466241026,-0.21860137518554665,-0.14726513436131264,-0.0459166805402153,-0.062427883754586994,-0.005583855353817595,0.057802828230100585,-0.061773065818605186,-0.15872128847235492,-0.16356019345787648,-0.05177115810163761,-0.041970066428693206,-0.060920221421807794,-0.008851890350970953,-0.11838170157843646,-0.31163315628085014,-0.16356019345787648,-0.049032454634322,-0.055590552558183556,-0.04071697020569837,-0.020766945891258284,-0.05741686718590974,-0.013259300072188687,-0.16356019345787648,0.07995959722214144,-0.028710425072984724,-0.09036401561675249,0.03724552348317559,-0.17444922852909756,-0.13527594827429057,-0.08854915799347308,-0.012820632400342242,0.16265749495202061,0.06380622581613274,0.24908120191540534,-0.14334472259834302,-0.19190889254266338,-0.10323063580738916,-0.08463689132645288,1.0,0.8812977632198642,0.649528835918814,0.6198148993026824,-0.19268577984860885,-0.0987004588843681,-0.780045437582142,0.16200375491497973,0.13839778690722415,0.1402386817687175,0.04741506231767047,0.057857366098380957,-0.10226901821163026,-0.05343267535460214
item_50893_mean,0.04142256171472623,0.05058840290607082,0.1621009981306601,-0.05347695275214468,-0.12226552111925217,-0.0650327902371269,-0.16874004233690285,0.10851877104578324,0.07465875904600272,0.19182190540637403,-0.034597440168788296,-0.17552654862015382,-0.06454773094326977,0.044571526812608474,0.0047222571770130116,0.036849865112765924,0.07806871559366932,0.0015521616801366144,-0.029008269320234457,-0.0827837787025923,0.06738691217053916,-0.10573954444085916,-0.17387690990971608,-0.016157320499091448,-0.21602469863967266,-0.19884279858197337,-0.06309804413143032,0.005362312999869086,0.06835112886144,0.08699113323348123,0.18022404275230675,0.03359229172432817,-0.04716615955531226,-0.08273989541085967,0.07028862374648048,0.0928746094642358,0.18261281659036058,0.22231665176215035,0.09131083896856557,-0.18408711896975802,-0.1132047564703206,-0.16214583566428248,0.1177407801707195,0.18213594394028332,0.24483560541584945,0.026958797590332963,-0.14832943794125067,-0.07125247184109793,-0.2486523754943988,0.17768603969358826,0.22800428298937508,0.35538611703816336,0.09005140451388648,-0.09514258793598776,-0.07005335984436707,-0.01143233167648661,0.19286272011874409,0.22377299453414468,0.25098597619196616,0.1573543597106421,-0.027490228081799413,-0.10804463159279004,-0.03501344782017439,0.09530870090329618,0.186413977834772,0.23343302518340692,0.08166318257547941,-0.22404577424172972,-0.1046514797412337,-0.11153685268499518,-0.005094915877583895,0.008767278818327355,0.04469488089622979,0.011371681769091634,-0.06495676530488291,-0.1460201678578109,-0.05976335859513163,0.10807615036111894,0.18295212821809723,0.22307231158692822,0.09769128296692431,-0.17187639285882608,-0.14338219420404616,-0.20240005463711366,-0.12539523670831676,-0.1039180806915881,-0.05696994652288422,-0.16203545626833354,-0.1812595763009939,-0.11480546478603096,-0.04808666337652359,-0.03529279403100915,0.01755021535542551,0.06314443463194247,-0.03237023375149526,-0.11702171633970937,-0.14338219420404616,-0.011331599153271954,-0.002764674250786312,-0.014596607544851467,0.025444492471136892,-0.06423675533267265,-0.2461659613890156,-0.14338219420404616,-0.022588564265142608,-0.014640573405327631,0.00613910881296565,0.02298551626606278,-0.00878608757971066,-0.001493938463192917,-0.14338219420404616,0.09071478038717605,-0.05169461923160862,-0.11082420103348795,0.039545471477657274,-0.20426989774261042,-0.148070177432296,-0.07132010491067609,-0.04698884742281193,0.15846873931626201,0.10030558428600893,0.2668279161268284,-0.08032446105860275,-0.12451660517165083,-0.09016691083616746,-0.02955988130336619,0.8812977632198642,1.0,0.7357520125844743,0.7562850959520112,-0.11469742236866912,-0.08917860624468774,-0.8638077587088399,0.15666333442027006,0.1722693774306977,0.187870114053261,0.08378073323584061,0.0630601898171767,-0.09246897818319927,-0.04831478462855677
item_50893_min,-0.05022302385865911,-0.01635239310039751,0.30357504406205216,-0.32054837870454006,-0.311194950467192,-0.4477960746029133,-0.15458512440256522,-0.11080798412398628,-0.11435460170273185,0.24385737561028434,-0.359175837274887,-0.430357821357269,-0.4527594614719682,-0.12662656602519543,-0.19791185002577463,-0.11285708460651132,0.04940905178780673,-0.22712586305893753,-0.3116779862906144,-0.47143923359992496,-0.16800746015727305,-0.18277083908475303,-0.1992325608017838,0.12261832124112433,-0.43956940822579854,-0.4438383500072653,-0.45167899136400547,-0.17372977805400958,-0.2679031172691529,-0.18162761229182353,0.07881762542875687,-0.3253142568852207,-0.46878435107153826,-0.47181206569865275,-0.18279427759295253,-0.02672065441559713,0.015038398054586058,0.15116294003477168,-0.1703146501017963,-0.23715264897319271,-0.41806782841735796,-0.0659852988630078,0.19303247287076605,0.23031417452767405,0.5169378115932444,-0.07086357412959507,-0.3336003434164167,-0.4613087913624089,-0.3375600924025443,-0.09510742216616408,-0.07794366762691392,0.23269423848650622,-0.26556288907532904,-0.25130292457165193,-0.4555538266051979,-0.16848573467080782,0.23255669557832573,0.2732355747960543,0.3597392731445521,0.04098353762319466,-0.18095022956239795,-0.43363000517070915,-0.0702297966736879,0.014476482726614583,0.04855772888190377,0.18979495792103446,-0.13342986175415023,-0.21395481004510258,-0.43033248207451863,-0.0422458413518812,-0.12960097747210664,-0.13712795718648874,-0.07138039170480413,-0.18149473960603227,-0.17001056071687537,-0.4644501034923947,-0.13278158153139424,0.010081340138039772,0.03689915798780427,0.16287500615476402,-0.12444370998613674,-0.1819007989406628,-0.46250852545425436,-0.034754738132210444,-0.09175260777725065,-0.08001360835846931,0.024915804122810005,-0.1961226520870838,-0.2187066228782867,-0.4384515385118871,-0.1271852841327399,0.07459192677611894,0.0582119365607112,0.18580942352856236,-0.07465998130154453,-0.16396240936064674,-0.46250852545425436,-0.0712715258480912,-0.047778080041071216,-0.02033378180625872,0.06745462025332828,-0.12046167597257496,-0.33671300508467034,-0.46250852545425436,0.017315454899314985,0.0027500583482980836,0.020893117688832234,0.06652466866582145,-0.030564004909751908,-0.015740493967072392,-0.46250852545425436,0.1578596761619947,-0.03742849105762057,-0.1813723231013792,0.25801041753852855,-0.32898184239748074,-0.20919028237043835,-0.46139782631546933,-0.03669142871585473,0.045664331515876656,-0.07814893465511405,0.4321896283337384,-0.25652306175176887,-0.2279789317258971,-0.47283224456923645,-0.09478210595829716,0.649528835918814,0.7357520125844743,1.0,0.243521476713677,-0.6674410115067893,-0.4753427873536839,-0.6131134388950223,-0.014246558339606143,0.02046012337750693,0.25446598090165307,-0.24127689872071947,-0.21172494266260686,-0.47657703403216034,-0.04013616850449378
item_50893_max,0.1232329182728116,0.07960264616075813,-0.12568532120558057,0.3135790891818762,0.1863675129220183,0.4475170356334813,-0.0679530354195703,0.16775991322232198,0.13714398822839474,-0.04566068084872674,0.23912466431822768,0.1528579721982049,0.44966150226106827,0.14459500101992961,0.16606179509673424,0.16228041717656638,0.06850691904151707,0.22695988189932442,0.2501350906922341,0.4258061521386001,0.2296108690195541,-0.048375369807069975,-0.10900480460311202,-0.2183599018337216,0.04829513042025934,0.10522555543635005,0.4506392470904064,0.15528612632537195,0.284586545180272,0.2680553161918203,0.15505698132861268,0.3309940173846515,0.3017756969171837,0.42610170665691977,0.24233452298459815,0.04534406167169002,0.11244051010036846,0.048176358317077804,0.1867306891903627,-0.038821256668158804,0.3131687985778271,-0.04589412902431018,-0.03246580900075376,0.013035005902917656,-0.15825317009841874,0.11511220019360571,0.12115394908603921,0.44295992264625395,0.040282000770682135,0.33673797520619725,0.4123005686857699,0.2582620049318937,0.4335080973229056,0.15975860413281248,0.44270462649652637,0.1876585418062326,0.03640826715715043,0.033853981561152026,-0.03394005602795366,0.18527240166817313,0.1848554085465277,0.34527489448908766,0.04462672709363876,0.018051696604751078,0.1068758009383638,0.04511991399633741,0.15532113656456048,-0.1271555385501447,0.3387318967370329,-0.0009602129468380757,0.1682605702761945,0.18707602442988142,0.15617966053337476,0.2272374394309395,0.09763022727902768,0.32223085947281804,0.10590871191839173,0.051550654055063934,0.13086875396276498,0.06785750948596635,0.18272744405224584,-0.0785007073367559,0.3232488908965893,-0.13707893756667763,-0.10189732651052168,-0.10729612361170093,-0.1555671579720456,-0.05840375651176993,-0.06516284849014073,0.3310698345865746,0.01826079903567061,-0.07623234862199585,0.019000586801294777,-0.08727665181625434,0.09871951742992195,0.08708448164197605,0.3232488908965893,0.011272529449274109,0.009538481949556865,-0.04615326515223892,-0.08553066177137478,0.0016924033080402267,0.03750336319414687,0.3232488908965893,-0.045061518390356325,-0.02416890130956754,-0.021434118126946695,-0.049196716101200605,0.015370120381324669,0.027940798743891444,0.3232488908965893,-0.028562169609497246,-0.007129058274272854,-0.00916043691022496,-0.18779787384156563,0.04679477322509542,-0.026176938632514066,0.4420471181440197,-0.06682960777583928,0.15314858425344963,0.19200099992199865,-0.017495570367850932,0.1721342329480225,0.0482582411716174,0.42130865114823685,-0.011986104490132033,0.6198148993026824,0.7562850959520112,0.243521476713677,1.0,0.3834927054424456,0.4190320953068832,-0.6361050174689119,0.23057632533385208,0.24153043501273994,0.016422937634952915,0.44063893453239156,0.335357137644371,0.4153873095917417,-0.005922566024486512
item_50893_std,0.1196458007378689,0.1889133732123136,-0.10356177218383125,0.38863927402054876,0.3909316499875472,0.39138355022653504,0.055445516609887835,0.22860715405591883,0.20803381900696427,-0.13362607515475658,0.37533362494532235,0.4062396859334302,0.3980484722019956,0.321952035933477,0.3192386821589842,0.2739567222867131,0.08345423678038667,0.376754127445101,0.4834028086935675,0.39884020804272846,0.30188302992314814,0.11895603799304039,0.09525787225776397,-0.18213843171835645,0.33834655028359717,0.5079596066135635,0.3978890727265269,0.2750881202239076,0.38602740794313944,0.34723307399805814,0.09792000459845897,0.44701685253145423,0.5632221986066164,0.4002998584853679,0.2592543484133499,0.07268720506300348,0.10499447088086367,0.031169056660813484,0.1971793169855239,0.13751259454492995,0.28250239703915736,-0.018038623312250906,-0.14358175043294444,-0.1822576898891319,-0.4192783769621403,0.019837174065346054,0.3006981016366439,0.40397098095893297,0.2647780751583115,0.30515105333450976,0.3953400053022856,0.152759308912963,0.44790083106987183,0.3381150406139295,0.3980973159868758,0.29113979338414403,-0.1609858386445088,-0.17636513096631157,-0.23127728930239128,0.0007024338401472435,0.1533553886674655,0.31639779982107785,0.06298868353708714,0.0558916835025554,0.08141855468299496,0.0047671406406467635,0.16429079943798758,0.10596936910778025,0.3085444606384987,0.004584865091039167,0.06369529967837487,0.08613965455419811,0.05165818021571182,0.12741318375630262,0.12224591371580396,0.3172039163303283,0.052577618723592214,0.07040190404837678,0.09822488142444584,0.031301124082587665,0.17001656607737592,0.09409346471335671,0.3168401076753054,-0.09272045320977305,-0.034876626681661096,-0.020946521019620377,-0.0920486618018592,0.06367611891115645,0.10597472297464673,0.3099704216069884,0.06958510734655513,-0.06308045280351562,-0.033162877480882244,-0.13870212390995174,0.06869820883504807,0.2625188934267872,0.3168401076753054,0.08040157382228225,0.04208926209398624,0.0017860220453079982,-0.06073465420135084,0.07113601403781603,0.2853926566467033,0.3168401076753054,0.01656079489032858,0.0014196493752864645,-0.020254167003349,-0.0496184613687692,0.02084984324401312,0.04837110084544453,0.3168401076753054,-0.11529206183687994,-0.036097525226504557,0.11845515900383691,-0.24537925766635765,0.18877249057110648,0.1863874129068462,0.39937970317196375,0.005789088237852367,0.008840739897137753,0.2835734558587423,-0.2258757110133285,0.28476439020830097,0.24053927370689765,0.39066731002195404,0.10094824911396069,-0.19268577984860885,-0.11469742236866912,-0.6674410115067893,0.3834927054424456,1.0,0.3903096791977983,-0.025558667043784542,0.21055679286538595,0.2639684255845097,0.08645400414645357,0.4066594299042168,0.3292180815500002,0.3891095351648296,0.07189921431018717
item_50893_count,0.0678999543014001,-0.014145310302911471,-0.46484183639261095,0.4863632096579748,0.3374211496529036,0.9833977500682825,0.07527932448705042,0.12130113302366793,0.08503895754245959,-0.28396995104706585,0.3577675836911207,0.3604316434599773,0.9846083622931326,0.1031834658007712,0.22401635710810927,0.14538451933121124,-0.02115508638566058,0.2892906641196779,0.2958117502223569,0.9953904986918466,0.3295570457616643,0.049341200284533725,-0.011034501548271151,-0.30284991261168825,0.2856776706735893,0.26921232394710165,0.9841355605567212,0.1878100461062356,0.49856606322037605,0.38833245489889995,0.08508893547765556,0.5921139380991993,0.5638515239845386,0.9955149852989796,0.3503982278083693,-0.1666582250596018,-0.11915656298266789,-0.30652857295768204,0.18425571916883293,0.2867203171745293,0.8958744086112392,0.1200730608328267,-0.15138032069259483,-0.12245893753378861,-0.530511779221143,0.2640983685435941,0.44886431325019727,0.9898553324743545,0.30448631625175304,0.24833087073906646,0.2761404416129911,-0.14620735596996903,0.5330704564492974,0.3349719653820106,0.989641640233162,0.2591223121168394,-0.19312114894562527,-0.24543289690701262,-0.4160304140625466,0.19352253648787623,0.4431850506958999,0.9185836940165829,0.19208791416435672,-0.23103622760748652,-0.14430281083877072,-0.34088990607563385,0.13154724753266658,0.18937954073636065,0.9175443880813934,0.1281327445403853,0.27274727550261274,0.309914956806145,0.16715119323617217,0.4805225967653483,0.5748111817390061,0.9198601429353027,0.2663744224953285,-0.19906986618853764,-0.11744965285019228,-0.2957894344133274,0.13229980209189532,0.1900432058176271,0.920471998145262,0.005348066036747667,-0.061807214322708255,-0.0731194226974362,-0.20700600738007524,0.1216376090442083,0.13436128448184242,0.9190204564119271,0.05513326494765325,-0.16937638769947047,-0.03305371248929351,-0.2807001451810415,0.19648206021640227,0.3071925641463918,0.920471998145262,-0.029970374683307075,0.11448150639508141,0.007368744122784771,-0.14093850824557808,0.17883427846674413,0.5502757157341263,0.920471998145262,-0.03136345268023451,0.008835540650093326,-0.0123401287962279,-0.10196921315931891,0.0843216345479153,0.1358500040554576,0.920471998145262,-0.1173626736648474,0.050777702691617285,0.08221543977123004,-0.32356321128491977,0.2683251804538394,0.054534115146351425,0.9900887071962942,0.0035084969546177584,0.034827282130831194,0.10376553036575321,-0.3119056813536994,0.18929477865970376,0.030610476681978326,0.9956756534422658,-0.05496423909551734,-0.0987004588843681,-0.08917860624468774,-0.4753427873536839,0.4190320953068832,0.3903096791977983,1.0,0.10979719127309782,0.22446504585971633,0.14967045576031895,-0.30039287928801933,0.6165491448040216,0.5848262500400349,0.9992417840765098,-0.026222686448971
item_50893_pct_abnormal,-0.03589282189550668,-0.07754959636199678,-0.19090245933790578,0.062280315550911985,0.0951133476590274,0.09557166215731598,0.2137108689073451,-0.0918756319916875,-0.07038710105625978,-0.19352735308602528,0.04070098588139414,0.17084153165921506,0.09543192886399973,-0.08740853579016679,-0.007942544006503186,-0.023380540469539187,-0.06243197942856194,0.009212713947625446,0.019982324054428992,0.10465938219783776,-0.07382840453777575,0.09119328563289741,0.1436997542206173,-0.0005908188079128591,0.19075111056770208,0.13534149005883503,0.09372159138808774,-0.010498090181442645,-0.09821686503585533,-0.11387848085251337,-0.19922247425543466,-0.05202093439053254,0.0024439192457093475,0.1045662433506184,-0.09703418904926704,-0.17222546449071488,-0.248070861683876,-0.2971670131806844,-0.13789649680283375,0.14745801625680904,0.16190492501696177,0.24706939617299184,-0.10060703337332647,-0.1686089508992779,-0.23443928228756256,-0.012922621994647639,0.13921738204554013,0.09474267167306047,0.2710054355775207,-0.15280819259782266,-0.18022743128020774,-0.3161181736585839,-0.03593884092484217,0.11108688504061909,0.09419671008522426,0.06926275611360336,-0.19359031841711996,-0.2234621018061833,-0.25744741013772166,-0.1440764850541841,0.015436972378279056,0.14628665096484908,0.08821737871700659,-0.18221278455199919,-0.25405556055478473,-0.310919393965739,-0.1349762909713319,0.19273142960266276,0.14490061780913974,0.19574154701337493,0.05865786106645251,0.046310624027295216,0.003290220535159029,0.057713682005121524,0.09973714831755359,0.17706517490098256,0.11334200914869648,-0.16274403986099162,-0.2142570693202221,-0.27267518849141287,-0.11360264239409901,0.15854107049212296,0.17520223455095202,0.2545029652856736,0.10855893249278475,0.08357957043453025,0.024943424334281383,0.14606592908899438,0.16772783658828733,0.1543948699039464,0.07662942041474255,0.013026053797620018,-0.04586212957003992,-0.114635212370865,0.028860504725593282,0.14712818889735335,0.17520223455095202,0.05392652781818314,-0.052206376023017975,-0.04100407282240872,-0.08789044205324349,0.017540931839279895,0.2189425399628158,0.17520223455095202,0.09726499639825464,-0.04068968932753014,-0.06798878378680465,-0.09251276629348075,-0.04244942353091186,-0.0245582174272675,0.17520223455095202,-0.08725773625347968,0.04279453031503631,0.09745219439962922,-0.03406126055526825,0.158807459637772,0.08190891540440201,0.0947874316500051,0.03480526940092492,-0.18772103885298044,-0.13711681858950434,-0.3178886983377185,0.07343711160583677,0.13728831814793752,0.11338587090843866,0.06225416540344031,-0.780045437582142,-0.8638077587088399,-0.6131134388950223,-0.6361050174689119,-0.025558667043784542,0.10979719127309782,1.0,-0.10937692206952125,-0.1287910957691715,-0.18234092297928048,-0.026162819552353472,-0.03603842695912617,0.11176493440342349,0.02958445585055448
item_50970_last,0.35967854523685383,0.36808417453938064,0.20714731714447882,0.39030252565621476,0.24918060164904202,0.21393059967281947,0.20471147510668286,-0.14586858269184116,-0.15869873618675315,-0.11766290055516603,-0.11177051341688375,-0.11635612322467416,0.21048394716504373,0.27067427387214543,0.6562934718229683,0.5983041913867753,0.5267107810910274,0.6070429636804388,0.4604251121758246,0.22031371275316827,0.5021062672461583,-0.35993961598104646,-0.41892626154350027,-0.3284978601230371,-0.345129306485581,-0.1765547781859118,0.21006081281528513,0.26113320102444404,0.6518770863773404,0.6356325645872988,0.5518125597261926,0.6248645856826964,0.4535748165901755,0.222820407995904,0.4503630687043897,-0.03862528660293165,-0.049552326995948276,-0.08430098237118903,-0.002768595611494521,0.015926857969964663,0.23787087682713862,-0.02199372856542381,-0.2782417212905856,-0.13923509479996757,-0.16180028777062064,-0.05624710047334086,0.006366029083342632,0.22304698618923866,0.18984214196719387,0.6564000110052448,0.612093501665335,0.5050104652974078,0.5338577295761205,0.18463688471647843,0.22521820999906214,0.5479816331820366,-0.1533724712869127,-0.21535971203293977,-0.2118032735809854,-0.12267233799806627,-0.03670032423312955,0.25494251108560534,0.1902393439519799,-0.11159156851530028,-0.0919061079136101,-0.13473625877456905,-0.06262040140625388,-0.006607716958881699,0.2703422345427394,0.0403895715159808,0.28177911839305875,0.32041941465292706,0.2989208055508604,0.3857391587552563,0.2958442520361518,0.224967460684409,0.18313288108079057,-0.050108379326619316,-0.04022503055854984,-0.07906046789871318,-0.012506480797519814,-0.014469779058658146,0.22804859071698813,-0.06438277989846689,-0.03902935491322754,0.005368091194267587,-0.0441627605408419,0.05158340086945635,0.08094746620121106,0.25807526524377833,0.09415165192989654,-0.17012951541154475,-0.10677983565262912,-0.15753262573709154,-0.053646681015546926,-0.02785092648882472,0.22804859071698813,0.007337811781067328,0.06790872772830213,0.027333034332274676,-0.01913442984028364,0.0852315073872062,0.2631584328171918,0.22804859071698813,0.041930557709377765,-0.03355311493260863,-0.028952321472437054,-0.05257864221139671,0.0022294369943262784,0.0641573500463151,0.22804859071698813,0.025403912099638395,0.0572394312162889,0.04678666906494546,0.026127502074762627,0.04094525338700447,-0.021736787554328556,0.22571008188835728,-0.023102148215739093,0.2612539016390863,0.2970459543641571,0.26521327068618045,0.05674858784088499,-0.0274838428328596,0.20972513536828896,0.2893092189457435,0.16200375491497973,0.15666333442027006,-0.014246558339606143,0.23057632533385208,0.21055679286538595,0.22446504585971633,-0.10937692206952125,1.0,0.8821204082019447,0.6781825236703144,0.7705538265289699,0.4382452146486425,0.22813752643841156,0.11231528471012146
item_50970_mean,0.3759201544496468,0.513384147954686,0.33725520002349896,0.439475509768266,0.30407132755290434,0.1324796712580927,0.21129899040957137,-0.08107255149611298,-0.1254812557382082,-0.1051708111080253,-0.08636367498502437,-0.05115367241347223,0.12898313079009782,0.285779704723279,0.6589655594524201,0.6780282164858876,0.6110421959485185,0.6681107309786678,0.5201189108288236,0.14295106812936587,0.5187898108146809,-0.3281020286847202,-0.3850297923064276,-0.29918059066314684,-0.3328164613261726,-0.1404836793722263,0.12921364046694336,0.25244367058108413,0.5639836996694386,0.6424016798252233,0.5754006072883119,0.5918665501619754,0.4420530914925368,0.14408330918706125,0.4811741172192373,-0.02091315857577193,-0.04609196911834766,-0.04949513364485213,-0.03280349272068333,-0.014466595158211875,0.1123839239803268,0.003824936433586964,-0.14761202796931183,-0.13662903558848055,-0.12522653053389887,-0.1012754364398303,-0.009024826628613132,0.138258889545857,0.15792045214540246,0.5430172443331669,0.6195092387578316,0.5335713208138227,0.5074437297247865,0.19482759676990005,0.14046714013665745,0.5600616660701546,-0.195890915260896,-0.2028077437287908,-0.19534450921847146,-0.1470682459148897,-0.027403257567565256,0.13834033655761863,0.16600955275423343,-0.07371699700460435,-0.09078254799079902,-0.09449106993959705,-0.0814995977483387,-0.036001324487750376,0.14841357897307564,0.041138887654213016,0.2357893179541862,0.2634552923755647,0.25852753592030947,0.2683289735069851,0.1435127875597358,0.13702620371937818,0.16037462473743924,-0.0482982647304652,-0.07075814704520478,-0.07381011444113805,-0.06023076008077067,-0.036345158560951614,0.137597898075772,-0.03170156637540277,-0.055172771528909925,-0.020623401614814102,-0.04698562853157253,0.034229687875409434,0.07530001214051657,0.14236204100767252,0.0657896986677645,-0.14171205930739741,-0.13438032710989825,-0.1480868119856302,-0.11688349632685571,-0.07950557511357699,0.137597898075772,0.033968830119521176,0.12581910657029433,0.12278145043237226,0.09367538932391986,0.14990562407618369,0.1939996313897834,0.137597898075772,0.04223420575202177,0.028023848259153203,0.029656236421738022,0.014204630060053871,0.046069467950106885,0.06605603977066885,0.137597898075772,0.031496494876610666,-0.028025892407618547,0.032205756027284316,0.0295001972972729,-0.003479074950827178,-0.014487381963016056,0.13897244790603192,-0.02500966212967391,0.25874540363011095,0.3504911248725458,0.3447955759780218,0.05821677487201306,-0.03315553967782556,0.1319326054108668,0.3188863667267448,0.13839778690722415,0.1722693774306977,0.02046012337750693,0.24153043501273994,0.2639684255845097,0.14967045576031895,-0.1287910957691715,0.8821204082019447,1.0,0.8323543938385831,0.7916433645442045,0.41048104369627936,0.14881476724189321,0.1496220938390537
item_50970_min,0.2759514906236839,0.43989845772275965,0.5284672863074906,0.15593166683273993,0.12518323503562898,-0.3037736058989711,0.13413975366007538,-0.08086982554445174,-0.1040602888037757,0.10021671972754242,-0.21166398889701235,-0.17526225212966173,-0.3074462084178494,0.19182233639346527,0.4929038895108407,0.5406229957048679,0.5797069565207617,0.45514984969369904,0.3248697645201178,-0.30032923692670976,0.3059389458494881,-0.2539417455701617,-0.2685574818703292,-0.025727822892232705,-0.39350632215943016,-0.2677916594660898,-0.30698257206255974,0.14829301936613126,0.26140490482570977,0.3864061883406583,0.5048608431374167,0.23296133753906642,0.09781430114792562,-0.3000670398885032,0.2629563512635481,-0.006902979741239324,-0.04645470902522984,0.052757023984343274,-0.16601663249873674,-0.09315725809176656,-0.26588013034409386,-0.020622444861366773,-0.08009300594614278,-0.09677846345818958,0.13231005928217407,-0.27523001746038345,-0.22704278031081984,-0.3000713636609444,0.001907561298874067,0.3543626188691554,0.4144646614157842,0.5737849641364914,0.1743641228042798,-0.0030736709854436496,-0.2971400447462278,0.3586838938899614,-0.13693265633788923,-0.08390967602879641,0.008577127583714827,-0.2279413655703869,-0.20862166378686453,-0.2553242522052346,0.13325425561786702,-0.01092602769270097,-0.0694536060355518,0.03197261905841641,-0.17368744236474473,-0.04762089508211348,-0.24686923741930636,-0.0015282751751749272,0.1003633137011921,0.10455028976983134,0.1612020724024475,0.028014673999321435,-0.09543485899691921,-0.249745571464611,0.031725003413614686,-0.013550600002205523,-0.07227265354487385,0.02335231732564066,-0.168313363930473,-0.054524773549571345,-0.24996984348741727,0.0040697698816687024,-0.03997764262782123,-0.010280073802340884,0.03191442459512965,-0.06851782419737205,-0.015557566127519276,-0.2501784152292122,-0.028417641513859223,-0.029439464892945768,-0.10886510664789827,0.002452848192781732,-0.197845519393032,-0.1692183874149521,-0.24996984348741727,-0.002350828455241609,0.06854699437804446,0.1273864193816714,0.1717101885864833,0.0645067729809247,-0.06516400042581928,-0.24996984348741727,0.07111548576541736,0.037830535687738136,0.047864205319965526,0.07362199175176243,0.015613431547835368,0.055634542605710366,-0.24996984348741727,0.10316917273970073,-0.0690388337607961,-0.06775194402025327,0.2176047410289429,-0.2191816716540532,-0.10691646036313336,-0.3017939779566594,-2.8723143611851384e-05,0.19069602512034112,0.2502010802623611,0.5024039845950532,-0.08043378571455846,-0.09521634778923531,-0.3142995887226889,0.2832505112396461,0.1402386817687175,0.187870114053261,0.25446598090165307,0.016422937634952915,0.08645400414645357,-0.30039287928801933,-0.18234092297928048,0.6781825236703144,0.8323543938385831,1.0,0.3783384334566002,-0.08543301801532065,-0.3014371400080508,0.13338620930878367
item_50970_max,0.32414553157066156,0.374162767836481,-0.00562193811874279,0.5887677742968965,0.3808948682789074,0.6129861851986619,0.20962774949727755,-0.054683809682983676,-0.10351478541001508,-0.27645471010791645,0.08243117932648948,0.13183322789285293,0.6104396435082198,0.2528404784458206,0.6257380792824427,0.5734482513795938,0.4134542578437082,0.6677973741105234,0.5767374601704135,0.6097324389525365,0.543916007500633,-0.2531783463513752,-0.32838545186708024,-0.43798788444613085,-0.11365140312403217,0.04941634931219085,0.6101676111901363,0.2769512351215977,0.699175159069891,0.6656319116626959,0.4297355286065732,0.761366773766515,0.654739278747451,0.6113565059570997,0.5265781104849243,-0.110039449335149,-0.09566104192312938,-0.20046399023630126,0.06321617215357213,0.08753495330362367,0.5443411125116324,0.07165597036909005,-0.2620684768895189,-0.22220423762420244,-0.411005101767275,0.021975479197008263,0.19499449224992782,0.6192165453199339,0.3072057539625648,0.5868677031653738,0.6454889492558423,0.330914522517407,0.7125266780237318,0.37044375868472595,0.6214876445005678,0.5848638118363294,-0.2559229210294182,-0.3202942982374578,-0.38868561719853106,-0.06890670321508195,0.14229798455849282,0.5854781563785623,0.23196270228278343,-0.17872383258029045,-0.12924346906401382,-0.2403709738585405,-0.001508405835892092,0.010504069187077778,0.5853506585537259,0.10139854742038813,0.33708008421437013,0.38021402094084794,0.2989846744091432,0.48633905363090896,0.4323403146694149,0.5636998186067702,0.2868477296908817,-0.13925010914144495,-0.1005737708189475,-0.20054383261351488,0.016759939237930968,0.0019609915535047655,0.5654571296055224,-0.01655409385544737,-0.02147953937391349,-0.015581681719489444,-0.12279385676503993,0.15170463077195356,0.19852917057574865,0.5788942485351596,0.14128674313797826,-0.1730801343701893,-0.0600006678303815,-0.22711425675673133,0.07785342938102328,0.13092528584559693,0.5654571296055224,-0.0019515547007492183,0.1393171614148725,0.05950030489692697,-0.04672702857905701,0.18561804885710348,0.47823541552646703,0.5654571296055224,0.0068337669828717595,0.02390935101522448,0.015785745169589954,-0.04312444356192252,0.08965756452632156,0.1253747944624443,0.5654571296055224,-0.04889923662979196,0.05081951828176384,0.13350791966461856,-0.1665117278856751,0.2660329382010608,0.13584057055052876,0.6214320211753189,-0.020514542690871784,0.2112831299231732,0.30026684193801567,0.050387282505217075,0.15587753537131765,0.01249356784884656,0.6038850928068061,0.2144405195235111,0.04741506231767047,0.08378073323584061,-0.24127689872071947,0.44063893453239156,0.4066594299042168,0.6165491448040216,-0.026162819552353472,0.7705538265289699,0.7916433645442045,0.3783384334566002,1.0,0.7731210106905441,0.617014407946334,0.1321061217541381
item_50970_std,0.18656516718013144,0.24372109718569196,-0.11611522494602022,0.4079479011517654,0.3272504476724855,0.5860489090020381,0.21997342672356435,-0.06268474237707211,-0.10078424083853715,-0.2964041061861803,0.059450257369485275,0.15687341339444064,0.583871280588908,0.26558424846810896,0.36909039444530356,0.2766724802328392,0.12318034855096952,0.3884904005936291,0.378374436845579,0.5809443414807781,0.3756827975506085,-0.182321379073496,-0.24351643234231013,-0.4079986908216419,-0.025599528628037996,0.17210184680383306,0.5833311180109467,0.16727708258169505,0.576942702913589,0.4986585216530532,0.24285360782265092,0.616341902054654,0.5691415822392302,0.5832274143464518,0.3334877880906233,-0.04440997530090134,0.030891376828792096,-0.08445377911246967,0.1603875702025801,0.12764286448919596,0.4957295416737197,-0.011399634333408027,-0.19482859656806267,-0.16421213701443252,-0.3516859868430867,0.07577180839979979,0.23331566542601404,0.5866213509219609,0.19736780525353992,0.3993506112442828,0.4422496012128699,0.1673838864982633,0.5172776025125349,0.3155170277490212,0.5878234213209534,0.3452557356531746,-0.16050853404385124,-0.27938263448169404,-0.3579265684478393,0.005217034249345721,0.20112770058201304,0.5287380810030476,0.16306330481382053,-0.07352856650756379,0.04051630134801938,-0.08230312335996173,0.1476714344841489,0.09931894129357625,0.5209884156377929,0.0016673236827076919,0.0673922278324251,0.11524845865287635,0.028165661194016763,0.26706868698257086,0.4109594642240407,0.4925265726847092,0.11057008265765206,-0.0562860561202684,0.0344965666275317,-0.06960558976886903,0.12844131327661784,0.06574034212470356,0.4950727247955471,-0.0687147818815761,-0.001957439524274252,-0.0037160261942434593,-0.0921473252453495,0.1819263315340287,0.22433136598830564,0.5163681934640831,0.21372548340829173,-0.08513729789473765,0.08681615801093444,-0.09708542164360155,0.22249872589505512,0.3195450221956361,0.4950727247955471,-0.06296344019130487,0.10864614594301948,-0.01065045346123129,-0.11400420582278548,0.1208997635783094,0.4891046023228158,0.4950727247955471,-0.08016282864210234,0.04688370121262382,0.029383549577464058,-0.018733537972782276,0.09677910428978302,0.05778852100101256,0.4950727247955471,-0.09274644348296249,0.07880139105060731,0.1566075141881228,-0.15334204456105385,0.29962866195624377,0.20175807187149425,0.5892130961362672,0.07141060195324157,0.15672232968396227,0.22058875487786292,-0.10366405279988164,0.1314075887563721,0.10216514674810984,0.5795667180734904,0.10857513729846983,0.057857366098380957,0.0630601898171767,-0.21172494266260686,0.335357137644371,0.3292180815500002,0.5848262500400349,-0.03603842695912617,0.4382452146486425,0.41048104369627936,-0.08543301801532065,0.7731210106905441,1.0,0.5850007919980753,0.13409149009910362
item_50970_count,0.06710134751948534,-0.017017414700809603,-0.4664399515309393,0.48345543580375633,0.3352002391910262,0.9831798785866196,0.07837669826272302,0.11684423095309308,0.08136091096181233,-0.28420627921817676,0.35277333140160544,0.3558847731386056,0.984457837727778,0.10406378032419383,0.22449844186186385,0.14531852388016983,-0.021205777540370372,0.2890666412651055,0.2960087549026382,0.9952551103851609,0.32941706007967647,0.049488258019398476,-0.010241989838614438,-0.3038653102468342,0.285167866450473,0.2725157658755884,0.9838874201765493,0.1849240597344696,0.49950592174006936,0.3869693875901163,0.08378944710467043,0.5918286811261075,0.5650401113002516,0.9954168804222844,0.3473783950577529,-0.16343344306249563,-0.1202120799198025,-0.3075756345682994,0.1830511374783212,0.2885354050749111,0.8959248220482215,0.11903091450193547,-0.15924294970544633,-0.1287331408861945,-0.5377209516162638,0.2660110838378954,0.4595439671057211,0.9907401235774784,0.30960289755962667,0.2508559867747113,0.27608160010832167,-0.15032842502198193,0.534410763357129,0.3407308092524118,0.9905519909411824,0.26295688024295044,-0.1925829404439522,-0.2473248710795708,-0.4176722611363346,0.19042604747316477,0.4404440583032568,0.9200281601806161,0.19604619137797477,-0.22960636872133494,-0.1453083965983748,-0.3429335932652396,0.1298746019348231,0.1924124596886996,0.9188712994718804,0.1256973012386429,0.26845572848643223,0.3058086233236251,0.1628229094176513,0.47850174113522675,0.577656750111124,0.920317172284115,0.2626014461383078,-0.19887706694340127,-0.1199749332263298,-0.2987417567422655,0.12896787064203905,0.19257883867489042,0.9210114410876865,0.0041992674838917995,-0.060611924876338305,-0.07207489131979536,-0.2058176547246016,0.12133913258271838,0.13347683502759386,0.9204101538022467,0.055673826537793285,-0.17058206512831878,-0.031135734514729306,-0.28113352820847354,0.1984317288141784,0.3117251887581179,0.9210114410876865,-0.03003972395926884,0.11732851611756728,0.008700363933958658,-0.14025432300731155,0.18122483292768418,0.5578676424480042,0.9210114410876865,-0.033455570806425916,0.010181290927003801,-0.010452879747977893,-0.09984842009167158,0.08610023887365216,0.13456545101107176,0.9210114410876865,-0.11812453009821106,0.05120492471528586,0.08599777846510866,-0.32308049177093806,0.2799885123269429,0.06840135330109806,0.9912998811495064,0.0019421201747218159,0.03650925507386607,0.10259394266286563,-0.3128194970690137,0.18824029442418697,0.031465688568925954,0.9950053173751924,-0.054663282562886266,-0.10226901821163026,-0.09246897818319927,-0.47657703403216034,0.4153873095917417,0.3891095351648296,0.9992417840765098,0.11176493440342349,0.22813752643841156,0.14881476724189321,-0.3014371400080508,0.617014407946334,0.5850007919980753,1.0,-0.02347658408027867
item_50970_pct_abnormal,0.18977365130907495,0.17807846491622611,0.095088750627927,0.16340858291921567,0.24643587707143313,-0.006688931322055908,0.12467876445791351,0.028801867113202113,-0.00961762131809778,-0.039233002663676284,0.02232636960855633,0.05300279576268626,-0.009241451243141071,0.17563690819480612,0.2912151471425176,0.31420847960034914,0.29715021455603174,0.29186304579236994,0.23989837129616004,-0.015008213922456106,0.21150825554155897,0.09489976522318458,0.062461054819218,0.0030086364229986347,0.05222579695444393,0.07218794849396251,-0.007895089217877092,0.2216312110072321,0.195872699394346,0.23120130919821874,0.2253613865605697,0.19913312523683566,0.18197046926335272,-0.01573181281326454,0.2205265867765996,-0.06056419403900666,-0.05686744989348804,-0.07971682661956064,-0.029138360051835593,0.15399375021607484,-5.4366567420113826e-05,0.06922240991486464,-0.23061238221096603,-0.267752250941333,-0.2222693723070142,-0.21893032616289376,0.019290126228901448,-0.007978262504496387,0.2726597397162521,0.14528451518375204,0.19819515338945662,0.196665549474468,0.16052712045342762,0.07085971598976673,-0.008124727045419935,0.2627121787463072,-0.16898393538142983,-0.1785765288438336,-0.16037528176928872,-0.16244525743235935,-0.0914851491000906,0.012297811375155112,0.17547830174495024,-0.040009189939730176,-0.03161167002941319,-0.042908350945796606,-0.0287804725985446,0.022091182734689012,0.0039700713015742165,0.11646611636600498,-0.01237632258909792,-0.01113271820427706,-0.026973859466787063,-0.007643718417907844,0.055790881465160265,0.00458568553791459,-0.00604081901256238,-0.09762376325160402,-0.1082885430915671,-0.10217559389799244,-0.10913259365889579,-0.027167210016295233,0.004541089170039249,0.15640242065219861,-0.1330949278858761,-0.12665951808930362,-0.12703992117593493,-0.10499289832992294,-0.11227073541869223,0.00404004847358244,-0.011700823474927551,0.014687337534416159,0.10578837929203277,0.08187932509893989,0.10733995808440909,0.05675918891067199,0.004541089170039249,0.03613723227626863,0.1399271440278869,0.11940398268085121,0.10272110808630337,0.12411324429528954,0.14918157700583626,0.004541089170039249,-0.014603325589521099,0.12959833847075622,0.14851188250226727,0.15233953207664008,0.14562511272088302,-0.05215661312893715,0.004541089170039249,-0.0035351352391099077,-0.11899590126533265,-0.035430307695589615,-0.011344256033713324,0.027794346162824744,0.00843008913855282,-0.007752611190594201,-0.022166593918138102,0.12926512080309716,0.14728006043147845,0.056151931511717545,0.12776780194916482,0.12304218367716575,-0.014568876790124903,0.21986987017006382,-0.05343267535460214,-0.04831478462855677,-0.04013616850449378,-0.005922566024486512,0.07189921431018717,-0.026222686448971,0.02958445585055448,0.11231528471012146,0.1496220938390537,0.13338620930878367,0.1321061217541381,0.13409149009910362,-0.02347658408027867,1.0
